:020000041004E6
:1000000000600020890B0410A90A0410B30A041030
:10001000AA5555AA000000000000000000000000E2
:10002000000000000000000000000000BD0A0410F5
:100030000000000000000000C30A0410CF0A0410F2
:10004000D50A0410F30A04100000000000000000AC
:10005000ED0A0410E70A0410DB0A0410E10A041098
:100060000000000000000000000000000000000090
:1000700000000000F90A0410FF0A0410050B041028
:10008000000000000B0B0410110B0410170B0410E0
:100090001D0B0410230B0410290B04102F0B04104C
:1000A00010B503680124A3430360C1604260016886
:1000B00001220A43026010BD08206F4908806F4882
:1000C0006F4908608020C0056E49C1626E490163B6
:1000D000C1686E4A0A40C260416880220A43426099
:1000E000016880229143016069480168694A0A40B9
:1000F000872111430160416806220A434260664835
:100100004169664A1140664B0B4343616549C161D1
:1001100003681A40644B1343036081600168012245
:100120000A4302606148017805220A430270704761
:100130007CB50820504908805D49009142036C4617
:10014000A4B214435B4B1C6019681140FCD101211F
:10015000594E3170594D00951C601C681440FCD1FB
:10016000641C574D019501ADADB215431D601D686E
:100170001540FCD1019D2D0C052D02D0E5B2642D5A
:10018000EEDB15224F4B1A704F4A3D4B1A604F4A17
:10019000536A4F4C1C404F4B2343536213684E4CE1
:1001A0001C4014604D4A10812C201073107C602379
:1001B000034313741078702303431370107EC72316
:1001C0000340137650690143516145480168334A41
:1001D0000A40444911430160434981604348017822
:1001E00002220A43027073BDFFB504000D00100027
:1001F0003F4909683F4A914239D101008207920F75
:1002000001D0091D891A3C4A0023D36000266B46A1
:100210000394019500E0361D8E422AD20024019DF0
:100220003719874201D2EF5D00E0FF271F55641C9C
:10023000042CF5DB01953F241461039CA519AC0344
:10024000240C94611F785C7824023C439F783F041F
:100250002743DC7824063C4314643327176017696E
:10026000FF07FCD52D680295029DA542D3D0012041
:1002700000E0002004B0F0BD0400104073C0010095
:1002800020009040044400001041000072F7FFFF7E
:100290000000404020009FFF580000A00F80FFFF9B
:1002A0009010000008004040A020000024004040C2
:1002B000023A44000C0000480800204002341B00B1
:1002C000824300000000C0406BC001000C000040F1
:1002D000F00FFFFF01100000FFF6FFFF1C00304091
:1002E0001C0000A09020000000003040480030407A
:1002F00014000020CCBCECFC00001040F2B5FFB0B4
:1003000095B000216A4611701172117351815173B9
:1003100007910F9101215172049194A909780D91CF
:1003200092490D9A895C0C9152A90C9A89180191F5
:100330000421019A1170FF21019A51700321019A41
:1003400091700121019AD1700021019A11710199D6
:100350004871062005900120694608728448854945
:1003600041180B9184494018069052A80A9010A891
:1003700009909DE2072072E294A80078002803D13A
:100380000898008B9028FBD1BFF34F8FBC48BD4924
:100390000860BFF34F8FFEE7D1680179C907FBD52D
:1003A00011460A78FD2313400B70FF21016043E0E2
:1003B0004A0713681B053CD56B465B7A002B38D186
:1003C00001236C466372049B042B32DB1368802488
:1003D000A3431360BF4A526884225200BD4B5B683E
:1003E0009BB2D21A062A0CDB10AA13780A2B03D16F
:1003F00001226B461A7004E00B2B02D100226B46DF
:100400001A72012204926A46127A002A52D0049A81
:10041000012A4FD152AA0823137001235370059B60
:100420009370059B1B12D370AB4A1378194311705C
:1004300029E0049A032AE6D104A8A8490A680260C0
:10044000842252000999A348FFF72AFE042204A936
:10045000A348FFF725FE8020C005016880220A43DB
:100460000260842040009B49496889B2401A0428F0
:10047000F7DD8020C00501688022914301600720DC
:1004800004901FE0D1680179C907FBD511460A78AD
:10049000FD2313400B70FF21016084225200099953
:1004A0008C48FFF7FDFD059A121D0A998C48FFF74D
:1004B000F7FDD0E70498052804D1D2E76B465A73BC
:1004C0000F910E9068460078012802D16846007BA3
:1004D000002800D0C7E110A882490D9A895C441811
:1004E00052AE0420019A10700E21019A51700199A8
:1004F000887001200199C87020780199087160788E
:10050000019948710020019988710120694608729B
:100510006078FC2800D08BE1A07804280FDBE0781D
:10052000009021790902014300910846617909048C
:10053000014300910846A179090601430091207802
:1005400021380928E6D802A14000095A8F4400BF8B
:100550001400D200DA00EE000601380198013A02D8
:1005600072021C010120694608736DE1A20B0410A0
:1005700000200000140004100000041094A800786B
:1005800000289FD16846427B0F990E9800E0012217
:10059000089B9B8FDB0691D5089B1B88DBB2140060
:1005A00002D100246E4674816C466489661C6F46D5
:1005B0007E8110AF3B55140005D1012BE7D0FF2BF6
:1005C000E6D10322E4E7012A01D10222E0E7022A70
:1005D00001D10622DCE7032A01D10422D8E7042A4C
:1005E00002D118000522D3E7052A06D119024018C6
:1005F00080B20021002806D10EE0062A05D118009D
:100600000021002808D00B22C2E70B2AC0D1491CC8
:100610008BB284B2A342BBD3002201236C46237069
:10062000B6E701988570062026E0062001998870BB
:1006300040200199C87100200199087204E100204E
:100640000090042269460B98FFF7CEFD00283ED0AB
:100650004A20B072F8E0AC480090042269460B983A
:10066000FFF7C2FD002832D04A20EBE001988570E8
:10067000A64800680006000F0199C871E4E000BFB9
:100680000400FA050CED00E0FC2001998871009847
:1006900006998842F2D38005F0D1009908009C4A5F
:1006A00012689C4B9A42E9D13F229B4B1A61890305
:1006B000090C9961112119601969C907FCD5590DF7
:1006C0000023DB4302689A42D8D1001D491E58D04E
:1006D000F8E700BF580000A0800040409C0B0410C9
:1006E0006C0000A0A00B0410FB20019988710098F9
:1006F00006998842C2D3E079217A0E020643032785
:100700000098032505400ED0401B0090761900206C
:1007100007E000990918097822000932431BD154D7
:10072000401CA842F5DB3740032086430ED0320040
:1007300020000930694241180098FFF755FD002854
:100740009CD101998871009880190090002F7BD06E
:100750000020874206D221000931721B1218009B2B
:100760001B788B54401C0428F3DB08950422284690
:1007700041426018811909310098FFF735FD0028C2
:1007800001D100205EE0FB205CE0009806998842E1
:1007900015D3E179207A000208430021F31D08E017
:1007A000009A12780C9C64181A55009A521C0092F8
:1007B000491C8142F4D3001D01998870E1E7FA20B9
:1007C00040E0FA2001998871082001998870FF2083
:1007D000019AD071019A1072019A5072019988722F
:1007E0000098069988422FD3002001998871E079FA
:1007F000C10200230022494D0CE0009880180068D7
:100800005840030020205C00DB0F6B436340401E18
:10081000F9D1121D8A42F0D30199CB71180A0199BE
:100820000872180C01994872180E019988720BE031
:100830000F200199487001200199087120780199D1
:1008400048716078019988716846007A012807D15B
:1008500001988078042800DC8CE5C01C80B20590EB
:1008600000206946087094A80078002820D16846C6
:10087000007A00280CD00798002809D101200790A1
:10088000059A0A992648FFF70BFC00206946087272
:100890002020A02109060968014009D0A0210906ED
:1008A0004860002007901E480168012291430160C2
:1008B0001C4808906846007A002807D16846007BEB
:1008C000002803D00798002800D155E5052594A8F5
:1008D0000078012800D051E6134802214A07126827
:1008E000120500D564E56A46527A002A00D15FE518
:1008F00000226B465A72049A012A00D099E50B4AED
:1009000013781943117048E545554C421C0090403E
:1009100014000020CCBCECFC00001040B71DC1044A
:100920001C0000A000003040080040408000404013
:1009300010B50F22474B1C682409144004701B6833
:100940001A400A700178002901D10121017010BDFF
:10095000F8B584B002A800BF49A10CC90CC03E483C
:100960003E4944180194091D45183D480078002867
:100970000BD13C480088052807DD280000F088F8E6
:10098000216881F308888047FEE700A9891C00A838
:10099000401CFFF7CDFF6846407800016946897822
:1009A0000143122904DB02A8417904220A4342715F
:1009B0002D488021490202AA92B20A4302600268CD
:1009C0000A40FCD129482A4908600020694608707D
:1009D0008020C0050978032906D101688904CA0F5F
:1009E000012151406A46117027A1224A224B1E68FC
:1009F000224FBE420DD11A60684600788000085828
:100A00008047684601780220FFF778FC002005B097
:100A1000F0BD6369934208D06846007880000858AA
:100A20008047684601780320EEE70068000708D594
:100A3000684600788000085880476846017804209E
:100A4000E2E7280000F024F80199096881F308889A
:100A50008047FEE71C0090400020000000000410CA
:100A600008009040080010480C000048CCBCECFC8A
:100A70001400002045554C423000002001010101C6
:100A8000023B4802350B000031010410B90004108C
:100A9000C3788278417800781B021A430902120455
:100AA00008431043704700002248FFF7F1FF8047DA
:100AB000FEE72148FFF7ECFF8047FEE780B51F48BF
:100AC00001E080B51E48FFF7E3FF804701BD80B518
:100AD0001C48F8E780B51C48F5E780B51B48F2E7ED
:100AE00080B51B48EFE780B51A48ECE780B51A4897
:100AF000E9E780B51948E6E780B51948E3E780B52E
:100B00001848E0E780B51848DDE780B51748DAE710
:100B100080B51748D7E780B51648D4E780B51648A2
:100B2000D1E780B51548CEE780B51548CBE780B54D
:100B30001448C8E7082004100C2004102C200410CE
:100B4000382004103C2004104020041058200410C9
:100B50005C20041054200410502004104420041081
:100B600074200410782004107C20041084200410C9
:100B7000882004108C20041090200410942004106D
:100B8000982004109C20041080B5002002490860C1
:100B900072B6FFF7DDFE01BD140000200801000061
:100BA00001060004FFFFFFFFFFFFFFFFFFFFFFFF46
:100BB000FFFFFFFFFFFFFFFFFFFFFFFFFFFFFFFF45
:100BC000FFFFFFFFFFFFFFFFFFFFFFFFFFFFFFFF35
:100BD000FFFFFFFFFFFFFFFFFFFFFFFFFFFFFFFF25
:100BE000FFFFFFFFFFFFFFFFFFFFFFFFFFFFFFFF15
:100BF000FFFFFFFFFFFFFFFFFFFFFFFFFFFFFFFF05
:100C0000FFFFFFFFFFFFFFFFFFFFFFFFFFFFFFFFF4
:100C1000FFFFFFFFFFFFFFFFFFFFFFFFFFFFFFFFE4
:100C2000FFFFFFFFFFFFFFFFFFFFFFFFFFFFFFFFD4
:100C3000FFFFFFFFFFFFFFFFFFFFFFFFFFFFFFFFC4
:100C4000FFFFFFFFFFFFFFFFFFFFFFFFFFFFFFFFB4
:100C5000FFFFFFFFFFFFFFFFFFFFFFFFFFFFFFFFA4
:100C6000FFFFFFFFFFFFFFFFFFFFFFFFFFFFFFFF94
:100C7000FFFFFFFFFFFFFFFFFFFFFFFFFFFFFFFF84
:100C8000FFFFFFFFFFFFFFFFFFFFFFFFFFFFFFFF74
:100C9000FFFFFFFFFFFFFFFFFFFFFFFFFFFFFFFF64
:100CA000FFFFFFFFFFFFFFFFFFFFFFFFFFFFFFFF54
:100CB000FFFFFFFFFFFFFFFFFFFFFFFFFFFFFFFF44
:100CC000FFFFFFFFFFFFFFFFFFFFFFFFFFFFFFFF34
:100CD000FFFFFFFFFFFFFFFFFFFFFFFFFFFFFFFF24
:100CE000FFFFFFFFFFFFFFFFFFFFFFFFFFFFFFFF14
:100CF000FFFFFFFFFFFFFFFFFFFFFFFFFFFFFFFF04
:100D0000FFFFFFFFFFFFFFFFFFFFFFFFFFFFFFFFF3
:100D1000FFFFFFFFFFFFFFFFFFFFFFFFFFFFFFFFE3
:100D2000FFFFFFFFFFFFFFFFFFFFFFFFFFFFFFFFD3
:100D3000FFFFFFFFFFFFFFFFFFFFFFFFFFFFFFFFC3
:100D4000FFFFFFFFFFFFFFFFFFFFFFFFFFFFFFFFB3
:100D5000FFFFFFFFFFFFFFFFFFFFFFFFFFFFFFFFA3
:100D6000FFFFFFFFFFFFFFFFFFFFFFFFFFFFFFFF93
:100D7000FFFFFFFFFFFFFFFFFFFFFFFFFFFFFFFF83
:100D8000FFFFFFFFFFFFFFFFFFFFFFFFFFFFFFFF73
:100D9000FFFFFFFFFFFFFFFFFFFFFFFFFFFFFFFF63
:100DA000FFFFFFFFFFFFFFFFFFFFFFFFFFFFFFFF53
:100DB000FFFFFFFFFFFFFFFFFFFFFFFFFFFFFFFF43
:100DC000FFFFFFFFFFFFFFFFFFFFFFFFFFFFFFFF33
:100DD000FFFFFFFFFFFFFFFFFFFFFFFFFFFFFFFF23
:100DE000FFFFFFFFFFFFFFFFFFFFFFFFFFFFFFFF13
:100DF000FFFFFFFFFFFFFFFFFFFFFFFFFFFFFFFF03
:100E0000FFFFFFFFFFFFFFFFFFFFFFFFFFFFFFFFF2
:100E1000FFFFFFFFFFFFFFFFFFFFFFFFFFFFFFFFE2
:100E2000FFFFFFFFFFFFFFFFFFFFFFFFFFFFFFFFD2
:100E3000FFFFFFFFFFFFFFFFFFFFFFFFFFFFFFFFC2
:100E4000FFFFFFFFFFFFFFFFFFFFFFFFFFFFFFFFB2
:100E5000FFFFFFFFFFFFFFFFFFFFFFFFFFFFFFFFA2
:100E6000FFFFFFFFFFFFFFFFFFFFFFFFFFFFFFFF92
:100E7000FFFFFFFFFFFFFFFFFFFFFFFFFFFFFFFF82
:100E8000FFFFFFFFFFFFFFFFFFFFFFFFFFFFFFFF72
:100E9000FFFFFFFFFFFFFFFFFFFFFFFFFFFFFFFF62
:100EA000FFFFFFFFFFFFFFFFFFFFFFFFFFFFFFFF52
:100EB000FFFFFFFFFFFFFFFFFFFFFFFFFFFFFFFF42
:100EC000FFFFFFFFFFFFFFFFFFFFFFFFFFFFFFFF32
:100ED000FFFFFFFFFFFFFFFFFFFFFFFFFFFFFFFF22
:100EE000FFFFFFFFFFFFFFFFFFFFFFFFFFFFFFFF12
:100EF000FFFFFFFFFFFFFFFFFFFFFFFFFFFFFFFF02
:100F0000FFFFFFFFFFFFFFFFFFFFFFFFFFFFFFFFF1
:100F1000FFFFFFFFFFFFFFFFFFFFFFFFFFFFFFFFE1
:100F2000FFFFFFFFFFFFFFFFFFFFFFFFFFFFFFFFD1
:100F3000FFFFFFFFFFFFFFFFFFFFFFFFFFFFFFFFC1
:100F4000FFFFFFFFFFFFFFFFFFFFFFFFFFFFFFFFB1
:100F5000FFFFFFFFFFFFFFFFFFFFFFFFFFFFFFFFA1
:100F6000FFFFFFFFFFFFFFFFFFFFFFFFFFFFFFFF91
:100F7000FFFFFFFFFFFFFFFFFFFFFFFFFFFFFFFF81
:100F8000FFFFFFFFFFFFFFFFFFFFFFFFFFFFFFFF71
:100F9000FFFFFFFFFFFFFFFFFFFFFFFFFFFFFFFF61
:100FA000FFFFFFFFFFFFFFFFFFFFFFFFFFFFFFFF51
:100FB000FFFFFFFFFFFFFFFFFFFFFFFFFFFFFFFF41
:100FC000FFFFFFFFFFFFFFFFFFFFFFFFFFFFFFFF31
:100FD000FFFFFFFFFFFFFFFFFFFFFFFFFFFFFFFF21
:100FE000FFFFFFFFFFFFFFFFFFFFFFFFFFFFFFFF11
:100FF000FFFFFFFFFFFFFFFFFFFFFFFFFFFFFFFF01
:020000041004E6
:10200000006000206DF20410E1D10410DD9A04108C
:10201000AA5555AA45554C4200000000000000009A
:1020200000000000000000000000000095130510F3
:10203000000000000000000049EB0410211605100C
:10204000AD610410A9D204100000000000000000DF
:10205000B1190510D1120510853A04108D1B051019
:102060000000000000000000000000000000000070
:1020700000000000FF220410EF9A0410ED9A0410F3
:102080000000000057CD041059CD04105BCD0410A2
:102090005DCD04108DF2041005D3041051400410DE
:1020A0000000000000000000000000000000000030
:1020B0000000000000000000000000000000000020
:1020C000EFF31482EFF309811C4880F31488BFF307
:1020D0006F8FF0B543464C4655465E466746F8B4AA
:1020E000174CEFF30883236006B4164C2068164C97
:1020F0002060164C2068164C2060164C2068164C48
:102100002060164C276800202060BFF34F8F30BF3F
:1021100027600B4C246884F3088882B003BCF8BCA9
:102120009846A146AA46B346BC46F0BC04BC80F320
:10213000098881F31488BFF36F8F104700000000F7
:102140000800002004ED00E0D002002024ED00E0B3
:10215000D402002000E200E0D80200200800204065
:102160000448854600F08EF800480047B5E70510A2
:10217000C046C0460060002030B50B460146002036
:102180002022012409E00D46D5409D4205D31D467D
:102190009540491B2546954040191546521E002D75
:1021A000F1DC30BD10B5441A0346944209D28318BD
:1021B000891803E0491E0C785B1E1C70521EF9D270
:1021C00010BD0C460443A40703D009E010C9121F38
:1021D00010C3042AFAD203E00C781C70491C5B1C63
:1021E000521EF9D210BDD2B201E00270401C491E4D
:1021F000FBD270470022F6E710B513460A460446A4
:102200001946FFF7F0FF204610BD30B50446002008
:10221000034600E05B1C934203D2E05CCD5C401BB4
:10222000F8D030BD0321001D401E037812021A436E
:10223000491EF9D510467047034610B508330722EA
:10224000040E090221435B1E1C7800022043521E2B
:10225000F6D510BD034603220870000A491C521E21
:10226000FAD51846704770B504460D46072310701E
:102270000E06000A3043090A521C5B1EF7D52046A1
:10228000294670BD064C0125064E05E0E36807CCE3
:102290002B430C3C98471034B442F7D3FFF764FF4C
:1022A000C02E0610602F061070B58C180578401CE3
:1022B0006B075B0F01D10378401C2A1106D102780D
:1022C000401C03E006780E70401C491C5B1EF9D1CF
:1022D0002B0705D40023521E0DD40B70491CFAE7BE
:1022E0000378401CCB1A921C03E01D780D70491C2A
:1022F0005B1C521EF9D5A142D8D3002070BD704797
:10230000F0B50F46B5B01546002130AA0F23445C46
:102310005E1A491C94551029F9DB1022694630A831
:1023200000F012FB0026B400E019401CFFF77AFF12
:10233000395D000208430321891B89002CAC761CFF
:102340006050042EEFDB214610236A46084600F059
:10235000C5F900200326311A8900635C8200AB5462
:10236000635A52191B0A53706358401C1B0C93701C
:102370006158090ED1700428EDDB35B0F0BD70B5A1
:10238000BAB0054600200C4600902020694608722D
:1023900010200A9038901E46039201A800F084F99C
:1023A0002246294601A800F007F86A46314601A8EE
:1023B00000F044F93AB070BDF7B592B00F46040092
:1023C00004D0002F06D11498002803DD61204001BD
:1023D00015B0F0BD1498002804DB102804DA207929
:1023E000800601D49448F3E72079410701D481079E
:1023F00002D59148401CEBE740210843207120465C
:10240000143000250F90143001901EE00026B0001B
:1024100004904019C0190390FFF704FF00BA010AA5
:1024200003980902C07807AA01430498761C001992
:10243000406941400498042E1150E8DB636A07A804
:10244000019A0F9900F07CFA059D284610300590FE
:1024500014998842DADB2079800620D400291EDD19
:102460000026B00004904019C0190390FFF7DAFE6F
:1024700000BA010A03980902C07807AA0143049828
:10248000761C0019406941400498042E1150E8DB85
:10249000636A07A8019A0F9900F052FACAE0002077
:1024A0000B900C900D900E900BA9636A0846019A50
:1024B00000F046FA0B988721C00F48430B990C9AFD
:1024C0004900D20F11430B910C990D9A4900D20F7C
:1024D00011430C910D990E9A4900D20F11430D91A1
:1024E0000E99149A49004140284610300E919042AE
:1024F0001CD10026B00002904019C0190490FFF7CB
:1025000091FE00BA010A04980902C0780BAB01439E
:102510000298761C001942690298185842405140AE
:10252000029807AA1150042EE4DB79E00B98872269
:10253000C00F50430B9A0C9B5200DB0F1A430B92B7
:102540000C9A0D9B5200DB0F1A430C920D9ACB0F85
:1025500052001A430D924A00424014980E92401BBA
:102560000390C017820F0398002610188010029065
:1025700019E0B00010904019C0190490FFF752FE06
:1025800000BA010A04980902C0780BAB0143109805
:10259000001942691098185842405140109807AAF3
:1025A00011500298761CB042E3DCB00001190BAA6E
:1025B00049691258514007AA1150039B00211B1A68
:1025C00042199C4696460BE072465218BA5CCD0002
:1025D00018235B1B9A4007AB1D586A401A50491CD0
:1025E0008C45F1DC002909D0CD00182107AA4D1B2C
:1025F00013588021A9404B40135005E007A90A5801
:102600000123DB075A400A5007A90BAA05E0B000D6
:1026100003195B6915586B400B50761C042EF6DBD2
:10262000636A07A8019A0F9900F08AF920790421BA
:10263000084320710020CBE61D0C0000F8B51646BB
:102640000F46040009D0002E07D025468035E86DDE
:10265000401E102804D31348F8BD61204001F8BD86
:102660002079400604D4002211462046FFF7A4FE3C
:102670002079022108432071002018210CE0C217A4
:10268000920F121892089200121983075269DB0EFA
:10269000CB1ADA403A54401CEA6D8242EFDC00204B
:1026A0003260F8BD1F0C000010B5040007D00223F3
:1026B0000022A16800F00CFA010003D00CE06120B8
:1026C000400110BD102020610020024683001B192C
:1026D000401C5A610428F9DB084610BDFFB5D90833
:1026E000490083B0891D02910368116854684B400A
:1026F0004168956861408468C0686C40A446D468AD
:102700001E0E60408B4CC5B2A65D655D3606354336
:1027100067460E023F04360E3F0EA65DE75D3604A7
:102720003F023E433543AE460F0EDDB2E75D665DC8
:102730003F063E4365462F0205043F0E2D0EE75D22
:10274000655D3F042D022F433E43CDB20096665D8A
:1027500065462F0EE75D1D043F063E4307023F0E10
:102760002D0EE75D655D3F042D022F433E4301962C
:102770006546EDB2070E665DE75D0D043F063E431C
:102780001F023F0EE75D2D0E645D3F0424022743C8
:10279000029C3E43641E10320294002C63DD664CA2
:1027A00070462040430070466449C00908401B2120
:1027B00048434340704658401821C8414340704642
:1027C0001021C841434070460821C8414340106869
:1027D0005A4D43400098594F204041000098C0098D
:1027E00028401B2568434140009818254840E8418F
:1027F000414000981025E841414000980825E841F3
:1028000041405068019D41400198ED0920403D4004
:1028100040001B277D436840019F05467D401827E7
:10282000FD416840019D1027FD416840019D08273A
:10283000FD416840956868408446304620403F4DE1
:10284000F4092C4040001B256C4360400446744052
:102850001825EC41604010243546E54108246840C5
:10286000E64170404BE7334CC5B2665D1D0E645DBA
:10287000240626430C02250E2E4C645D65462D046D
:102880002F0E2C4D2404ED5D2D022C432643294CA4
:102890000096DDB2655D0E0EA45D240625436446F8
:1028A0002402260E234CA45D0604370E214E240478
:1028B000F65D360234432543AE461E4CCDB2645D10
:1028C00065461C4E2F0EF55D2D062C4305022F0E7E
:1028D000F55D1F042E043D0E164F7F5D65463F02D9
:1028E0003E433443EEB2134DAF5D050E1148405DDB
:1028F000000607431802030E0E48C05C09040B0EC5
:102900000C490004C95C9368090208430743106836
:10291000009E63405168049C7040D26820607546F8
:1029200004986940416004987A4083600498C260CA
:1029300007B0F0BD982D06107F7F7F7F0101010158
:1029400000B5FFF7CBFE00BDF7B50298860800245E
:102950000DE00098A7003D182846FFF763FC00BA79
:10296000000AE978000208430199641CC851B44286
:10297000EFDB0199029A084600F002F8FEBD000064
:10298000F0B59208002303E09C0005590D515B1C33
:102990009342F9DB4D4FF81FF938042A48D0062A34
:1029A0006DD0082A43D10023CA6915022D0E140EDA
:1029B000455D045D2D062C4315042D0ED2B2455DF8
:1029C000825C2D04120215432C439D007D590A6838
:1029D0006A40544001225B1C0C62940065180C593B
:1029E000EE69521C66402E62042AF6DBCA6A150E96
:1029F000D4B2455D045D2D062C4315022D0E120444
:102A0000455D120E825C2D04120215430A692C43A7
:102A1000544005220C63940065180C59EE69521C51
:102A200066402E62082AF6DB2031072BBCDDF0BDA4
:102A30000022CB681D022D0E1C0E455D045D2D0687
:102A40002C431D042D0EDBB2455DC35C2D041B021F
:102A50001D432C4395007D590B686B405C4001235E
:102A6000521C0C619C0065180C59EE685B1C66409A
:102A70002E61042BF6DB1031092ADADDF0BD0022CD
:102A8000CB681D022D0E1C0E455D045D2D062C43EA
:102A90001D042D0EDBB2455DC35C2D041B021D43DE
:102AA0002C4395007D590B686B405C400123521C00
:102AB0000C619C0065180C59EE685B1C66402E6129
:102AC000042BF6DB1831092ADADDF0BD982E06104A
:102AD000F8B59E468C46002807D0002905D0590736
:102AE0008C0F002A04D1012C02D061204001F8BDD6
:102AF000416A102903D0182901D0202905D1012CC1
:102B000005D00169491E102901D31E48F8BDC260D5
:102B10000179F92319400171012C20D000210B46C5
:102B20008D002D18491C6B610429F9DB0021182741
:102B300012E0CB179B0F5B189B089B001D182B46C0
:102B4000143300938B07565CDB0EFB1A6D699E40B5
:102B50003543009B491C1D6003698B42E9DC017908
:102B6000C9070CD1614681607146C90701D0032CA9
:102B700005D10146426A28316046FFF7E5FE002094
:102B8000F8BD00001F0C00007FB5054698680122C3
:102B900002739A681C4651739868022202A90E308B
:102BA0000AF087FBA16805200D74E0807FBD00005E
:102BB00010B508480C460068074902224118A06871
:102BC0005C310273A0680D300AF073FB0320E080D3
:102BD00010BD0000A40300206407000070B5064685
:102BE00008881D460C46001D81B21346022230465D
:102BF0000AF036FE21882B46891C2180091D89B2E6
:102C0000022230460AF02CFE2088801C208070BDF5
:102C1000FEB500240E462746056845E02868029068
:102C2000A968022230460D310AF043FB3088B842D1
:102C300009D087B2384604F061FC014601AA384643
:102C400006F0EEFA019CA968022268460F310AF0EC
:102C500030FBE888401F81B22220005D002806D0AA
:102C600001280BD0002811D0012814D01BE0E08BE4
:102C70006A461288401E904206D307E0208C6A46BE
:102C80001288401E904206D20720FEBD684600888A
:102C90000818E18B03E0684600880818218C8842F8
:102CA00001D90D20FEBD029D002DB7D1002030803E
:102CB000FEBDFFB5C8880025401E83B00E4687B212
:102CC000012427E0B0680222083001196846091D76
:102CD0000AF0EFFA6846008804F010FC01001DD0ED
:102CE00068460A8D0088824212D001AA06F098FA3E
:102CF00000280DD101992620405C400708D5069890
:102D00006A00101802221C310AF0D3FA6D1CADB211
:102D1000A41CA4B2BC42D5D30C98058007B0F0BD6A
:102D2000FFB5074683B0002000900D9804F0E6FB45
:102D3000069905460C310191002826D00837BD427E
:102D400023D0288D0E9988421FD80D99884213D31D
:102D50000E99884210D8294602222A3101980AF099
:102D6000A8FA10220C9906980AF09FFA002809D0B8
:102D7000298D0E98814208D02E462C6A2036B44206
:102D80003FD140E005980021018007B0F0BDA18B44
:102D90000D98814234D30E98814234D82046203099
:102DA0000290C078012808D02046083010220C99E3
:102DB0000AF07BFA002808D022E0214602220831DE
:102DC00001980AF076FA0698F0E7029880794007B1
:102DD00016D50098002801D1E08B0090E18B81424C
:102DE00011D1059802220088410004980818214654
:102DF0001C310AF05EFA059805990088401C08808D
:102E00002468B442C3D12D6899E700000648002128
:102E100002684B204001101801704170032181703D
:102E2000C170002070470000A403002070B50D4D54
:102E3000044601232868D902401890261A46C06C1F
:102E4000314610F0C7F8010003D030464C6010F056
:102E5000ADF84B202968400109180878401C08701B
:102E600070BD0000A403002010B50446002020829D
:102E7000A074A168A16161612060204608F012FE83
:102E8000452801D0412010BDA088032116F02CF95F
:102E9000044618F07BFF002813D072B60A480122BE
:102EA0000168492040010918487EA2401043487635
:102EB00062B600201CF016FB002802D0002014F09F
:102EC000DFFC002010BD0000A403002070B5C17C11
:102ED0000E4D4906490EC174044601232868D902E3
:102EE000401890260022C06C314610F073F80100A3
:102EF00003D030464C6010F059F84B20296840014F
:102F000009184878401C487070BD0000A4030020D8
:102F100010B5154CA078022801D0012804D113481F
:102F200016F092F8002813D12078002810D1A0784C
:102F3000042806D0072804D0022804D0012802D093
:102F400006E0012010BD094816F07EF8002801D0E7
:102F5000002010BD0220A07040070169C214114377
:102F60000161032010BD000040030020240D00205B
:102F700010B50B4C6078002804D10A4816F064F8AC
:102F8000002808D10748103016F05EF8002802D15A
:102F90002078002801D0002010BD012010BD0000C5
:102FA00040030020240D002010B5144C6078002848
:102FB00004D1134816F048F8002808D11048103002
:102FC00016F042F8002802D12078002801D0002015
:102FD00010BD10200EF0D4FC012805D1440320467A
:102FE00003F058F9012801D0012010BD0121890703
:102FF0000A6922430A61032010BD0000400300203B
:10300000240D0020F8B516460D46074600240DF0A5
:103010005FFE002806D032462946384600F08AFF77
:10302000044604E020356879002802D00E242046AA
:10303000F8BD2879C10701D1012E09D0810701D43B
:10304000022E03D04007F2D4042EF0D10324EEE781
:103050000224ECE788681E2202730120C880002049
:10306000704710B58B6818241C738B685A73022242
:10307000CA802122016992011143016119218173E2
:10308000002010BDFFB581B00646684680890C9FC0
:103090000C46002837D06946098A884233D87088A0
:1030A000C01FB8422FD3FD1DAAB2002120460BF04D
:1030B0005AFD002802D0642005B0F0BDA0680621AA
:1030C0000173A068022203A90D300AF0F2F8A0688B
:1030D000022204A90F300AF0ECF8A06802220AA923
:1030E00011300AF0E6F83A460B2120460B9B0AF015
:1030F000B7FBE58021213069890108433061072051
:10310000B0730020D8E74220D6E77FB50546684671
:1031100000890C4600281ED06946898988421AD841
:10312000A06804210173A068022202A90D300AF0F0
:10313000C0F8A068022203A90F300AF0BAF80520EF
:10314000E080212128698901084328610520A873AE
:10315000002004B070BD4220FBE7FFB581B00646F9
:10316000684680890B9F0D4600282DD07088401F2F
:10317000B84229D37C1DA2B2002128460BF0F3FCF3
:10318000002802D0642005B0F0BDA86816210173A4
:10319000A868022203A90D300AF08BF8A868022261
:1031A00004A90F300AF085F83A46092128460A9BFF
:1031B0000AF056FBEC802121306989010843306117
:1031C0001720B0730020DEE74220DCE77FB505461C
:1031D000684600890C4600281AD0A0680C210173AB
:1031E000A068022202A90D300AF063F8A06802224A
:1031F00003A90F300AF05DF80520E080212128693D
:103200008901084328610D20A873002004B070BD17
:103210004220FBE77FB50546684600890C9E0C46B8
:10322000002816D069468989884212D8A0681021E2
:103230000173A068022202A90D300AF03AF8A068D2
:10324000022203A90F300AF034F8012E04D0022E16
:103250000AD0422004B070BDA068022208A9113033
:103260000AF027F8072006E008AB102209212046C3
:103270000AF0F6FA1520E080212128698901084327
:1032800028611120A8730020E4E77FB50546684651
:1032900000890C9E0C46002816D069468989884210
:1032A00012D8A06808210173A068022202A90D307B
:1032B00009F0FFFFA068022203A90F3009F0F9FF0F
:1032C000012E04D0022E0AD0422004B070BDA068A6
:1032D000022208A9113009F0ECFF072006E008AB34
:1032E0001022092120460AF0BBFA1520E080212196
:1032F00028698901084328610920A8730020E4E7B0
:10330000FFB507465804040C788881B0401E0E466D
:10331000A0421FD3042C1DD3651CAAB20021304645
:103320000BF021FC002802D0642005B0F0BDB0688D
:103330000E210173224605213046039B0AF090FAC4
:10334000F58021203969800101430F203961B8736C
:103350000020EAE74220E8E737B5054668460089DD
:103360000C46002813D0A0680A210173A06802222D
:1033700002A90D3009F09DFF0320E080212128697A
:103380008901084328610B20A87300203EBD42201C
:103390003EBDFFB5064681B00C4688680A9DD22125
:1033A0000173A0681F46022203A90D3009F081FFB6
:1033B0003B462A46072120460AF052FAED1CE580DA
:1033C000308821460005000D0DF09CFE002005B060
:1033D000F0BDFFB581B08C680A9E522020738868CA
:1033E0000D461F46022203A90D3009F062FF3B463D
:1033F0003246072128460AF033FAF61CEE800020F8
:1034000005B0F0BDFFB581B00646684680890A9FC9
:103410000D46002827D07088C01EB84223D3FC1C5C
:10342000A2B2002128460BF09EFB002802D06420A7
:1034300005B0F0BDA86812210173A868022203A993
:103440000D3009F036FF3A4607212846049B0AF062
:1034500007FAEC802121306989010843306113208B
:10346000B0730020E4E74220E2E7000003490028AF
:103470000A7801D00020087010467047A803002089
:1034800070B5124C0E462178012500291BD101464A
:10349000012009F0F9FF60703146022009F0F4FFC5
:1034A00061784018607031462031032009F0ECFF4C
:1034B000617840180006000E607004D10AF05CF8D4
:1034C000022020700025284670BD0000A8030020BF
:1034D00070B5184D90B02878002802D0012010B0A7
:1034E00070BD6E46002406F0F0FAA100641C705016
:1034F000082CF8DB6946012009F0C6FF0128F1D04D
:1035000020220D496846FEF74DFE0B49202220314E
:1035100008A8FEF747FE6946022009F0B5FF08A992
:10352000032009F0B1FF0AF027F8012028700020DD
:10353000D5E70000A8030020282D06107EB504461C
:1035400016460D46684605F067FF68460378237007
:10355000407828706846807830707EBD70B5002154
:103560000C4A03E0535C491C5918C9B2535C002B48
:10357000F8D1CE1C02243525202E04D254545118E3
:103580004D708870CB7004490C704D708870CB7092
:1035900070BD0000B00300201C00002010B50EF02C
:1035A000B7F81D4C4121206849014118097F0029C5
:1035B0000DD1A0300079C00705D102F05BF904F00D
:1035C00059F90DF073F800F011FD01F0FDF800F06D
:1035D000E9F92068014640310A78C9798A4319D14E
:1035E0003E21095C002915D10C490A88120711D522
:1035F0000922D2061269497A836AC900591811232F
:10360000DB01C018806A801A00020012814201DAD0
:1036100014F08AF810BD0000A4030020C0000020B0
:1036200004480178002903D000214170012070472F
:1036300000207047E003002010B5044C2478012CD2
:1036400001D0002010BD0BF05BFA10BDF00300208C
:10365000054A002801D0938A0380002901D010690F
:103660000860906870470000F003002010B5094B17
:103670001C78002C01D00C2010BD002A08D002229A
:103680001A705880998000209860D860186110BD29
:103690000122F5E7F003002004480178002903D057
:1036A00000210170084670470C207047F00300208D
:1036B000FFB5154C07462078C3B01D46002802D040
:1036C0000C2047B0F0BDF82104A8FEF793FD0026BA
:1036D000E66004A9E8B204960391029001230196E2
:1036E00000953846459A449912F0C4FB0028E8D169
:1036F00067804498A0804598E08025810120E060A3
:10370000207066700020DCE7E00300200148C068FC
:1037100070470000E003002004480178002903D02E
:1037200000210170084670470C207047E00300201C
:10373000F7B5124C07462078BEB01546002802D0D7
:103740000C2041B0F0BDF8216846FEF753FD00267D
:10375000E660EAB26B46009638463F9912F086FD65
:103760000028EED167803F98E08025810120E0604D
:103770000220207066700020E3E70000E0030020D4
:1037800030B5144DBFB06878002818D128780128CA
:1037900013D0022813D16C46F8212046FEF72AFDEB
:1037A000E86800902A7AE98868886B4612F05EFD26
:1037B000002806D0642808D009E00DF015FE3FB0BF
:1037C00030BD2068401C2060ECE701206870206854
:1037D000E860F4E7E003002010B5044C2478022CE4
:1037E00001D0002010BD0BF08BF910BDF0030020BC
:1037F00010B5837F0122002492024168082B03D96F
:103800004224914202D310E0914201D242240CE0C2
:1038100001463422064809F04CFD00F083F80028E8
:1038200001DA482401E00EF0D9FB204610BD00006B
:10383000640D00203EB5174D15482968827F084663
:10384000A0310A7300246030047644768476E12245
:10385000C2768022027702224277302008704C70B4
:1038600002AA01A96846FFF769FE68460078A2220D
:1038700001016846007A891C00020143684600790C
:103880000003014328681152A03004713EBD0000BE
:10389000640D0020A403002070B50DF01FFF07F099
:1038A00011FD09F04FFFFFF7B1FA06F069FB1A4C62
:1038B0001A4920681A4D4018811013202A68C00147
:1038C0001018C162616889080163A16889084163B1
:1038D0000CF01CFE29681F208001228B08188280B2
:1038E000628B0F23C280DB01A28BCB18DA87628C3C
:1038F000028022462032127882703D22520100203E
:103900008918087301F0F8FD05F0D2FE14F01CFBD5
:1039100000F0E0FF70BD0000640D00200000FCEF2F
:10392000A403002070B50025ED4315F06BFA0128C3
:103930002ED0002318490322888BFF24401E1043F9
:103940008A7F593462438218088B282460431218F6
:10395000488B3024604312180846203040782C24CD
:10396000604310180D4A181884184869A0420DD1F8
:103970000B4884420AD90D6915F044FAC1B22846B1
:1039800000F0DEFD00F018FF401B251A284670BD30
:10399000FF23B533CEE70000640D00208919000035
:1039A000B8090000F8B52C4F3C68206E5C34401C10
:1039B000002814D0002529480023C07B00283ED0D1
:1039C0000926F6062648002D1CD000210A460B4683
:1039D0004169521C994204D1002902D004E001251A
:1039E000E9E7204B9A42F2D32160006960603069B8
:1039F000A1680002090E000A09060143A16000F057
:103A000033F81DE03169A2680902090A150E08D0D1
:103A1000018BC90712D04169216000696060E372BF
:103A200010E0881A00027D2300121B03984205DD76
:103A3000100E00060843A06000F016F8F8BD6360A1
:103A4000002DFBD003CC1BF0F3FCFA201AF0A2FEF1
:103A500039688862F8BD0000A4030020840D0020AE
:103A60000000104888130000044900200861044841
:103A7000012100686030C1717047000000001048EB
:103A8000A403002010B50BF0E3FA02480168491CBA
:103A9000016010BDDC02002070B5274A00211068CB
:103AA000034640304176017649204001181841769E
:103AB00081760F202033987513230846DB011468A4
:103AC0000546E4186468303521541468E4186468C5
:103AD000615514683035E418646861551468E41859
:103AE000656804469034401CC0B229552D28E6D3A1
:103AF0001068C3185C6809231B02C318DC652546DF
:103B000030359D6590345C65FF2348300370437009
:103B10008370C3701F23037112684D2081540748BE
:103B200001800921417105238371C17103724281B2
:103B300000F006F870BD0000A4030020C0000020C3
:103B400010B5064801680648406A002803D02022C4
:103B500014F0FAFF10BD0020087010BDA40300206F
:103B6000640D0020F8B5069C1F4615460646002C3D
:103B700013D0A06802220D3009F09BFBE81E82B230
:103B80003B460721204609F06BFEE580A068012E28
:103B900005D01D2101730020F8BD4720F8BD1B2171
:103BA000F8E770B515460646FFF72CFA0446082DCF
:103BB0000BD1052C09D130460DF08AF8002804D02D
:103BC00000894004800F00D00024204670BD2423CB
:103BD000184204D0C81F092803D82032D171002010
:103BE0007047422070470000F1B5FFB001248BB050
:103BF000600205900027CC4807970168CB48C94D63
:103C0000081803908A980AAA0005000D05A90CF06F
:103C100043FA0690002872D104260AA80599421892
:103C2000203AD27F0B2A23D00026002004900AA835
:103C30008119022201A8029109F03BFB68468188A4
:103C400009AB08AA039805F0CDFA012817D002287D
:103C50007ED068468088854200D30546844200D9DC
:103C60002046044602988078012872D013363CE141
:103C7000491E761E36040591360CCFD1D5E708983B
:103C80000090002F66D1009902222831029809F095
:103C90000CFB00281ED100982030017B0298807810
:103CA000814217D1012808D10098029902220830D8
:103CB000C91C09F0FAFA002815D002988078022869
:103CC00008D10098029910220830C91C09F0EDFAB9
:103CD000002808D00098008DA84200D80546A042D0
:103CE00000D22046044602990AA88978012907D003
:103CF00013360599B6B28E4204D3012707E006E1D8
:103D0000761DF6E78119022201A809F0D2FA03997B
:103D1000009808318E462FE084466946026A8B88F7
:103D200020300DE0918B994203D3012F7ED199422F
:103D30007CD9A94200D80D46A14200D30C46126896
:103D40008242EFD10498002804D16046006802E066
:103D500015E0BFE08AE070450ED0018D994203D393
:103D6000012F09D1994207D98D4200D30D468C42CB
:103D700000D80C46012F59D17045CDD1BAE0089832
:103D80000090002F72D1009902221C31029809F094
:103D90008CFA00281ED100982030C17802988078D3
:103DA000814217D1012808D10098029902220830D7
:103DB000C91C09F07AFA00281AD0029880780228E3
:103DC00008D10098029910220830C91C09F06DFA38
:103DD00000280DD00098808BA84200D80546A0424C
:103DE00000D22046044602988078012826D003E0BD
:103DF00002988078012805D013360798B6B20128BA
:103E00001ED021E000984A490089884216D18A983C
:103E100001F01EF80146009800F0FAFE0099098CA6
:103E20004843009989694018022200E038E002996D
:103E3000491D09F03EFA01200790D4E7761DDCE722
:103E4000B61C0020B6B207900598864201D3012720
:103E500005E00AA88119022201A809F02AFA039AAA
:103E60000099083209980968944630E01AE08646BD
:103E70006A46938820300DE08A8B9A4203D3012F43
:103E80000ED19A420CD9AA4200D81546A24200D3BC
:103E9000144609688142EFD1049800282AD102E033
:103EA0000120049026E07046006860450FD0028D26
:103EB000016A9A4203D3012F09D19A4207D9954248
:103EC00000D31546944200D81446012FE8D160452E
:103ED000CDD10FE00298C078022805D10298007970
:103EE000292801D1B61CB6B2761D0598B6B2864215
:103EF00000D301270598811B042902D3864200D2F2
:103F000093E604980028FBD1A54203D906987FB018
:103F10000CB0F0BD224629468A9805F07DFE069039
:103F2000F5E70000FFFF0000A40300206407000085
:103F30000229000070B515460C4606460CF0B0FE8E
:103F400020346179012D09D00A0702D54207920F6A
:103F50000FD0CA0625D5020709D522E0CA0702D02C
:103F60004207920F05D08A0705D5020703D408201F
:103F700070BD052070BD490707D5C00709D0E1799C
:103F800030460CF001FE5F2805D02079C00704D030
:103F900005E00F2070BD0C2070BD022070BD002018
:103FA00070BD890607D5C007F3D0E17930460CF023
:103FB000EBFD5F28EFD02079810701D4022D07D0D7
:103FC000410701D4042D03D00007E8D4082DE6D121
:103FD000032070BD00B500F03BFF002805D085220E
:103FE00001699201114200D0002000BD10B50AF015
:103FF000C3FA09F03BFA14F005FF012801D100F0E3
:10400000D5F9C046C04600F077FA10BD0521490732
:10401000486070470029016802D00122114301E085
:104020004908490001607047002A026801D00A432C
:1040300000E08A4302607047406880B27047052103
:1040400049070968014201D00120704700207047EC
:10405000024800780249800008580047E00200202A
:10406000B825061030B503680C4A0C6A13408A68FC
:104070004D6922430C692C4322438C692243CC694D
:1040800022434C6A22438C6A22431A430260CA6864
:1040900042600A6882604968C16030BD0F80FFFFDE
:1040A00003685B085B000360C16042600168012235
:1040B0001143016000207047002101604160816070
:1040C000C160016141618161C161016241628162DE
:1040D00070470000F0B585B02020FFF7B0FF002842
:1040E00053D02020FFF792FF2948002606700520B4
:1040F0004007C16949084900C161264D264C04E0CA
:104100002068401C2060A84209D880200DF038FCAF
:104110000028F5D008200DF033FC0128F0D0402015
:1041200002F014F91D49C86B096C0290039102A8B2
:1041300002F046F8002001F0DEFF01277F03384639
:1041400002F0A8F80028FAD0012001F0D4FF20687E
:10415000A84219D2124814F0EAFE114814F074FF74
:10416000002811D0384602F095F801280CD101AA98
:1041700069460B4814F00BFF002805D168460188FA
:104180000198001D1EF0C4F8266005B0F0BD0000C7
:1041900041030020FFFF0F003C030020F42A06101B
:1041A000240D00201CB52020FFF749FF002820D057
:1041B0002020FFF72BFF0F49002008700520400743
:1041C000C16949084900C1610B4814F0B0FE0A48B2
:1041D00014F03AFF00280CD001AA6946064814F0F2
:1041E000D6FE002805D1684601880198001D1EF002
:1041F0007DF81CBD41030020240D002010B5184897
:10420000FEF710F8174A1849904201D90020C04320
:10421000134A8862093AD079937900021843134B04
:10422000984201D1FF20F53088850F48137A20305D
:10423000FF2B00D1002383735378C3735079127915
:104240000002104319225201904201D90A8600E06F
:1042500008860548FFF7CCFA002800D0FEE710BD1D
:10426000D9030020B0031900E4020020FFFF000082
:10427000FEB52C49082088802B4C2078002601258B
:10428000032806D188020068C00401D5267000E02A
:10429000257026490E222648FDF784FF20782549FF
:1042A00080000858804714F0BFFC214F3878002860
:1042B00003D12148017A294301721B48012138307A
:1042C00080B2090440180924E406E060E068C003F5
:1042D000FCD4684605F0A0F8694648788978000162
:1042E0000843122801D30DF0FFF81448018B002970
:1042F000FCD00583172181810661206910210840C7
:1043000022690A408242FBD03878002802D10C4949
:10431000152008700C490B4808600D490B480862CD
:1043200062B6FEBD00001040E002002000F9071058
:10433000D0030020C42506100000204000001048D3
:104340000000C040CCBCECFC1400002066000E0055
:104350000000904070B5134909220968120200203C
:104360008B18AC22525C19E060249D6E44432C19DA
:104370005C252D5DED060FD50B480818C030428A2C
:10438000018A608907F0C2FE3A2804D04034207FB9
:10439000EF210840207770BD401CC0B28242E3D8B4
:1043A00070BD0000A40300205808000010B5FFF7FE
:1043B000D1FF10BDFFB50746464881B000880D46C5
:1043C000454909220968120240078A18400F926E77
:1043D00060235843141841480E1814F013FD0028A8
:1043E00022D0142D04D0152D20D0072D59D05CE0FB
:1043F0002146039806F04DFB0121206989040843FA
:10440000214640312061087F02221043087782064E
:1044100009D56279520852006271DF221040087794
:10442000002F4ED151E0012005B0F0BD25464035AA
:10443000287FC007F7D02146039806F02AFB2046C4
:1044400006F0FAFA002825D0A888E988884200D327
:104450000846E881698AA88A814200D208466883B2
:104460002A8AE98A8A4200D2114629836A882889E1
:10447000824200D21046C9080E3989B2688188424A
:1044800000D30846A8810498006801214906084322
:1044900004990860287F400840002877002F10D139
:1044A00013E00398C078142802D0002005B0F0BDB6
:1044B0004034207F04214008400008432077002F2B
:1044C00003D00820C036F073ADE70820C036B073C3
:1044D000A9E70000C0000020A40300205808000045
:1044E00010B5FFF767FF10BD002101E000BF491CB8
:1044F0008142FBD370470000F8B5104E3068203081
:10450000C57D002D19D0002409273F0210E0E907DE
:104510000BD0C019816E6020604308184030417F85
:10452000204607F0E7FA002807D06D08641CE4B2C3
:104530003068AC21095CA142E9D8F8BDA403002091
:10454000F3B581B0984A012101A808F03DFE974CCF
:1045500004222060432101A808F036FE01272168CB
:10456000FF02C91908640422432101A808F02CFEA7
:1045700021680422C9194864FF21843101A808F088
:1045800023FE21688A4DC9198864A97F0C2201A8DD
:104590000B3108F019FE13212268C9015118C860B7
:1045A000A97F202201A808F00FFE09262168360203
:1045B0008919C867A97F102201A808F005FE1321F8
:1045C0002268C901511808602822052101A808F0B5
:1045D000FBFD13212268C901511888603022052192
:1045E00001A808F0F1FD13212268C90151184860A3
:1045F000FA10012101A808F0E7FD13212268C90182
:1046000051184861A97F602201A808F0DDFD2168EA
:10461000202289198866A97F01A808F0D5FD2168A4
:104620008919C866AA8B012101A808F0CDFD0F21C8
:104630002268C90151188863298B282201A808F033
:10464000C3FD0F212268C90151180863698B30220C
:1046500001A808F0B9FD0F212268C901511848636B
:104660000C22012101A808F0AFFD21680C22891954
:104670004866012101A808F0A7FD216828228919B0
:10468000496E8860284620300090417801A808F0E3
:104690009BFD216804228919496E89688860009809
:1046A000417801A8491C08F08FFD21681022891962
:1046B000496E89684860A97F01A808F085FD2168D6
:1046C0000222C9194863A97F01A808F07DFD21686D
:1046D0000222C919C860A97F01A808F075FD2168E8
:1046E0000222C9190861A97F01A808F06DFD21689F
:1046F0000222C9194861A97F01A808F065FD216857
:104700000122C9198861A97F01A8491C08F05CFD34
:1047100021681022C91908630B2101A808F054FD73
:10472000072221681202891808650422802101A845
:1047300008F04AFD216889190867029ADC20424383
:10474000012101A8443208F03FFD2168891948671A
:10475000029AD8204243012101A82C3208F034FDEE
:104760002168F02289198867012101A808F02CFD31
:10477000104C7C222060A97F01A808F025FD21684B
:104780000822C867032101A808F01EFD216828221D
:1047900080310860012101A808F016FD21688031F0
:1047A00048600198FEBD0000B8090000A403002085
:1047B000640D0020AC030020704710B5C001000C50
:1047C00000F0ECF9002010BDFEB572B63F4D082395
:1047D000286801464030C2791A43C27162B600208F
:1047E00001276C46FF0282005218D219D26C5288FF
:1047F0004300401CC0B2E2520328F4D372B6C81979
:104800000021866B816362B6F00702D0002015F0AC
:1048100021F8B00702D5012015F01CF8700702D569
:10482000022015F017F8300702D5032015F012F812
:10483000002623E00D281AD2211D254A8000125897
:1048400020469047002812D072B62868F7224030E0
:10485000C1791140C17162B630E03A2807D21C49D3
:10486000231D8000E8390A581946204690470298CF
:1048700029684018C019C06C218801807100684601
:10488000415AB00002902A688018C019C06C028892
:10489000920892001418028808348A420ED0A27836
:1048A00091070BD09107890F012901D104460834E3
:1048B000A0788008C006E078CFD5BBE7761CF6B2BA
:1048C000032EDBD314F0CAFEFEBD0000A4030020BB
:1048D000F42C061070B514F0DBFE114D012428688D
:1048E000E4020019006C402114F000FB296809194A
:1048F000C864486C402114F0F9FA29680919086560
:10490000886CFF21813114F0F1FA2B680822191903
:10491000486504480021181808F0CFFC70BD00005D
:10492000A403002038080000FEB5064629481446B6
:104930000068294A8518C888032806D02346002223
:1049400002210420FEF720F942E08968022268462D
:104950000D3108F0AEFC326990052ED4684601880E
:10496000172903D35C20405B172801D2172002E0EF
:10497000814200D20846708001204002024302209A
:104980003261019013483921006849014118378884
:10499000097C7688012349070FD5D90208304018D1
:1049A0002422C06C02210EF015FB002805D0878060
:1049B000C680014601980EF0F9FAA0680326067336
:1049C000A068294602225C310D3008F072FCE680B6
:1049D0000020FEBDA403002064070000F7B590B0DE
:1049E00000206A460D9090826A4A6B4B126804461A
:1049F000D218CB88022B08D0002218210420129B49
:104A0000FEF7C2F8002013B0F0BD8B6800205E7B7B
:104A10000A900B9088883032019209900027019803
:104A200012F0C8FA054620E028680890A98809987D
:104A3000814219D1A968022207A80D3108F039FC7A
:104A4000002F01D16846878B6846808B87420BD147
:104A50002946019812F0FBFA002028600A980028E5
:104A600011D00B9805600B95089D002DDCD1002F0F
:104A7000D4D1129819218068017301211298012E56
:104A8000C18002D081E00A95EDE702A90AA8FEF7ED
:104A9000BFF8002879D069460A891821129BFEF7D1
:104AA00073F8002671E081680546022202A80D31E4
:104AB00008F0FFFB012E66D16846008902F01EFD5A
:104AC000014668460EAA008904F0AAFB0E9C1099C4
:104AD000204600F09DF80D9055E02F68012E3FD143
:104AE000002F06D0B968022205A80D3108F0E1FBBD
:104AF00002E0002069468882A968022204A80F31DA
:104B000008F0D7FBE8880D99401F80B20090208CF8
:104B1000A269484369461018098A009A4318092176
:104B2000284608F0A5FD2220005D012804D1684632
:104B3000018A00980818E08368460189808A8142CA
:104B40000ED0208C0D99A2694843101800210190C5
:104B500000911098E38B0188A28B022010F004F9D9
:104B60000A9908680A90002008600A99002900D173
:104B70000B900121284608F01FFE69460889898AA2
:104B8000884202D13D46002DA7D10A9800288AD13B
:104B900039E70000A40300206407000000B50849BD
:104BA0000968084A914209D14006010C06483F2293
:104BB000028181611121018000F022F800BD000016
:104BC00014000020CCBCECFC0000104000B5094AE9
:104BD0001268094B9A420BD1084A3F23138180087F
:104BE00090610648403001603320108000F008F8E2
:104BF00000BD000014000020CCBCECFC0000104004
:104C00000248018AC907FCD070470000000010402C
:104C100030B5024623239B5C0020012B1AD1128958
:104C20000D4B9A4216D10D4A092312681B02D31864
:104C3000A032DB6E127B0AE045010C885D5B240527
:104C40002D05240D2D0DAC4204D0401CC0B2824273
:104C5000F2D8002030BD000002290000A40300208B
:104C6000F7B578480F460068774988B04418F88847
:104C7000072804D20022062104200A9B2AE0B968F2
:104C8000022268460D3108F014FBB968022201A81F
:104C90000F3108F00EFBB968022204A8113108F0A8
:104CA00008FBF888C01F80B203906846028880889D
:104CB00082420CD8002A0AD00898002142880A981B
:104CC00009F04AFF002808D045200BB0F0BD0621AE
:104CD00001200A9BFDF758FFABE00A980721806886
:104CE000083401730121684601810594008802F0AF
:104CF00005FC05007CD086E06846008A0522D202C9
:104D0000904202D0521C904226D1684600888142CF
:104D100078D329460B2208313846039B08F046FD1C
:104D200069466A8D098A8A426CD10399022901D0A9
:104D3000102967D1002865D12A462846296A2832D9
:104D40002030814202D06B6A1C3300E0134602A976
:104D50000A98FDF743FF55E02E462C6A2036B442F0
:104D60004ED14FE06946A08B0988884247D36946F7
:104D70008988884257D82320005D01283FD12046EA
:104D80000899FFF745FF218CA269414351180B2276
:104D90003846039B08F00AFD069008980122008817
:104DA00021460005000DFEF72DF901466A462089CF
:104DB000128A904223D1002921D1E28B03998A42A1
:104DC0001DD1069900291AD108996A464988128985
:104DD000891A042927D322461C491C32884208D14B
:104DE0002068B04205D00089884202D02468F7E7E5
:104DF00019E023461C3302A90A98FDF7EFFE246848
:104E0000B442AFD12D68059885420CD06846298DF3
:104E10008088814207D808986A4640881289801A9B
:104E2000042800D368E768460089012803D90A9955
:104E3000C880002049E76846028806210A200A9BAC
:104E400048E70000A40300206407000003280000D6
:104E500010B50D4900050B68092109025918CA6EE1
:104E60000021000DA0331B7B0AE04C01145B2405DC
:104E7000240D844202D14801801810BD491CC9B2DA
:104E80008B42F2D8002010BDA4030020FFB589B0EA
:104E9000002405460794D0881646052804D0002231
:104EA000042108460C9B20E0B168022208A80D31BD
:104EB00008F0FFF9B168022268460F3108F0F9F9ED
:104EC0006846028C008882420CD8002A0AD00A98D0
:104ED000002142880C9809F03FFE002808D04520A8
:104EE0000DB0F0BD042101200C9BFDF74DFEB9E093
:104EF0006846008C02F002FB060076D00835049567
:104F00000498864272D06946308D098C884230D32D
:104F10006946098888422CD8002C0AD101210791C2
:104F20000C9805218068022401730C980799806809
:104F300041730A984088001B042857D3079801281A
:104F400054D1201D81B23346283302220C9808F038
:104F500087FCA01D81B233462A330222A41C0C9880
:104F600008F07EFC6946A41C308D0988A4B28842F2
:104F700074D03746356A2037BD42C1D060E06946FB
:104F8000A88B098C88425AD369460988884265D81B
:104F9000002C36D02320415D0798814260D10A98C9
:104FA0004088001B042802D30799012904D0122845
:104FB00056D30798022853D1201D81B22B461C33AB
:104FC00002220C9808F04CFCA41C0798A4B20128FB
:104FD0000DD0201D81B22B46083310220C9808F00A
:104FE0003FFC2046103084B229E03DE036E0201D31
:104FF00081B22B46083302220C9808F031FCA01C29
:10500000F1E72320415D07910C9805218068022279
:1050100001730C980799806841730C982946806841
:105020001C310E3008F045F9079901290CD02B46A8
:105030000833102208210C9808F012FC14242D6863
:10504000BD429CD136685BE70C98294680680222F5
:105050000831103008F02DF90624F0E7002C03D0B9
:105060000C98C48000203BE76846028C04210A208B
:105070000C9B3AE706490922096812028918800840
:10508000C96E400108180188002900D1002070472E
:10509000A403002070B50C460B4E81000B4832680B
:1050A0000D1801232032D37721462846FFF78EFDC5
:1050B00028680021844201D1084600E0FB203268C4
:1050C0002032D17770BD0000A4030020000004103E
:1050D00070B50D46040006D006F000FBE000001B92
:1050E000C6B200240FE0422070BD285D012803D025
:1050F000002801D01F2070BD281906F061FA002891
:10510000F9D1E41DE4B2B442EFD3002070BD000039
:1051100038B5184A14682246BA32AE34A378DD078F
:1051200001D001290AD05B070CD501290AD02179C9
:1051300049070BD5E17A002905D007E0E078802106
:105140000843E07038BD0121E172508020794106AA
:10515000090FF7D078210840694608700020487090
:105160006A46022142200EF0A9FC207987210840DE
:10517000207138BDA403002010B506490246096815
:105180004620AE318978490702D5104607F01EF94E
:1051900010BD0000A4030020F8B5054600276846AE
:1051A0000770154846260468AE3420798006800FC3
:1051B00003D00021084605F0CDFDA078400718D5A2
:1051C00020794C21084214D10023287E6A461946D2
:1051D00000F03CFA00280DD16846007828762F743C
:1051E000284605F0BFFA060003D120794021084384
:1051F00020713046F8BD0000A403002070B592B0C5
:105200000646202221A101A8FCF7CCFF202109A8F5
:10521000FCF7F0FF0A216846017000242546694624
:1052200001A805F04DFF6846027801A909A808F019
:1052300040F801A824E0015D491CC9B2914223D87D
:1052400003195B78B34214D16B461A78521A61186D
:10525000C9B24118D2B209A81A70401908F029F849
:105260006B4618782818C1B209A806F05FFD12B085
:1052700070BD521A6B461A7062186918D4B2CDB25A
:1052800069460A78002AD6D11F20F0E702FF010202
:10529000010403028FFC0000000000000000000079
:1052A00000000000000000000000000038B51048B9
:1052B000002104680846AE3405F04CFD694648708C
:1052C0002079C10704D001216A46117088432071FA
:1052D000C0B2810705D502216A461170FD21084040
:1052E000207102216A4608460EF0E8FB38BD000036
:1052F000A403002010B5FFF7D9FF10BDFFB50C4681
:1053000078A103C995B001910090002108A801730C
:105310000321C90268464186012108A8734E017421
:1053200035681746AE3504F0E3FB002808D1704914
:105330003068401803F0F6FFA878002802D0462015
:1053400019B0F0BD0BA8159900F0CAFD0028F7D1DF
:10535000072010A90871012C05D0022C0AD0002CBE
:105360000ED04220ECE708A8017B1020014308A8DA
:10537000017305E011A90BA800F03EFE0028DFD163
:1053800010A8027901230CA9284601F019FB002876
:105390007ED102222946189807F08BFF298868469B
:1053A00081811521490201820784012686734E21DD
:1053B00008A881700024C4700671072141718671AC
:1053C00003A902A801F0B2F8002861D1022202A9C3
:1053D0001E9807F06EFF082F02D26846478502E04C
:1053E00008206946488569460C850B4628880AAA24
:1053F000098903F091FB00286DD13E49684601827E
:105400000227078408A8847103A902A801F08EF876
:10541000002860D1022202A91F9807F04AFF6846BF
:105420000470694644704F850B4628880AAA09898A
:1054300003F072FB00284ED108A8007BC00723D0E0
:105440002C496846C91C01820821018408A887707C
:10545000047103A902A801F069F800283BD1FF21DB
:105460006846C1718171C170817041700170447171
:1054700004716946082048850B4628880AAA0989CC
:1054800003F04AFB002826D108A8007B800600E034
:1054900021E022D52988684681811649A5310182FB
:1054A0000684867308A88770C4700471072141714F
:1054B000847103A902A801F039F800280BD16946CC
:1054C0000E700C854E850B4628880AAA098903F0C0
:1054D00023FB002801D0472032E708A8007BA870F2
:1054E00000202DE7626C75656E726721A4030020B1
:1054F00033070000012A0000034800210068AE3095
:10550000C170817070470000A403002070B50D4B7E
:105510001C68AE342379DD0612D45B0710D533281E
:105520000ED1E07A02280BD10420107000205070B8
:10553000C9B202200EF0C2FA2079FB210840207186
:1055400070BD0000A403002038B5024617480124AE
:105550000068AE30022A1FD0052A03D0072A07D0E0
:105560000B2A20D1084609794088FFF7D1FD1AE0BF
:1055700000790024020600D50124820703D1C20667
:1055800001D480060FD5084600216A46117069468D
:105590000CF098FD044606E08178490703D50179AF
:1055A000FB2211400171204638BD0000A4030020F9
:1055B00010B509480468AE34E07880070BD50020A8
:1055C00005F0B6FA02200EF005F9E0780121084353
:1055D000FD210840E07010BDA40300200FB410B5F9
:1055E000079C01282DD1684680891749884210D12F
:1055F00003A80FC800F026FD00281DD10AF068FCA2
:10560000FA281ED001281CD92078F32108402070E8
:1056100017E00D49491C884208D0C91E884205D0B0
:10562000491C884202D0C91C88420AD103AC0FCC65
:1056300000F008FD002800D0632010BC08BC04B0B6
:1056400018470020F9E70000022A0000FFB50746CE
:1056500073480D4604688FB0AE34A1781E46C80664
:1056600002D5E078C0067DD4880607D5E0788006AC
:10567000800F03D0022F01D0002E73D08806800F38
:1056800006D0022F08D0032F06D0002E6AD003E0E8
:10569000012F01D0002FF8D1880603D4002D01D0AE
:1056A000012D5FD1002E06D130200140384604F094
:1056B0000BFF002856D1119900200870A1788906A7
:1056C0008A0F7DD00CA908A805F0DAFC07900DA977
:1056D0000AA805F0A9FD06900798002802D00698B0
:1056E000002801D1012E58D1022F04A807D003F0C1
:1056F000BFFD002E3CD00798002803D012E00BF02D
:105700006CFDF6E7464F47483B68062208A9181883
:1057100007F0CBFD0028386808D04030417E4908AA
:10572000490041760698002805D014E04030417EBB
:1057300001221143F5E73A4F3A483B6806220AA98D
:10574000181807F0B2FD002838680CD04030417EB0
:10575000FD22114041760798002809D006980028BC
:1057600006D01AE043E04030417E02221143F1E7C7
:105770002B48062203682B4804A9181807F099FD46
:10578000052069460873002E02D108460CF09AF8ED
:105790002548029068460CF049F8A078800611D59B
:1057A0001198032101702079C10603D5002D01D085
:1057B000022D1CD1800605D5012D03D0032D00E05C
:1057C00018E014D1A078C00627D5119901200870DF
:1057D0002079C10601D5002D09D1810601D5012D01
:1057E00005D1000619D5002D17D0012D15D0422066
:1057F00013B0F0BD012F01D1002E03D0890F31432A
:1058000009D00AE00648062203680648611D1818F8
:1058100007F04FFD0120119908700020E8E7000013
:10582000A403002033070000A0BB0D003EB513F019
:1058300037FC044613F0C0FC082C01D1082813D013
:105840000A480B49006806224118684607F031FDF6
:1058500068464079400601D5022000E0032001237C
:1058600002AA0021FFF7F2FE3EBD0000A4030020C3
:10587000330700001FB50E480468AE34E078010617
:1058800012D5A178C9070CD0800708D50420694635
:10589000087368460CF016F802200DF09BFF0020FC
:1058A000E0704006400EE07000F080FB1FBD00007D
:1058B000A403002010B50C46417994B0490610D5D8
:1058C0006A4601210AF09CFA002802D0702014B028
:1058D00010BD0FA906222046023107F0EAFC002085
:1058E000F5E74220F3E7FFB58DB01898169E179D97
:1058F00019991C461746002803D0FFF7E9FB00283A
:1059000013D1002006900890099005900490012181
:1059100007900B95039002900A96019100943946E6
:1059200006200E9B0D9A0CF023FD11B0F0BD70B552
:105930008CB00024109D119E0A940B94049405943D
:10594000039406940794099308920090019402949A
:1059500033462A4604200CF00BFD0CB070BDF0B5A8
:105960008DB00C4616A9E0C90021089109910A9151
:105970000B911599049105A9E0C112A962C9009380
:1059800001911346014603960295224601200CF030
:10599000EFFC0DB0F0BD0000F0B591B00C461AA9B7
:1059A000E0C90021089109910A910B91199904917C
:1059B00005A9E0C116A962C90093019113460146E9
:1059C00003960295224602200CF0D2FC040007D177
:1059D000042008A9087704480E900CA80BF026FFB5
:1059E000204611B0F0BD000020BF020000B500222B
:1059F0008DB00A9205920B9200910892099206923C
:105A000007920146049201920292134603920320E8
:105A10000CF0AEFC0DB000BD002000B58DB00A90BA
:105A20000B900890099005900690079004900090C4
:105A30000190029003460246014603900CF098FC48
:105A40000DB000BD10B514468CB000220B9206922A
:105A50000A92089209920592079204920292019387
:105A600003920B4602460094002105200CF080FCB6
:105A70000CB010BD38B5144B14461D680246AE3547
:105A8000AB7846205B071ED52B795B06DB0E1AD15F
:105A90001046FFF71DFB002815D10023207E6A4623
:105AA0001946FFF7D3FD00280DD16846007820760F
:105AB00001202074204604F055FE002803D12979E6
:105AC00008221143297138BDA4030020FEB51E46EB
:105AD00017460C460546002302AA19463846FFF72A
:105AE000B5FD00281DD16846017A81710D4A281F35
:105AF000904200D300250B4AA01E921C904200D376
:105B00000024684605804480002242718171012191
:105B1000017106F0D7FB002803D13146012005F0C2
:105B200019F9FEBDFD3F0000F8B50E4614490546C3
:105B30000C684620AE34A178490720D52179BB22D4
:105B400011421CD11020014321716979A8790023E9
:105B50006A46FFF77BFD00280DD168460078A871E2
:105B6000284606F0AFFB002805D13146012005F09C
:105B7000F1F8002803D02179EF2211402171F8BDFE
:105B8000A4030020F0B5104C4625246885B0AE343F
:105B9000A678760714D52679B3273E4210D1FFF7B1
:105BA00095FF05000CD120790221084320710620C1
:105BB000694608730520C002029068460BF036FE65
:105BC000284605B0F0BD0000A4030020F0B5104C3D
:105BD0004625246885B0AE34A678760714D5267994
:105BE000B3273E4210D1FFF771FF05000CD1207999
:105BF0000121084320710620694608730520C00270
:105C0000029068460BF012FE284605B0F0BD000079
:105C1000A4030020F8B5124905460C684620AE34AE
:105C2000A17849071AD521794C22114216D10023B7
:105C3000287E6A461946FFF709FD00280ED16846FE
:105C40000078287600262E74284604F08BFD002864
:105C500004D12179042211432171E672F8BD0000BC
:105C6000A4030020FEB51B4904460D682679462092
:105C7000AE35012E03D0002E01D04220FEBDA97802
:105C80000907FBD52979B3221142F7D180200143BE
:105C90002971E1796079002302AAFFF7D7FC002877
:105CA00013D16846017A8171218801806188418021
:105CB000E1794171067106F005FB002805D1A17953
:105CC000012005F047F80028D8D029794906490E67
:105CD0002971FEBDA4030020F8B51E46184B1546D9
:105CE0001C680246AE34A37846205B0726D523798C
:105CF000BB273B4222D11046FFF7EAF900281DD10D
:105D000020792021084320716979A87900236A4607
:105D1000FFF79CFC00280DD168460078A871284642
:105D200006F0D0FA002805D13146012005F012F81E
:105D3000002803D02179DF2211402171F8BD000035
:105D4000A40300200949B22209681423525CBA3125
:105D50001A4208D0498800050905090D000D814245
:105D600001D101207047002070470000A4030020EB
:105D700070B5044620484625066886B0AE36012C2C
:105D80000FD0022C0DD0042C0BD0082C09D0102CD5
:105D900007D0202C05D0402C03D0802C01D04225E8
:105DA00027E03079204224D0082C12D0402C10D08B
:105DB0000620012C03D0022C01D0802C04D169468E
:105DC000087368460BF07EFD0021084604F0C2FF10
:105DD00001E004F015FE05000BD130790021A0434D
:105DE0003071684604744174022104AA08460DF01B
:105DF00065FE284606B070BDA403002010B504F06F
:105E000079FE10BDF3B591B00446032069460870D1
:105E1000002501A805F054F9224609A8129907F0B7
:105E200048FA214634E0002001AB5B199C4614E09F
:105E3000129B1B5C934239D8934201D1002B35D180
:105E4000129ED21A36186746521E76787F78D2B2E2
:105E5000BE4213D0401C1818C0B2A042E8D301AF14
:105E60007A5D4E1C90191F282DD809AB5818614631
:105E7000521C07F01EFA785D8019C1B201A86B466A
:105E8000405D1A786D1C121A521E40191A70C5B264
:105E90006846007822460028C5D110E0129B1B5CA2
:105EA000934203D8934204D1002B02D0422013B076
:105EB000F0BDD21A521E401C1818D2B2C0B2A04275
:105EC000ECD31F2901D94120F1E709A805F02EFFE5
:105ED000EDE702780907090F0A43027000207047B6
:105EE00010B5FFF7F6FF10BDF0B51E48132100688E
:105EF000C901401897B000240C271426C56A05F084
:105F0000EDFB0FA802301490284619F079F9FC280F
:105F100020D16946284619F061F968464078C007E3
:105F2000149804D0FCF77EF90002401C02E0FCF754
:105F300079F90002159010A80130FCF773F90002FE
:105F4000000A169015A805F03BFB002802D0472058
:105F500017B0F0BD641CAD19E4B2BC42D4D300202C
:105F6000F6E70000A403002030B50E4885B00568B0
:105F70002C46AE352879BA34400711D5E87A012885
:105F80000ED11521490268464180012101706088C7
:105F90006B46054A01F09EFD002801D10220E872FF
:105FA00005B030BDA4030020FFFF000010B5FFF7CF
:105FB000DBFF10BD7CB50446E1200D46800005F0F6
:105FC00093FC0BA103C900900191684614F032FFC5
:105FD000012005F0A7FE002801D047207CBD2078D5
:105FE0002021084320700920287000207CBD00007B
:105FF0001F0200000000000010B5FFF7DBFF10BD1E
:1060000010B50446022000F05DF80D48002102683A
:10601000092000021018A032C36E107B05E04A016F
:106020009A5A002A04D0491CC9B28842F7D810BD38
:1060300048011C52C018026904210A43026110BDC4
:10604000A40300201FB582B0002403F055F969466F
:1060500003F0F6F8009A6846116A0089203209E0D8
:1060600023235B5C012B04D10B89834201D1641C87
:10607000E4B209689142F3D1204606B010BD000099
:1060800010B504460146042004F0B0F8002808D0FA
:10609000044805490068401821463C3010F0BAFF1A
:1060A000432010BDA40300206407000004490A68CF
:1060B0003D21490151180A7B02430A7370470000D1
:1060C000A403002004490A683D21490151180A7BB4
:1060D00002430A7370470000A403002000B5113882
:1060E000C0B2FEF7C7FF002804D0012201695205A3
:1060F0001143016100BD012210B55203002806D0F2
:106100001446104600F019F80121204601E0002154
:10611000104600F016F810BD1CB5684600F01AF9DC
:106120000120400300900120694608710020FFF71C
:10613000E2FF684600F044F81CBD0121890788622F
:106140007047012292070029D16901D0014300E084
:106150008143D16170470CC8012189070838012BA0
:106160000B690BD093430B618268012A08D0002A87
:106170000AD04A69006802434A6170471343F2E754
:106180008A6903681A4302E08A6903689A438A614C
:106190004A6900688243EFE701218907496A0142A1
:1061A00001D00120704700207047000002480078AD
:1061B0000249800008580047E0020020AC25061084
:1061C000F0B5027901239B070168002A02D0062A54
:1061D00003D006E05C688C4302E05C6800220C435C
:1061E0005C6000210F240568CD40ED07ED0F37D02E
:1061F000082909D2DE6A8D002746AF40BE43174604
:10620000AF403E43DE622BE00D46083D082D0AD22A
:106210008D002646203D1F6BAE40B7431646AE406C
:1062200037431F631CE00D46103D082D0AD28D0038
:106230002646403D5F6BAE40B7431646AE403743FF
:106240005F630DE017290BD9114E8D002746603D85
:10625000368BAF40BE431746AF400D4D3E432E83B5
:10626000491CC9B21A29BED341790129D9680268EB
:1062700009D09143D960817901299968006804D0D7
:1062800081439960F0BD1143F4E70143F9E7000051
:1062900020000040012189070968014201D0012046
:1062A00070470020704700000149086070470000F7
:1062B0004000004070B50126F6023046FFF76CFF43
:1062C000012826D185072869000502D52869B04331
:1062D00028613046FFF731FFA869184C0005A8690E
:1062E00018D5B043A8612078042812D38020FFF786
:1062F000DBFF1349002008600BF09AF9082020709A
:106300001048FDF799FE10490988081A80B211F06B
:10631000D5F970BD3043A861207804280BD002283D
:1063200001D00128F5D10AF09DFFFF200AF0FCFF03
:106330000320207070BD0520FBE700004203002011
:1063400050030020580000A04403002001218907C9
:10635000C86370470021016001718171417170470C
:106360007CB501256D032846FFF716FF012820D1D3
:1063700084072069800402D52069A843206128464B
:10638000FFF7DBFEA0698004A06908D5A843A061DF
:106390004020FFF7DBFF0749C86A096B04E0284388
:1063A000A0610449486B896B009001916846FFF732
:1063B00007FF7CBDF42A061003480068AE308078E1
:1063C0008006800F70470000A4030020F3B597B04B
:1063D0000D8848880590081D1DC80DAE1DC68C8A05
:1063E000CE8A087E1390C869203101900878009009
:1063F0004878049088780390C87802900F7901F06B
:106400005FFD002817D10120400284425FD8B442CA
:106410005DD8002F01D1B44259D114A9284602F009
:106420000FFF002806D115AA1499059802F0F8FE6E
:10643000002802D0602019B0F0BD149D11A9284693
:10644000183006F04FFC10A88088002810D028468D
:1064500012A9203006F046FC10A8838800892A8DF6
:106460001818696A10188A8B904203D16120E2E7FC
:106470004820E0E715982C4B02899A4227D1232225
:10648000125C012A23D10068006816901398012835
:106490001FD16846808E29221202801A03000BF059
:1064A00098FE0604180404070A18022C0FD110E005
:1064B000072C0CD10DE0042C09D3E00707D1012FE4
:1064C00007D1A64203D3042E01D3F00701D0422006
:1064D000B1E702980B90039B049A0A9309920098E3
:1064E000019A0C9708900696059407920DA81DC86E
:1064F000019002A81CC013980B4600902A461699DA
:10650000179800F0B1F9002895D168460649808EA9
:10651000FF31884205D01798018800200A4603F011
:106520007BFB002087E7000003280000F3B5A5B03F
:1065300008881A9088780C4611901022091D13A81B
:10654000FBF730FEA08A1090A17D68460172E07DC5
:106550000F90207E2090677EA07E1F900020064630
:106560000146129020A801810F20BB4C2390BB490B
:1065700020684018199001F0A3FC00280BD10121DC
:106580001098490288425FD821A91A9802F058FE53
:10659000002802D0602027B0F0BD2198179002F0AB
:1065A000ABFE1A9988420CD102A80190169800906F
:1065B00013AD0ECD1198FFF711F8002801D063201C
:1065C000E9E76846017A8806800F05D0012012901D
:1065D0002068A030007B4600C80703D01298401CFA
:1065E000B61C1290080603D51298401CB61C1290D7
:1065F00017980DA918301D9006F074FB6846129C80
:10660000808EA41CA04237D317980EA92030019089
:1066100006F068FB6846018F00290DD01798179A7D
:106620006B46406A9B8E128D5918808B5118081A40
:10663000A04201D26120AEE71798846911982568BD
:10664000012803D0022803D04220A4E7052000E05F
:106650001320E0832A4639460F98FDF7B8FA4228FE
:1066600099D0199FE28B4037788B398B411A10985B
:1066700010188019814201DA48208CE70EA9019890
:1066800006F030FB6846008F0028179802D0406A59
:10669000808B00E0008D2599401C08802598012101
:1066A0000088A083259802220088401CA8836C489B
:1066B0002081204620301790C170002181708171A7
:1066C0001998398B406D40186946A061097A0170AC
:1066D000A06929461C31401C06F0EBFD11980128E9
:1066E000A0697DD0102213A9C01C06F0E2FD284647
:1066F000102213A9083006F0DCFD388B13303883E4
:106700002E4620361198F0701098E8831F98B070CC
:1067100010982084109828841998398B406D40185F
:10672000A8610021109A06F0C8FD398B109808184E
:10673000388317990120087117990020487130712A
:106740006846007A810701D50121317101070227CE
:10675000002902DA317939433171410703D53179A2
:10676000042211433171400603D5307908210843D2
:1067700030710F9870712098B07121461D9806F005
:10678000DAFA2146019806F0B7FA29461D9806F074
:10679000D2FA2946019806F0AFFA1298002841D0A3
:1067A00068461A998181A18BC1810784478401249D
:1067B00008A8047122A80A9008A884732399417339
:1067C0000F993820014008A801730721C1730025E3
:1067D00005746846007AC00708D02248694600E080
:1067E0002BE0088203A924A8FFF7F0FD6846007A91
:1067F0008006800F07D01B486946401E088203A907
:1068000024A8FFF7E3FD6846007A00060AD529218F
:1068100009026846018208A84473057303A924A8E5
:10682000FFF7D4FD259801881298401C081882B201
:10683000002003F0F1F90020ADE6022213A9C01CEC
:1068400006F037FD2846022213A9083006F031FD74
:10685000388B401D53E70000A403002064070000AC
:106860000328000003290000FFB55248524A00687F
:1068700087B08218069210AA109B0126169F928854
:10688000012B04D14D4B9A4201D1A030067B069DCD
:1068900034464035688B2B8B7C43C31A09982030D3
:1068A0000390A34222DA48200BB0F0BD2320405CC5
:1068B000012819D108896C46208098420CD03F4CA1
:1068C000641EA04208D0641CA04205D0641CA042F3
:1068D00002D0A41CA04207D1384CFF3CA04201D0FA
:1068E000904201D16220DFE7096801E029231B0201
:1068F00003988142DAD109981B9984691898224635
:10690000FDF765F94228CFD01C98012804D11598CD
:10691000874201D24220C7E71598E0832046203005
:106920001C990590817027840A98808B401CA08355
:106930001098012814D02046102211A9083006F022
:10694000B8FC05991098C8700698298B406D4018BE
:10695000A061298B384670430818288300250FE072
:1069600011A80FC808340FC4183CEAE72846A169EB
:1069700078430818159A179906F09BFC6D1CEDB228
:10698000B542F3D30599189848710599199808717B
:1069900005991A98887109982146183006F0CBF9A4
:1069A0002146039806F0A8F90798A18B01800020E2
:1069B0007AE70000A4030020640700000229000019
:1069C000FFB58FB014460E78102205A8891CFBF77E
:1069D000E9FB4F484F490068451801F071FA00285B
:1069E0001ED1002C57D0012E09D16846808A4A4911
:1069F000884204D12846A968083081424BD12846F4
:106A0000103029690390814209D00AA9284606F06E
:106A100069F96846018D601E0D90814202D24820BE
:106A200013B0F0BD284608300CA9049006F05AF9BE
:106A30006846008E002814D0EF680AA9384618303E
:106A400006F050F9384620300CA906F04BF968469C
:106A5000398D008D09186846008E401C081887B2D1
:106A600000E0012701200004C01BA04201D26120E8
:106A7000D6E72C69286801901298012802D00228D4
:106A800003D008E00520C00200E024486085012E04
:106A900003D0022E05D04220C2E720460830022251
:106AA00002E020460830102205A906F002FC20462C
:106AB00031462030064601730F982146078027850E
:106AC000039806F038F92146049806F015F9274690
:106AD0001837E7616662A76126620D9884B20BE001
:106AE0002846019906F027F93846019906F004F97D
:106AF0002868641EA4B20190002CF1D10F9801887F
:106B00000D98081882B2002003F086F8002087E76D
:106B1000A403002064070000011800000128000001
:106B200010B5012101F0A0FD10BD0000F7B506462B
:106B300036480F460068364982B044183046FEF7A2
:106B400087F9050060D020462430009010F078FAD4
:106B5000002859D12869000356D5009810F02AFA68
:106B600004464FE0A088B0424BD12022314600209D
:106B700006F0C6FD060018D0A068002F017B427BFE
:106B800015D033460498FBF7FFFF00200122296946
:106B9000D2049143296100282AD0692802D03046C6
:106BA000FFF76EFA002005B0F0BD6420FBE70A296C
:106BB00006D00C290AD00E290ED0082912D023E0C5
:106BC00032462146284608F029FFDFE732462146B3
:106BD000284608F05CFBD9E732462146284608F0F3
:106BE00053FED3E732462146284608F0E3FCCDE7C2
:106BF0002146009810F02BFA0121204606F0DCFD1A
:106C0000CDE72468002CADD14120CCE7A4030020BF
:106C100064070000F0B56B4989B00A686A490688C4
:106C2000571841886A46118001790791417904918A
:106C3000C1880191806803903046FEF709F904008D
:106C40003ED038462430069010F0FAF9002830D1B2
:106C5000206980032DD5069810F0ACF9054626E092
:106C6000A8880005000DB04220D1A8680223007B4F
:106C700002900320059005226946284606F096FDFD
:106C8000002813D10298162801D105200590E98823
:106C90000598091A0198814208D1059A03462846A9
:106CA000121D039906F082FD00280AD02D68002DE0
:106CB000D6D138461830074610F0C2F900283ED029
:106CC00063E020223146002006F01AFD060011D0B4
:106CD00001212069490488432061012707993F0663
:106CE00000290AD068460288334602990498FBF7C7
:106CF0004BFF1BE0642009B0F0BD384320610298CF
:106D0000324612282946204602D007F033FF01E020
:106D10000BF0C6F8002809D0692805D02069B843CF
:106D200020613046FFF7ACF90020E4E729460698D9
:106D300010F08DF90121284606F03EFDEEE72069AE
:106D4000400322D5384610F035F905461BE0A888E7
:106D50000005000DB04215D1A868007B522801D073
:106D6000D2280FD1022305226946284606F01EFDCF
:106D7000002807D107222846019B039906F016FD3B
:106D8000002804D02D68002DE1D14120B3E70798F9
:106D9000002808D10121206989060843206129467D
:106DA00020460AF0E7FF0121206989048843206119
:106DB0002946384610F04BF90121284606F0FCFC24
:106DC000B2E70000A40300206407000038B50D46B8
:106DD0001446694602F034FA002817D1009B186A5D
:106DE000203311E0818BA9420DD101462031CA78B0
:106DF000012A06D10089064A904202D14C71002036
:106E000038BD462038BD00689842EBD1412038BDDE
:106E100002290000FEB58C68CD88267B012E01D0AA
:106E20000020FEBD4126052D01D01E7019E0247CF6
:106E30000A2C00D01E70002A0DD0896805226846F1
:106E40000C3106F036FA6D1E00AAA9B232200132CA
:106E5000FEF75CFB05E000880A46014602200EF0C2
:106E600019FA4120FEBD70B50546FDF7F1FF04009B
:106E700019D0208AC00416D520222946002006F009
:106E80003FFC05000DD001462046FCF7E3F82846FC
:106E9000FFF7F6F8012120690903884320610020EB
:106EA00070BD642070BD462070BD0000F0B587B095
:106EB0000C46054601F004F800280DD104A9284627
:106EC00002F0BEF9002806D106AA2046049902F075
:106ED000A7F9002802D0602007B0F0BD069C164834
:106EE0002189814203D12321095D012901D042205A
:106EF000F2E7049DA18B2668203501910498A78BA9
:106F00002146203005F017FF04982146183005F07F
:106F1000F3FE3446218908483668814203D1232094
:106F2000005D012801D0AC42E8D13A460020019929
:106F300002F072FE0020CFE7032800007CB50C466B
:106F4000054600F0BDFF00280DD16946284602F035
:106F500077F9002806D101AA2046009902F060F9CD
:106F6000002801D060207CBD01990D4A088990421B
:106F700003D12320405C012801D042207CBD009831
:106F80008C8B203005F0D7FE00980199183005F061
:106F9000B3FE22461146002002F03EFE00207CBDDA
:106FA00002280000FEB5054627482849006800244D
:106FB000461800F085FF002808D1012D07D069464A
:106FC000284602F03DF9002803D06020FEBD622073
:106FD000FEBD009D288D0190AF6918350BE000982B
:106FE0003946183005F0A7FE3946304605F084FED4
:106FF000641C2F68E4B2AF42F1D1009D2F6A2035A6
:107000000BE000983946203005F095FE39463046B1
:1070100005F072FE641C2F68E4B2AF42F1D1304635
:107020000830009905F087FE30461030009905F0D1
:1070300063FE641C0199E0B2081882B2002002F0DD
:10704000EBFD0020FEBD0000A4030020640700004B
:1070500010B5102101F008FB10BD10B5082101F09A
:1070600003FB10BDF7B586B0174606464625FCF76C
:10707000B1FF040025D020223146002006F040FB5D
:1070800006001DD0104869460880012004903B4648
:1070900031462046079AFCF7F8F8050004D0002195
:1070A000304606F089FB0CE0A781012120694903E5
:1070B000084320610548A0613046FEF7E1FF00E08B
:1070C0006425284609B0F0BD032800005B70041059
:1070D00070B586B006464625FCF77CFF040025D037
:1070E00020223146002006F00BFB06001DD00520B3
:1070F000C002694608800120024604900D4B3146CB
:107100002046FCF787F8050004D00021304606F041
:1071100053FB0BE001212069490308432061064825
:10712000A0613046FEF7ACFF00E06425284606B0BB
:1071300070BD0000FFFF0000216B0410FFB589B097
:10714000074646261D781022991C05A8FBF72AF849
:10715000012D04D0022D02D042200DB0F0BD3846E2
:10716000FCF738FF040037D020223946002006F013
:10717000C7FA07002FD019486946088001200490FB
:10718000394620460B9B0A9AFCF77FF8060004D08C
:107190000021384606F010FB1EE00B98A081A06885
:1071A000012D0FD0102205A906F083F825710121C9
:1071B00020694903084320610948A0613846FEF769
:1071C0005FFF09E01022074906F073F8A068022269
:1071D00005A90C30E8E764263046BEE70328000026
:1071E00051700410882D0610F7B51746064646253F
:1071F000FCF7F0FE040022D020223146002006F0E9
:107200007FFA06001AD001983B46401C82B23146F4
:107210002046FBF77AFF050004D00021304606F037
:10722000CBFA0CE0A78101212069490308432061C2
:107230000448A0613046FEF723FF00E0642528469D
:10724000FEBD00004972041010B5202101F00CFAB7
:1072500010BD0000F3B58BB00D784626102206A8AD
:10726000891CFAF79FFF012D04D0022D04D0422083
:107270000DB0F0BD022700E010270B98FCF7AAFE26
:10728000040030D0202200200B9906F039FA049037
:10729000002827D0052106A8C90200910190134BB0
:1072A0000122029720460499FBF7ECFE060004D069
:1072B0000021049806F080FA15E0A068012D0FD097
:1072C000102206A905F0F5FF257101212069490367
:1072D000084320610648A0610498FEF7D1FE02E051
:1072E0000222EEE764263046C2E70000FFFF0000FE
:1072F000F572041010B5022101F0B6F910BD0000BE
:1073000070B506464625FCF765FE04001CD0208AB1
:10731000800519D420223146002006F0F1F906003C
:1073200011D0014600252046FBF742FCA12120692F
:107330008901084320610548A0610320A0733046FD
:10734000FEF79EFE00E06425284670BD51730410D0
:10735000FEB504462D482E490068E269461890683B
:1073600000250146007BD3880831012834D0032B47
:1073700001D0412537E002226846491D05F099FFFA
:10738000216988050BD440366846B28B008882425A
:1073900000D210466080012040020143216102209A
:1073A00001901A483921006849014118097C278851
:1073B00066880123490716D5D902083040182422CF
:1073C000C06C02210BF006FE01000CD08F80CE8035
:1073D00001980BF0EBFD06E04125052B03D1218838
:1073E00002200DF057FF0121E06906F0E5F90020C9
:1073F000E0610120216940038143216121882A46FF
:1074000002200EF077F90020FEBD0000A40300204A
:10741000640700000EB50022009201922023029220
:1074200000F0C6F80EBD3EB50B4604884188828840
:10743000C588007A0293019000950223204600F04F
:10744000B7F83EBD10B5042101F00EF910BD0000E3
:10745000F7B586B0174606464625FCF7BBFD040087
:1074600025D020223146002006F04AF906001DD022
:10747000104869460880012004903B46314620466A
:10748000079AFBF702FF050004D00021304606F002
:1074900093F90CE0A7810121206949030843206189
:1074A0000548A0613046FEF7EBFD00E06425284664
:1074B00009B0F0BD02280000457404100EB5002389
:1074C000009301930293012300F072F80EBD0000B7
:1074D000024608480849006841188868083103E0F6
:1074E000038D934202D200688842F9D1884200D1CC
:1074F00000207047A403002064070000034610B575
:107500000E480F49006841188868083103E0148D5F
:107510009C4203D8104602688A42F8D18A420CD1B4
:10752000018D994209D20146026A20318A4203D074
:10753000416A898B994200D2002010BDA40300202B
:1075400064070000024610B50B48120501680920C7
:1075500000020818C36E0020120DA031097B07E05D
:1075600044011C5B2405240D944203D0401CC0B28E
:107570008142F5D810BD0000A4030020F7B50546F0
:10758000174601980FF016FD2E050446360D0CE047
:10759000A0882568B04207D1214601980FF057FD19
:1075A0003946204606F008F92C46002CF0D1FEBDE5
:1075B000FFB58BB01D464624159F0B98FCF70AFDBE
:1075C00006006DD0202200200B9906F099F8059056
:1075D000002864D0E80706D030460D9B0C9A059928
:1075E000FBF793FD2BE0A8070DD51498BAB281B232
:1075F000169802920091019030460D9B0C9A0599C5
:10760000FBF740FD1BE02807800F1DD01498002FCA
:10761000C4B217D01022394606A8FAF7C3FD68078E
:1076200006AD04940FCD6D460FC50D9B0C9A0599C0
:10763000304602D5FBF7EEFD01E0FBF726FE040025
:107640001DD027E0472425E0E8060AD514980097C6
:1076500080B2019030460D9B0C9A0599FBF77DFD99
:10766000EDE7A80616D50C98C0B2012805D0002277
:1076700030460599FBF7F5FCE1E70122F8E7012127
:1076800030694903084330610748B0610598FEF747
:10769000F7FC05E00021059806F08EF800E0642470
:1076A00020460FB0F0BD0000997C0410F3B552489D
:1076B0000C460068514993B040180F9025886188A6
:1076C00068468185A188018621461022083107A8D5
:1076D000FAF768FDA77900F0F3FB00280DD16946A1
:1076E000888D098E884239D8002837D010A92846BD
:1076F00001F0A6FD002802D0602015B0F0BD109D5D
:1077000003A928461830059005F0ECFA68468089F0
:10771000002831D028462030AC690DA9049005F02E
:10772000E1FA6846818E364A002913D06E46B68942
:107730002B8D7618686A9B19868BB34201D1612024
:10774000DBE70389934203D12030C078012801D0C0
:107750006220D2E7012F03D0022F03D04220CCE7D2
:10776000062000E00420E0830F9E4036708B338BB0
:10777000C01AE38B984201DA4820BEE7288D491CE5
:107780004018139925460880A083228101202035C6
:10779000E8700F98318B406D022240180BA9A06150
:1077A00005F087FDA06902220CA9801C05F081FD6F
:1077B000308B001D3083012F08D1A069022207A958
:1077C000001D05F076FD308B801C30830020687131
:1077D00001212971A870A8712146059805F0ABFA1E
:1077E0002146049805F088FA1398018800200A467B
:1077F00002F012FA002080E7A403002064070000D2
:1078000002280000F7B50F4606464625FCF7E2FBC6
:1078100004001FD020223146002005F071FF060031
:1078200017D001463B462046029AFBF769FD05004A
:1078300004D00021304605F0BFFF0BE00121206994
:107840004903084320610448A0613046FEF718FC54
:1078500000E064252846FEBD8F7C04103EB51488E8
:107860005288002501930092029510232246FFF7CB
:107870009FFE3EBDF0B58BB0002063490290634887
:107880000A68141872B610464030C57902231D43A9
:10789000C57162B625464035287AC0077DD00920DB
:1078A000000210180026C76E49E071017A5A002ABA
:1078B00043D0C919069109694A021ED48A0226D505
:1078C000022104910699012309880905090D0391F4
:1078D000392149014118097C89070ED5D9020830A0
:1078E00040182322C06C02210BF074FB010004D06D
:1078F000039A8A8004980BF059FB06980088009040
:10790000069800F05FFA009809F0BCF915E0480706
:1079100013D5069800880005000D09F045F90028E8
:1079200005D1069800880005000DFCF75DF9069961
:1079300004200969814306980161761CF6B2324839
:10794000AC210068095CB142AFD807F0CBFA204601
:10795000243006460FF074FB012802D0012007F006
:10796000C5F9204618300FF06BFB012802D000202B
:1079700007F0BCF93C3420460FF062FB01280FD021
:1079800002A920460FF085FB0420029902F02EFC8C
:107990000028F0D02046029900E032E00FF027FBEB
:1079A000287A00062DD530460FF04AFB012828D151
:1079B000002005F079FEA98B23314909491CC9B281
:1079C000FAF7DAFB00281CD00F4D04462868012383
:1079D000D9020830401842263822C06C31460BF0DC
:1079E000F9FA01000DD000228A80CC8030460BF0DD
:1079F000DDFA3D212A68490151180A7B8020824323
:107A00000A730BB0F0BD0000A4030020640700005F
:107A1000F8B50F4606464625FCF7DCFA04001ED0F2
:107A200020223146002005F06BFE060016D00146EC
:107A30003A462046FBF790FC050004D00021304672
:107A400005F0BAFE0BE001212069490308432061DB
:107A50000448A0613046FEF713FB00E06425284689
:107A6000F8BD0000C97A0410F0B587B015460E467F
:107A700007461C781022991C03A8FAF793FB0020F4
:107A800003A90191029004232A4600943146384606
:107A9000FFF78EFD07B0F0BDF0B587B015460E4676
:107AA00007461C781022991C03A8FAF77BFB0020DC
:107AB00003A90191029008232A46009431463846D2
:107AC000FFF776FD07B0F0BD10B5412100F060FF73
:107AD00010BD0000FFB589B0074646251E7810226C
:107AE000991C05A8FAF75EFB012E04D0022E02D0E5
:107AF00042200DB0F0BD3846FCF76CFA040024D0EB
:107B000020223946002005F0FBFD07001CD005AD02
:107B100004960FCD6D460FC5394620460B9B0A9A39
:107B2000FBF7B3FB050004D00021384605F044FE06
:107B30000BE0012120694903084320610448A0614A
:107B40003846FEF79DFA00E064252846D1E700009C
:107B5000557B041010B5502100F01AFF10BD10B570
:107B6000FFF756FF10BD10B5FFF752FF10BD000024
:107B7000F0B5224B224C1B681E193D249C46640123
:107B80001B191B7BDB0702D0B368083631E062208B
:107B9000F0BD1C8D84420BD12C20C05C012805D087
:107BA00010200880083313600020F0BD0220F8E7A1
:107BB000844220D21D4620351C6A17E0A78B8742DD
:107BC00011D123231B5D0120012B06D123890D4DEB
:107BD000AB4202D16046A030007BE38B43430B8075
:107BE000A0691060E0E7874205D82468AC42E5D17F
:107BF0001B68B342CDD14120F0BD0000A40300209A
:107C00006407000002290000F7B51746064646251E
:107C1000FCF7E0F9040028D020223146002005F0CE
:107C20006FFD060020D001463B462046019AFBF737
:107C3000CDFA050004D00021304605F0BDFD14E06A
:107C4000A068019913F058FFA0683946801C13F012
:107C500053FF012021694003014305482161A061D0
:107C60003046FEF70DFA00E064252846FEBD000010
:107C7000757C041010B5422100F08AFE10BD10B5CD
:107C8000FFF7C2FF10BD10B5FFF7BEFF10BD10B566
:107C9000442100F07DFE10BDFEB5C7690446B868FA
:107CA000007B0D2838D00CDC072823D004DC012809
:107CB00014D0052878D117E0092821D00B2873D1DA
:107CC00024E013283AD004DC0F282BD011286BD1E4
:107CD0002EE017285ED0192866D161E021883A4647
:107CE00002200DF0D7FA5FE021883A4602200AF020
:107CF00083FD59E021883A4602200AF0F5FC53E062
:107D000021883A4602200AF0F5FF4DE021883A46E4
:107D100002200BF0ABF847E021883A4602200AF037
:107D200079FE41E021883A4602200BF043F83BE01F
:107D300021883A4602200AF023FF35E00220019014
:107D400020880090B8790321401EC6B2F01C084379
:107D5000401C83081A483921006849014118497CB0
:107D6000490721D502218D02083040192C22C06C10
:107D70000BF030F9050017D00098A880AE7132469C
:107D800005213846EB1D05F073FC294601980BF0E0
:107D90000DF909E021883A4602200AF0C7FD03E008
:107DA000218802200AF0E2FB01212069490388436F
:107DB00020610121384605F0FFFC0020E061FEBD96
:107DC000A4030020F0B504463B483C49006885B058
:107DD0004518218A890419D50221049139214901C4
:107DE0004118897C412627880123C9070ED0D90272
:107DF000083040183122C06C02210BF0EBF8010072
:107E000004D08F808E7104980BF0D0F8294620881A
:107E100001221831FFF7B2FB2946208801223031B8
:107E2000FFF7ACFB2946208801222431FFF7A6FB8F
:107E30002946208800223C31FFF7A0FB208800055E
:107E4000000DFFF77FFB850029461131684601735D
:107E500009F038FD294612316846017309F032FDF8
:107E6000294613316846017309F02CFD6846143524
:107E7000057309F027FD208800F03EFB20880105EE
:107E80000D48090D02681320C0011018028A9142A2
:107E900001D100210182E069002802D0012105F012
:107EA0008BFC202200212046A56805F006FA172049
:107EB000A560608005B0F0BDA40300206407000049
:107EC00010B50B480B49006844184034207AC007AD
:107ED00009D0002005F0E8FB217A890701D50028A8
:107EE00003D0002010BD472010BD642010BD00004D
:107EF000A403002064070000F0B55FA099B00068FB
:107F00005E4915905E4A0868841809221202821898
:107F1000D26E2546403514922A7AD20702D06220CA
:107F200019B0F0BDAA8B01235B029A4201D9AB8341
:107F300003E0172A01D21722AA83149AA0301392C1
:107F4000067B0DE0761EF6B2139871010F18B86823
:107F50000F9038462022002105F0AFF90F98B86045
:107F6000002EEFD120460830E0606460A0602460FD
:107F70000830139060612061FF22002108300FF06B
:107F80002EF82046FF22002124300FF028F820464A
:107F9000AA7F002130300FF022F82046FF22002176
:107FA0003C300FF01CF800222A7210461721334B88
:107FB00005E0149E4701BE19401C7180C0B21E68C6
:107FC000A036367B8642F4D8002028832F8C688C1C
:107FD0000026149008E02820E16C70430918204620
:107FE00004F08AFE761CB6B2BE42F4D3002608E046
:107FF0003020216D70430918139804F07DFE761C23
:10800000B6B214988642F3D30120FEF75BF8012440
:10801000684604701B4941802346042269460CA827
:10802000FEF7CEFC002822D16846018E81821649D7
:108030000183042606858475202108A88172002406
:10804000C472047307214173847305A90DA8FEF758
:108050006DFA00280BD1684604874687818E15ABE0
:108060000EAA008E00F058FD002800D158E700202D
:108070002872472054E700000000FFFFA4030020FF
:108080006407000001180000052A0000F8B5044646
:1080900083480E460068834947184820C05DC007E2
:1080A0006FD0B088FCF7D4FE0546012C02D0002C1E
:1080B00068D0F3E0002D04D02869410703D545209E
:1080C000F8BD0121C7E0B268F188147B0029F0D027
:1080D00062060AD568888842F3D3D22C01D0522C8C
:1080E000EFD138463146183048E0A106890E1E29E6
:1080F00049D81E2C20D101071ED5082188432861AC
:108100002988012009F026FA0121304605F054FBA8
:10811000634801230068D9020830401842242D88A2
:108120003922C06C21460AF055FF010003D08D8032
:1081300020460AF03BFFB1E0E1070BD01D2C1AD01E
:108140001B2C18D0410533D4012189020843EE616C
:108150002861A3E0C00606D52B4602220321422057
:108160000EF0EAF8ADE72988002009F0E1F9296965
:108170001020014329613846314624300EF04AFF71
:108180008CE015E016E029882022002005F0B8FADE
:1081900005000DD00121304605F00EFB2B460022D4
:1081A00021460620FAF7F0FC2846FDF769FF75E046
:1081B0004120F8BDB068047B1D2C3CD01B2C43D063
:1081C0000021304605F0F8FA002D67D0032C46D088
:1081D000052C44D0072C42D0092C40D00B2C3ED08B
:1081E0000D2C3CD00F2C3AD0112C38D0132C36D07B
:1081F000172C34D0192C32D0012C30D0022C35D091
:10820000042C33D0062C31D0082C2FD00A2C2DD0A2
:108210000C2C2BD00E2C29D0102C27D0122C25D092
:10822000162C23D0182C21D0522C1FD0D22C1DD08C
:108230001E2C2FD032E0002D03D02988012009F018
:1082400077F93146022001E03146012009F0FEF8BD
:10825000002823D00021304605F0AEFA1EE029693F
:108260001020814329612988002015E028694021D8
:1082700088432861010511D5FF2101310843286198
:108280002988022009F054F901202969C00281439C
:10829000296103E02988032009F05CF90020F8BD7A
:1082A000A40300206407000010B5104A104B1268A8
:1082B000D2184032127AD20706D002280AD00528F6
:1082C00004D00B2810D101E0412010BD4888FDF7F3
:1082D00097FE09E04888FCF7BBFD002804D0012286
:1082E0000169920511430161002010BDA403002023
:1082F0006407000038B50D461446694600F0A0FF3B
:10830000002834D10099086A20312EE0828BAA42DD
:108310002AD101462031CA78012A20D10089154A84
:1083200090421AD0521C904217D0134A904214D057
:10833000521E904211D0104AA13290420DD00E4AE6
:10834000C432904209D00D4A904206D0521C90424D
:1083500003D029221202904201D1462038BD2007C5
:10836000000F0871002038BD00688842CED141203E
:1083700038BD000004290000052A00000228000082
:10838000F3B585B002884488818801913C4FC68846
:1083900005893D21386849014018007BC00767D036
:1083A00001204002854215D86946104600F048FF7A
:1083B000002862D102AA2046009900F031FF00286F
:1083C0005BD102992F480A89824203D12322525C51
:1083D000012A02D0422007B0F0BD09680C6800995C
:1083E000203148E02289824203D12322125D012AF2
:1083F00043D0A38B019A93423CD120462030039076
:108400008178002903D1E08BAA19904205D2012975
:108410002ED1208CA91988422AD3012001900398DB
:10842000C07801280AD117492089FF31884205D137
:108430003868A030007B002701900AE0002738460A
:10844000A169684308182A46069904F032FF7F1C88
:10845000FFB201988742F2D303988078012805D1B2
:10846000002E02D0208CE08300E0E5830020B2E7FC
:108470004720B0E724688C42B4D16020ABE700000D
:10848000A403002003280000FFB581B0154606466E
:108490004624FCF7DDFC070026D0304608F018FC27
:1084A000002821D03005000D08F0FAFBC0071BD1D1
:1084B0000298002803D078880F38A84201D24224BD
:1084C00012E028460F3081B2304605F00BF9060065
:1084D0000DD0014600953846049B029AFAF759FFE1
:1084E00004463046FDF7CCFD204605B0F0BD6424BF
:1084F0008020FDF7DBFDF7E7F1B5FFB085B0472041
:108500000190002069460880534854490068471884
:108510008498FCF79DFC0290002874D0B968083755
:108520004FE0684600880D4604AC20186B460222D6
:10853000283119F0DFFB68460088294620186B4671
:1085400001222C3119F0D6FB2E462036307B6946AD
:108550000128098804A809D040186B461022294632
:10856000083119F0C7FB01902C6A27E040186B46D0
:108570000222F4E76946098804A8401821466B46A0
:1085800002221C3119F0B6FB6946098804A840187C
:1085900021466B460122233119F0ACFB2320005DFC
:1085A00069460128098804A830D0401821466B4646
:1085B0001022083119F09EFB01902468B442D9D1F1
:1085C0002968B942ADD1019800281CD168460088BD
:1085D00081070AD0224A011D11406A4611800A1AF9
:1085E00004A908180B2104F068FE0298008808F01E
:1085F000DBFA002807D1849869460005000D04AA1B
:10860000098807F081FC7FB006B0F0BD4018214614
:108610006B460222083119F06DFB01902089114947
:108620008842CAD120460299FCF7F2FA4000A169BB
:1086300003906A460918128804A880186B46022223
:1086400019F058FB0190A169039802220818002133
:1086500004F033FEB1E70000A4030020640700002B
:10866000FCFF000002290000F0B593B00E4604465E
:108670000020694608760190E0690790002827D01D
:10868000C788002F7DD0B006800F03D02088FDF76B
:1086900059FB019006AB2046019A0799FEF7BAFBF9
:1086A000412861D0B81E80B2009007988068457B51
:1086B000002D56D0F006F107039000290FD0022FAD
:1086C0000DD329460098F9F757FD002903D006E09D
:1086D000412013B0F0BD062D17D0142D15D0B007D2
:1086E00008D5052F06D30321B8078907C84201D151
:1086F000022048E070070ED5022F0CD329460098BF
:10870000F9F73AFD002902D005E001203BE0082DF1
:108710000DD0062D0BD00398800F0ED0022F0CD356
:1087200029460098F9F728FD002902D005E0042029
:1087300029E0072D08D0152D06D0B00611D5012D42
:1087400004D0022D04D00CE008201CE0042500E039
:108750001225022F05D929460098F9F70DFD0029A9
:1087600010D04120694608760121206949038843D9
:108770002061019800287DD006AA01213120FCF754
:10878000C5FEF6E01020810706D57D49B8034018E4
:10879000070CB800C01C0EE0C0060098294604D59E
:1087A000401CF9F7E9FC87B202E0F9F7E5FC07465F
:1087B000781E6843801D81B205AB0222079804F041
:1087C00057FFF0064ED56946A089898A884202D9AA
:1087D000206941065BD4002041E0072D0AD06843A0
:1087E0000B3082B21023A168079804F0DFFF002845
:1087F00015D031E01022634908A804F05AFD029810
:108800000BABC100081A0B3081B20222079804F0AA
:108810002FFF102208A8A16804F047FDE7E70198A0
:1088200000280ED002980CAB6843801D81B22A4606
:10883000079804F01DFF0CAA29463320FCF766FEBA
:108840000AE00798009002982B466843801CC2B249
:10885000218802200CF0C2FC0298401C80B20290D9
:10886000B842BAD33820484F064207D06946A0899B
:10887000898A00E077E0884204D86EE06846808A02
:10888000B8426AD02069410606D5F10604D4012118
:108890008902084320616CE021882022002004F036
:1088A0002FFF050011D00521F2070120C902002A7F
:1088B0000DD06A4611800490908A3B46401C82B2DB
:1088C00029462046FAF7A6FC37E0452001E7B20723
:1088D00013D5207901280ED01020A26802900192B1
:1088E00000916846808A3B46401C82B22946204659
:1088F000FAF7C8FB21E00220EFE7710701D5234A10
:1089000004E00399890F0DD0204A521C69460A8061
:108910000490888AA389401C82B229462046FAF72F
:10892000B4FC0AE0B0060AD56846808AA389401CD8
:1089300082B229462046FAF7E8FB642808D0284688
:10894000FDF79EFB22883046079916F0CBFC10E01D
:108950000021284604F030FFB7E722883046079907
:1089600016F0C0FC00E76846027E218802200CF069
:10897000C1FE0121E06904F01FFF0020E061A8E6CC
:1089800000C0FFFF882D0610FFFF00000228000036
:10899000F0B58BB00D46044600206946087104907E
:1089A000E669002E16D0A806800F03D02088FDF7B8
:1089B000C9F9049001AB31462046049AFEF72AFA21
:1089C000412865D0E80708D02188324602200AF005
:1089D0004DFA5DE041200BB0F0BD680705D5218858
:1089E000324602200AF0E6F952E0A80739D5F088AD
:1089F0006188814205D92188324602200AF00AF8AE
:108A000046E02069410604D501218902084320611E
:108A100080E021882022002004F072FE05001ED094
:108A200021883246022009F0F5FFA068801C15F06D
:108A3000F6FC6188401E401886B2A06815F0EFFC75
:108A40000246334629462046FAF7C0FB2846FDF782
:108A500017FBA0683146801C13F04EF854E0452007
:108A6000B9E7E80614D5F088412702280ED9B16885
:108A7000801E4D7B80B2854201D9012016E0002D79
:108A800004D02946F9F778FB00290FD06846077112
:108A900001202169400381432161049800282DD0E1
:108AA00001AA01213120FCF731FD2DE002900220C6
:108AB000002703901EE0049800280DD0039805AB12
:108AC000001D81B22A46304604F0D2FD05AA29468F
:108AD0003320FCF71BFD07E003980096C2B22B463B
:108AE000218802200CF07AFB0398401980B27F1C89
:108AF000BFB2039002988742DDD3C9E76846027986
:108B0000218802200CF0F6FD0121E06904F054FEFA
:108B10000020E06100205EE7F0B5074617480E46EA
:108B200000683D2149014018007B85B01D46144670
:108B3000C00706D003A9384600F082FB00280AD1FE
:108B400002E0472005B0F0BD04AA3046039900F0CA
:108B500067FB002801D06020F4E704992288608830
:108B60000968002A00D0088C32466E4631C60323BD
:108B70003946002000F004F8E4E70000A4030020D8
:108B8000FFB5002099B0239A0B90129005461490DF
:108B9000064615901C46DB480B460068DA49229FC2
:108BA000411803910021089109915188069111887B
:108BB0000A913D2149014018007BC00706D00FA94A
:108BC000184600F03DFB00280AD102E047201DB006
:108BD000F0BD10AA0F991B9800F022FB002801D0CD
:108BE0006020F4E71998002803D0600701D5012020
:108BF00000E000201390A007800F1C9010981790A1
:108C00002030C078012840D11798C04B0189994283
:108C1000F9D11798069904680A98228C4118914254
:108C200033D82046203016908078012816D0E08B6B
:108C300004901798806900788006800F7ED0039892
:108C400040301890007A800778D51C980028F5D01D
:108C5000AE4F0F99FF372031206814E0BA4214D389
:108C6000B942DDD80497E4E70389A84A934203D1C7
:108C70002322125C012A08D0BB4203D12322125CBA
:108C8000012A03D000688842EED134E10590002823
:108C9000FBD09C480921026809025118C96E0027BF
:108CA000009162E0780100990390085A01055AD0BA
:108CB0001999002901D0884255D105997A008B690C
:108CC000511C595C9A5C0902891889B20D91890777
:108CD00049D002220599FAF795F9002804D019988D
:108CE000002840D0652072E7002008A9C8551C98CC
:108CF000C00718D0179880690078C00613D50D9862
:108D0000C00710D00120C8550543009A0398801869
:108D10004088159A904206D91590009A0398105AE7
:108D20000005000D14901C9880071CD517988069C9
:108D30000078800617D50D98800700E083E012D5F3
:108D40000220CA5D05430243CA55009903984018A2
:108D500040881599884206D9159000990398085AB9
:108D60000005000D14907F1CFFB266480068A0301B
:108D7000037BBB4296D8002D65D01898007A000678
:108D80005FD460480168092000020818C16E002005
:108D90001BE042018E5A360515D0AE070BD556188A
:108DA0003669B7070DD408AF3F5CBF0703D5360758
:108DB00001D546200BE7EE0705D05218127CD207EA
:108DC00001D0432003E7401CC0B28342E1D815988C
:108DD000C01E86B20498864200D90646A8070FD561
:108DE00020220020149904F08BFC129000287DD0E2
:108DF000F01C82B20021129805F0A7FE002811D1C4
:108E0000E80720D020220020149904F079FC0B9070
:108E1000002807D0F01C82B200210B9805F095FEC7
:108E2000002810D08020FDF74DF91298002802D0BC
:108E3000002104F0C1FC0B98002802D0002104F0AE
:108E4000BBFC6420C3E6A1690A98069A0818249915
:108E500004F02FFA16988078012801D10498E08355
:108E6000002D46D0274B0920196800020818C16E52
:108E7000002008AA0CE04301CF5A3F0506D05F1836
:108E8000BC463B69175C3B4367463B61401CC0B234
:108E90001C4B1B68A0331B7B8342ECD8A8070DD565
:108EA00012980090F01C82B221461C310220A36966
:108EB000FAF758FE0220129908F0C8FAE80718D00D
:108EC0000B980090F61C2146B2B21C310120A36918
:108ED000FAF748FE1398002805D00B988021C07C33
:108EE00008430B99C87401200B9900E005E008F0D5
:108EF000ADFA00206BE6422069E68020FDF7E2F83B
:108F00009FE70000A403002064070000032800007E
:108F1000FFB581B01F4606464625FBF75BF8040007
:108F200020D020223146002004F0EAFB060018D0B1
:108F3000014600972046039B029AFAF763FA050060
:108F400004D00021304604F037FC0BE001212069F9
:108F50004903084320610548A0613046FDF790F8B9
:108F600000E06425284605B0F0BD0000718F0410B4
:108F700010B56021FFF70CFD10BD10B5012115F0F3
:108F8000E5FA10BD10B51C4613462246FFF7C0FF98
:108F900010BD0000FFB583B0108802903048462510
:108FA00001681320C0010818008A5688002853D190
:108FB0000398FBF70FF804004ED0202200200399FD
:108FC00004F09EFB070046D0254803990268132051
:108FD000C0011018018240693246069904F069F90F
:108FE0006088401F80B2B04200D33046069900919D
:108FF000019039462046029B049AFAF7AEF8050024
:1090000004D00021384604F0D7FB25E0144801685D
:109010001320C001081840696061A068049912F02B
:109020006BFDA0680299801C12F066FDA0683146B5
:10903000001D12F061FDA0680021801D12F05CFD92
:10904000012021694003014306482161A06138469F
:10905000FDF716F800E06425284607B0F0BD0000D3
:10906000A40300207B8F041010B51C461346224633
:10907000FFF74EFF10BD0000FFB5314883B0016817
:109080001320C0010818008A46250C9F002853D1E0
:109090000398FAF79FFF04004ED020220020039986
:1090A00004F02EFB060046D02548039902681320E1
:1090B000C0011018018240693A46069904F0F9F897
:1090C0006088401F80B2B84200D3384606990091AC
:1090D000019031462046059B049AFAF73EF80500B8
:1090E00004D00021304604F067FB25E0A068049915
:1090F00012F002FDA0680599801C12F0FDFCA0682A
:109100003946001D12F0F8FCA0680021801D12F005
:10911000F3FC0B4801681320C00108184069606126
:10912000012120694903084320610648A0613046B7
:10913000FCF7A6FF00E06425284607B0F0BD00005C
:10914000A40300204991041010B5002115F0FEF988
:1091500010BD38B51488528800922246FFF78CFF64
:1091600038BD38B51488528800922246FFF784FF34
:1091700038BD0000FFB581B0154606464624FBF712
:1091800067FE070025D00298002803D07888C01E0B
:10919000A84201D242241CE011483D210068490147
:1091A0004018007B000602D5642005B0F0BDE81C25
:1091B00081B2304604F096FA06000CD001460095C4
:1091C0003846049B029AFAF704F904463046FCF745
:1091D00057FF2046E9E764248020FCF767FFF8E7A3
:1091E000A4030020F0B58468083015E0258D8D4279
:1091F00003D1146018600120F0BD26461C602036A3
:10920000256A06E0AF8B8F4202D102201560F0BDC7
:109210002D68B542F6D124688442E7D10020F0BD24
:1092200010B50B6A203106E09C8B844202D10020ED
:10923000136010BD1B688B42F6D1412010BD0000A9
:1092400010B5094A094B1268D2189368083206E033
:109250001C8D844202D100200B6010BD1B6893421C
:10926000F6D1412010BD0000A403002064070000D7
:10927000F8B5204E04463568AE3500F009FC207084
:10928000000A607000F004FCA070000AE07000F0BA
:10929000FFFBC2B28004830E227100216371084675
:1092A000275C401C7918C0B289B20628F8D300297F
:1092B000E3D02078FF280CD16078FF2809D1A0786E
:1092C000FF2806D1E078FF2803D1FF2A01D1FF2B28
:1092D000D3D00622691D204603F0E7FF0028CCD03A
:1092E000316806222046783103F0DFFF0028C4D021
:1092F000F8BD0000A403002002480068AE300088DA
:1093000070470000A403002010B50449044B09680D
:109310000622C91803F0CDFF10BD0000A4030020F1
:109320003307000010B5034906220968B33103F082
:10933000C0FF10BDA4030020104C0022134695006E
:109340006351521C0A2AFAD30C4A072511600221E4
:109350000B4E50606D078B001A18083A5719B74228
:1093600001D81268E250491C0A29F4D3BFF34F8F89
:1093700005490448C860BFF34F8FFEE73400002062
:10938000FF5F00000400FA0500ED00E0F7B51646A7
:1093900000241CE000981149001940188108019828
:1093A0008900001942780578120215438278C07846
:1093B0001204000602430948154340420F1829468B
:1093C0003846FBF703FC3868854204D1241DB442BB
:1093D000E0D30020FEBDFB20FEBD00000000FCEF3E
:1093E000F0B50E460746002407E03D1900F050FB9B
:1093F0002870000A6870A41CE4B2B442F5D3F0BD32
:1094000010B528220349F8F7CDFE02490020086074
:1094100010BD00003400002030B5124A114C283A2B
:10942000114BD1690906090F4170D2691207120F59
:10943000827022680D4D01244260AA4208D11A6848
:109440000B4B9A4201D1042200E00222027000E09C
:109450000470002900D144700649898A491C89009A
:10946000816030BD280090401C00001041A0000227
:1094700044A000F200001040F8B51B4E14463368BB
:109480000622783300281DD00225062812D0102786
:1094900008280DD018280BD028280BD02A2809D04E
:1094A0002C2809D02E280DD0802810D01220F8BDED
:1094B0000F7008E00D7006E001220A70185C104081
:1094C00020700EE00A700A781918204607E00A702A
:1094D00013213068C901401881692046243103F006
:1094E000E8FE0020F8BD0000A403002010B501280C
:1094F00018D8072916D80C4A126813462033187753
:1095000059778007C906000E090E01430020074B5A
:10951000A03204E08401E418A172401CC0B2147BA4
:109520008442F7D8002010BDA403002000010020D1
:10953000074A914202DC5242914200DA1146FF2270
:10954000993251430A1251180A14511808187047D9
:10955000FFFF4F0010B50920C00600690002000A95
:1095600008F0DCF910BD7047F0B54F4F044638687D
:1095700085B078300D461646002C10D0062C14D03D
:10958000082C0FD0182C0DD0282C0ED02A2C0CD043
:109590002C2C0DD02E2C0ED0D02C47D048E0062DF0
:1095A0000FD045E0102D0CD042E0022D09D03FE055
:1095B000012D06D03CE0062D3AD1717989090329A5
:1095C0006FD100192A46314603F073FE2C2C26D1A8
:1095D0003078002823D00FF015FC012822D01B2062
:1095E0001F304009401C41004118012004F04AF896
:1095F0000FF008FC012817D01B201F304009410044
:1096000041182A484078401AC01EC1B2002004F018
:1096100039F83868F9224030017811400170002093
:1096200005B0F0BDFB20DBE7FB20E6E7012D04D011
:109630000FF0E8FB012804D005E0107807F000FDEA
:10964000EEE7D12C02D02F2C1ED02AE0082D28D1F5
:1096500002223146684603F02CFE0222B11C01A80A
:1096600003F027FE0222311D02A803F022FE02228F
:10967000B11D03A803F01DFE684683890289818815
:10968000008814F039FFCBE7012D0AD1307800288B
:1096900007D0082805D249223968520189188876EE
:1096A000BDE71220BCE70000A4030020840D0020C9
:1096B00070B5184C072120680902411800260E7762
:1096C000154B4E770622FF21C01803F0F6FD392511
:1096D00020686D0140190671202141710FF092FB45
:1096E000012814D01F2021680B4B4919887120686C
:1096F000093307220021C01803F0DFFD064B206864
:1097000010330522FF21C01803F0D7FD70BD5F2084
:10971000E9E70000A40300201E07000003480178C9
:10972000FF2901D10021017070470000D003002003
:1097300010B509480178FF290CD1C1788278090653
:1097400012041143427812021143002202700348AE
:10975000FBF73CFA10BD0000D003002000F9071011
:1097600070B5012194B0084607F04EFF6846FCF73B
:10977000F1FD384800900420694608716846FCF7FE
:109780001FFD802506206946009508716846FCF794
:1097900017FD8020FCF788FD2F4C0FAB204644308E
:1097A00007C807C30FA8FCF7D6FC2E013046FCF70C
:1097B000C4FCA068129012A803F01AFDE068139090
:1097C00013A803F015FD0121102007F01DFF02A8CA
:1097D00007F0D4FD012469460C72CC7202A807F090
:1097E00079FD07F03FFD07F031FD01213046FCF720
:1097F000A8FCFF2007F098FD012007F047FD01219C
:10980000080407F001FF04A8FAF756FC10200690A0
:1098100009951248049020030D9004A91048FAF706
:1098200021FC0020069020200C900D4D0002143DDC
:109830000D9004A92846FAF715FC01212846FAF7ED
:10984000E9FB0121052007F02DFD0648047014B046
:1098500070BD00000D080000F42A0610080040400A
:109860006C0000A04203002070B501219CB00846A6
:1098700007F0CAFE03A8FCF76DFD09200002039063
:10988000012669460E7400258D744D7403A8FCF7FB
:1098900097FC4020FCF75AFD3E49C869096A1490BC
:1098A000159114A8FCF78CFC3A49486A896A16900D
:1098B000179116A8FCF784FC364C2069189018A85C
:1098C00003F096FC2046503007C811AB07C311A81F
:1098D000FCF741FC6069199019A803F089FC01208C
:1098E000FCF709FCA0691A901AA803F081FC012179
:1098F000082007F089FE684608F020F9E1204002C0
:10990000009003206946087148718D71CD714D72C8
:1099100008728D72684608F06FF81F4C207F102582
:10992000284320771C482030017DC7221140017553
:109930000121284608F054F8012008F007F8012119
:10994000080407F061FE06A8FAF7B6FB069480202B
:109950000B908001114C0F90089506A92046FAF74C
:1099600081FB012202212046FAF75EFB0B48002111
:109970001438FAF74FFB0121022007F0F5FF1720FA
:10998000694608754E758E7505A803F031FC1CB04C
:1099900070BD0000F42A0610000030401C0000A03A
:1099A00070B5012194B0084607F02EFE03A8FCF71D
:1099B000D1FC092000020390012569460D740024A2
:1099C0008C744C7403A8FCF7FBFB2E4E306811908E
:1099D00011A803F00DFC7068129012A803F008FCA7
:1099E0000121082007F010FE684608F0A7F8E120E2
:1099F0004002009003206946087148718C71CC7157
:109A00004C7208728C72684607F0F6FF1E4C207F7D
:109A10001026304320771C482030017DC72211409A
:109A200001750121304607F0DBFF012007F08EFFB2
:109A30000121080407F0E8FD06A8FAF73DFB0694AB
:109A400080200B908001114C0F90089606A92046AB
:109A5000FAF708FB012202212046FAF7E5FA0B4843
:109A600000211438FAF7D6FA0121022007F07CFF12
:109A70001720694608754D758D7505A803F0B8FB6C
:109A800014B070BDF42A0610000030401C0000A085
:109A900000210B200007026852070DD5026804233D
:109AA0009A430260026808231A43026004E0491CDA
:109AB000052901DD0020704742689207F7D541680B
:109AC000C907FCD0806880B2704710B5FFF7E0FF8F
:109AD0000446FFF7DDFF0004201810BDEFF30880F7
:109AE0000149FFF729FCFEE70200ECBC7047704714
:109AF000F0B5454C13252668ED01701980690027E3
:109B0000416B4248AE368DB0814242D00621684654
:109B1000FFF766FC69464879C021084369464871E9
:109B200020680622401980692430FFF72FFC074681
:109B3000102105A8FFF754FC206810224019806905
:109B400005A9001DFFF722FC0743102109A8FFF714
:109B500047FC206810224019806909A91430FFF7DA
:109B600015FC0146394313D1206829494019806901
:109B7000264F40188008810026480818394604906E
:109B8000FBF724F804980068B84201D1002700E0F0
:109B9000FB27226850198069A632243001900620E4
:109BA00001460090002012F0BCF8002802D1206885
:109BB000A6300190701D009A019903F07AFB22688B
:109BC000102631460020803212F0ABF8002807D072
:109BD00020683246411989698030091D03F069FB0C
:109BE000226831460020903212F09BF8002807D0FE
:109BF00020683246411989699030143103F059FBCD
:109C000038460DB0F0BD0000A4030020AAAAAAAAFD
:109C10003400FCEF0000041030B50F4B0F4D1B68F3
:109C200004465B1940331B7A412085B09B0710D551
:109C30006B469981DA81002018820420588203AA99
:109C400004A96D4607C502231A4601212046FEF7E6
:109C500097FF05B030BD0000A4030020640700009A
:109C6000024600200146535C002B00D00120491C15
:109C7000C9B20629F7D37047024800682030C07F78
:109C800070470000A403002070B50E46054601464B
:109C90002022002003F034FD040023D0284600F0E9
:109CA00035F9050027D02879B04224D1A87880075B
:109CB0001FD4A06801210173A06800214673A06829
:109CC00002268673A068C173A0680174A0684174FD
:109CD0000620E0802146052000F088FA002803D005
:109CE000412509E064250BE0A8783043A8700025E1
:109CF00006E0462500E042250021204603F05CFDF9
:109D0000284670BDFEB50488418801918688C788C1
:109D100000890090204600F0F9F8050066D0E87848
:109D2000002863D0A8780007400F01D046255EE0E8
:109D300020222146002003F0E3FC040048D00199D2
:109D40002C48891F81424BD8B11F814248D80198C5
:109D5000B04245D8FF20F530874241D20099781CA7
:109D60007043890088423BD822490098091F0A386D
:109D7000884235D8A06812210173A068E978417340
:109D8000A06808218173A0680021C173A0680199AF
:109D900001740199A068090A4174A068310A8674A7
:109DA000A068C174A068390A0775A0684175A068E9
:109DB000009981750099A068090AC1750C20E0809E
:109DC0002146052000F012FA002803D0412508E0C2
:109DD00064250CE0A87806210843A870002506E059
:109DE00042250021204603F0E7FC00E042252846FA
:109DF000FEBD00007A0C0000F7B500980F46018800
:109E000001262022002003F07BFC040016D00098DD
:109E1000008800F07BF8050036D02879B84233D1AD
:109E2000A87841072ED580072CD40298002808D0A6
:109E3000009802F0CBFA002802D002E0642528E066
:109E40000026A06813210173A06800214773A06851
:109E500002278773A068C173A068310A0674A068DE
:109E600041740620E0802146052000F0BFF900285B
:109E700001D0412509E0A878FB2108403843A870AB
:109E8000002506E0462500E042250021204603F09B
:109E900093FC2846FEBD7CB514460D4600281ED115
:109EA000052D02D00B2D07D011E062792179608851
:109EB000A31D07F00DF80AE021461231881F019119
:109EC0000090627921796088A31D07F018F8214677
:109ED0002846FEF7E9F92146284600F0B5FA7CBD90
:109EE00070B505460C46002000F010F800280BD095
:109EF0002905090D018000218170002C01D1082164
:109F0000817001210171C17070BD000030B5024641
:109F10000A4801230068DB020021C318A030047B3B
:109F200007E0586B0D0140190588954204D0491C83
:109F3000C9B28C42F5D8002030BD0000A403002037
:109F400030B50A49012309680246DB020020CB181C
:109F5000A031097B07E05C6B0501641924889442F9
:109F600003D0401CC0B28142F5D830BDA40300200C
:109F70008068017A407A0002081880B270470000B9
:109F800070B50023134A1DE00125ED0240191901A7
:109F9000466B0024C81C345410684019466B081DD9
:109FA000345410684019406B445210684019466B95
:109FB00008460830345210680C314019406B5B1C65
:109FC0004450DBB21068AC21095C9942DCD8002017
:109FD00070BD0000A403002010B5024688680C463E
:109FE000817AC07A0002081881B2E088001FE08000
:109FF000042909D005290CD006290FD001212046BB
:10A0000003F0DAFB002010BD21461046FEF73EF8B3
:10A0100008E02146104600F03FF903E021461046D3
:10A0200006F00CFD0028EED0E188091DE18010BD8E
:10A03000F3B581B00D4600268888FFF767FF07005B
:10A0400056D0287B3C46083400900228F86833D06C
:10A05000002845D0E888002810D0218840182080AA
:10A06000284603F01BFB01466068806802F07BFE17
:10A070000120616803F0D2FA0020E88020880428DB
:10A0800028D36068FFF774FF001D218880B28142E9
:10A0900026D881421BD16168C88061680198FFF7AA
:10A0A0009BFF0146002000290ED06168A94201D122
:10A0B0006060208045261FE0002801D04526DDE7AE
:10A0C0006560E8882080D9E7606020800BE0452E3D
:10A0D00006D008E0452E06D1384600F0C7F90BE05F
:10A0E000384600F0C3F9002E06D10098012803D1AC
:10A0F0000121284603F060FB3046FEBD024610B544
:10A100000020002A05D0012A02D11046FFF790FF57
:10A1100010BD1046FFF760FF10BD70B50546801EEC
:10A120000C46030008F055F80A0C1D1D06170B0B12
:10A130000B0B060B0A4620782946FFF7ACFE70BDD4
:10A140002846FEF7B1F8608806F00AFE2146284648
:10A1500000F07AF970BD4A890888A11C06F0F8FE63
:10A1600070BD62880978284606F01AFE70BD0000AE
:10A17000F0B585B0FFF7E4FE1B4D04462868A0301B
:10A18000007BA0422DD920463230694608736846CC
:10A1900007F098FB01262868F6028019426B00211F
:10A1A00024011153286827468019426BE01C115482
:10A1B00028680C378019426B201D115428688019BB
:10A1C000406BC05900280CD0012103F0F5FA296832
:10A1D00000208919496BC85129688919496B0834CD
:10A1E000085305B0F0BD0000A403002010B50C46D4
:10A1F0000146042805D0052903D0062901D05020A6
:10A2000010BDA068A2790272E088020AA0684272BA
:10A21000A0688172A068090AC172E088001DE08010
:10A22000022020732046F8F71FFE0028E8D0E088BF
:10A23000001FE080412010BDF8B532380106022031
:10A24000144E009001253068ED020C0D42193921A1
:10A250004901526B4118C97B175B012349070CD593
:10A26000083040191E220221C06C08F0B3FE010024
:10A2700003D08F80009808F099FE316800204919BA
:10A280004A6B211D505431684919496BE41C08552B
:10A29000F8BD0000A4030020F0B50D468DB00021EC
:10A2A0000A91A96800280F7B02D0012822D0C3E0C0
:10A2B000A888FFF745FE624E04463068A030007B58
:10A2C000A04215D9122F08D15E48029020463230A4
:10A2D00069460873684607F0A9FA01203168C00290
:10A2E0000818406B210140188178FD2211408170CF
:10A2F00000219EE0A888FFF723FE06465048AC22C6
:10A300000168525CB24218D90120C0020818406BA3
:10A3100032018418A278100710D5122F10D15007DF
:10A3200010D4A9882A4642200CF0CCFCA078042145
:10A330000843A070A868407B207179E0132F0AD0F1
:10A34000012F41D0A868417BA888FFF79DFC0A90A7
:10A3500000286DD070E0A868E778437BBB4267D1E6
:10A36000520765D5027C407C01230002101887B299
:10A3700042200490A8880690392040010818C07B2C
:10A3800080070FD5D802083108181D22C06C049927
:10A3900008F020FE010005D0069A8A80CF8004983C
:10A3A00008F004FEA078FB210840A070E078401C73
:10A3B0000006000EE07001D10120E07068463236E0
:10A3C000067307F07FFA33E0100731D4A868E1780C
:10A3D000407B88422CD150072AD5FB200240A27036
:10A3E000E078401C0006000EE07001D10120E07012
:10A3F00068463236067307F065FA11482022006875
:10A400009101083040184224AE880223C06C2146D6
:10A4100008F0E0FD01000BD0A868437B877BC07B80
:10A420008E80000238188B710881204608F0BEFD2E
:10A430000121284603F0C0F90A980DB0F0BD0000D4
:10A44000A40300203075000010B5022809D00528AB
:10A4500001D00B2808D1084609794088FFF740FD54
:10A4600002E04888FFF784FE002010BDF8B50546DD
:10A47000807810210843A870422000901148C9013B
:10A48000006801270830401802263B462122C06C94
:10A49000009908F09FFD04000AD0277166713246CA
:10A4A0002946A01D02F005FF2146009808F07EFD18
:10A4B000E868002805D0012103F07EF90020E8605B
:10A4C0002881F8BDA4030020FEB50F4606460024EF
:10A4D0000EF072FE05460EF0E3FD082D01D30828AC
:10A4E00011D202A9684600F0B3FD002F684606D0DD
:10A4F0004079400601D5022102E0032100E0017A03
:10A50000B14200D041242046FEBD0000F1B5144CFC
:10A51000FD212068C900451812490C2647180EF085
:10A520004BFE0099BA7D0A7072B6082815D209212F
:10A530002268090251188A6E60214143891C535CCC
:10A54000032B0AD100235354297D012282409143D9
:10A55000297562B617F098FF002662B63046F8BD3E
:10A56000A403002058080000FFB507468DB0002066
:10A570000890079077481E460168774815460C18E2
:10A580002320400108184771C271002B01D000211F
:10A5900001710E9800287DD0FFF762FB002879D06A
:10A5A000002E03D020342079012873D0FF24002E00
:10A5B00007D0022D02D0032D02D002E0002500E0DA
:10A5C000012564486549006840180B90022F01D0AE
:10A5D000032F6AD1684605700622401C0E9902F0CE
:10A5E00068FE6946002003F015FBFF2803D00B9995
:10A5F000C2005118CC7911239B015649002E14D06A
:10A600000968CA189476232300225B01C9180A71CD
:10A61000FF284AD0372044434E48FF2100682F319D
:10A620002018095C002904D015E00A68D1188C753F
:10A63000EEE70146FF31FF3047311F3004F083F869
:10A640004448062200682118FF3105A8483102F06D
:10A6500030FE012007903F49FF2208684E32201843
:10A66000125C002A1CD10146FF31FF3040313030EE
:10A6700004F069F83748062200682118FF3103A862
:10A68000413102F016FE01200890002E08D0012171
:10A69000304800E018E002682320400110180171E2
:10A6A0000798002801D0002E0AD0324629460E987D
:10A6B00001F08CFD0898002806D0012103A815E0C0
:10A6C0003246012105A8F3E7002F06D0012F1AD04A
:10A6D000022F02D0032F07D115E01E480622016881
:10A6E0006846783102F0E5FD0021684601F0D8FDAA
:10A6F0000124A402002F10D0012F16D0022F0CD05D
:10A70000032F24D111E013480622016814480918C8
:10A71000684602F0CEFD0121E7E70E480068816F30
:10A72000041909027B30E1650CE00A4805680C4811
:10A730002818F7F777FD00022C19401CE06508483F
:10A74000C01C2818F7F76EFD0002000A20660020E2
:10A7500011B0F0BDA4030020580800006C040000F4
:10A7600033070000F0B591B004460EF025FD064613
:10A770009F48A0490068062247189E49E4314518C1
:10A78000092109024118896E0B91FD21C900401869
:10A790000D90002004900590607C69460874214665
:10A7A000123104A80130019102F083FD04A802F0E7
:10A7B000FAF9012804D0082E04D20C2011B0F0BD03
:10A7C0000B20FBE73846C0300790007AC00701D065
:10A7D0003A20F3E720896189E288401C50438900D0
:10A7E000884201D31220E9E7208805210202384679
:10A7F00080304902C2608A4200D2C16061880A0288
:10A800008260A1884B048902591A8A4200D981606A
:10A8100038462030217C0A9001710646627C207EF9
:10A8200001230199FFF7A0FE0020F070A0884102EB
:10A830000D9881610021012000F08CFA0EF0BCFC23
:10A8400041260690082832D20EF0DCFA012811D1F8
:10A850000798C18A408B081867499630F7F78CFC37
:10A86000401CA18980B2814200D2A081E18981424D
:10A8700000D2E081A1890320022900D8A081E189CA
:10A88000022900D8E081E089E2880102A089520211
:10A890000002009202910190A088430260880202A7
:10A8A00020880102069814F007FA060005D000215E
:10A8B000084600F04FFA304680E7E089F861286AE0
:10A8C0000090002008900E90032001900D990D98A3
:10A8D000C98B8069491C4843C001000C079020893E
:10A8E000109060890F9007E0FFF7D2F80646FFF757
:10A8F000CFF800044640089608980EF02FF900287B
:10A90000F2D0FFF7C5F80646FFF7C2F8000446404C
:10A910003002000A0990FFF7BBF8C0B20607360FF5
:10A920000C2E04D34006400F80190C38C6B2207E8E
:10A9300000998001401D0870009C22206070A41CBA
:10A940002046761D396811F0E1F8B8882071000AB8
:10A9500060710C342046089911F0D8F8241D204667
:10A96000099911F0CDF80198E0700E9820710E98B9
:10A970000522000A60710798A0710798000AE0712B
:10A98000109820721098000A60720F98A0720F98A9
:10A99000000AE07216480C340068214648300EF078
:10A9A000D3F81648807B4001801960712A6A4221E1
:10A9B000A868AB685A80AA6810800698602358433C
:10A9C0000B9B079AC01840231A5200224271A868B4
:10A9D000C01D11F095F8A9680120C8720698A968F1
:10A9E0004001001D88720A980221C1700020E5E62E
:10A9F000A40300205808000071020000840D00200C
:10AA000010B58AB006A8FFF781FD040011D100211E
:10AA10000791089102910391049105916846007E87
:10AA200007A901910023009002211A4608460FF061
:10AA300013F920460AB010BD70B540300189428834
:10AA40000025914200D31146C38A028A934200D264
:10AA50001A46C48883889C4200D22346868A448A48
:10AA6000A64200D2344646898E4200D00125C189D3
:10AA7000994200D00125018B914200D00125408BE5
:10AA8000A04200D00125284670BD10B5FFF7D4FFC5
:10AA900010BD70B50C46054602224831C01C0EF0B0
:10AAA00053F8214602225631681D0EF04DF821461A
:10AAB00002224631E81D0EF047F8214628460222C0
:10AAC000543109300EF040F8403420891B211B28F6
:10AAD00000D22181E28AFF204930824200D2E08206
:10AAE000E2881B2A00D2E180A18A814200D2A082A2
:10AAF00070BD000070B50D460B490024884204D893
:10AB000003210EF0F1FA082801D302240AE00749D4
:10AB1000012209682031C97D8240114202D12946B3
:10AB200000F0E8FF204670BDFF0E0000A4030020E7
:10AB3000F0B5824D04468249286885B040180190DE
:10AB40000EF0AEFA002C7DD008280DD34220074627
:10AB500003907C48002402900EF00AFB009008202D
:10AB600004900098082802D30C2005B0F0BD01F035
:10AB700027FA01F017F90098734980014218132150
:10AB80002868C9014018818801988030036BC03162
:10AB90005980016B09800021C94301820021456A67
:10ABA000CB1DEF54856AEF54C56AEF54056AEF5424
:10ABB000066B039DF554039B3F0A1B0A0393466AE9
:10ABC000029D0B1DF554866AF554C66AF554066A53
:10ABD000F554066BF554029B491C1B0AC9B202933B
:10ABE0000329DCD3009911234907090E456A0B4359
:10ABF000AB72856AAB72C56AAB72019B1D7E022384
:10AC0000022D0BD1456AAE7A1E43AE72856AAE7ACA
:10AC10001E43AE72C56AAE7A1E43AE72466A012703
:10AC2000F772866AF772C66AF7721943036B9972F4
:10AC3000036A9972036B0321D972016ACF720021F2
:10AC40000B4600E04EE0535455186B71491CC9B2D5
:10AC50000529F6D38025957201992031CE7BD672D5
:10AC6000868C1682068E5682384E9661384ED66194
:10AC70003E462027BE54D375019A127E002A04D086
:10AC8000012A04D0062A12D110E018240FE0032272
:10AC9000836828245202934209D1C368934206D1A3
:10ACA00000220492FF225632028200E01024497BE7
:10ACB000002904D0012904D0022906D103E0C021D3
:10ACC00002E02C4301E040210C430499C2680902D0
:10ACD000806853184218E108C900491C009814F014
:10ACE000EBF842E772B608280CD209212A6809025B
:10ACF00051188B6E60214143891C5C5C6407640FB2
:10AD0000012C01D062B616E0F024A45C002C04D023
:10AD10001126FF24B6019219947500225A543F213E
:10AD20002A68490151180B7F0122824093430B7717
:10AD300062B617F0E7FB002017E70000A40300202D
:10AD4000580800008100B000CC000020D6BE898EDB
:10AD500055555500F3B5054693488DB001689348A5
:10AD60000F189248E4300C18FD20C0000818049019
:10AD7000092000020818806E06900EF01DFA0646A3
:10AD8000E0210E98C8553046082E0AD2002D7DD1FC
:10AD900072B60DF065F962B6304617F037FB002643
:10ADA000FFE0002D72D038468030C168029186687D
:10ADB00042200A9009907E48089000200C900EF0E6
:10ADC000D7F9054605AB3246029913F0AFFF0121D2
:10ADD0000646490405E0800805900C98401CC0B266
:10ADE0000C9005988842F6D80C9805998004401874
:10ADF0000B2109054018059078684021800A084019
:10AE00006949C01C0A681321C90151188968087072
:10AE100065480C2102681320C00110188068417039
:10AE20006148396802681320C00110188068801CCE
:10AE300010F06CFE5C4801681320C001081881689E
:10AE4000B8888871000AC871574801681320C0018A
:10AE5000081841689031A1614168603139634168E7
:10AE60003031E16140682062E16900200870216AA8
:10AE70000870A0696168E2685080E0680180388EDF
:10AE8000E168626850806068018000E088E04648C0
:10AE900001681320C00108180089216822685080C9
:10AEA000206801800021099B2768C81D02463B5489
:10AEB0000A98E368985463689854059AE368081DF3
:10AEC0001A54089A63681A54059A23681A540A98FF
:10AED000491C000A0A900998C9B2000A099005980D
:10AEE000000A05900898000A08900329DBD32E4831
:10AEF0000168492040010B18987E002815D0E168B0
:10AF00006801C01C88722168680188726168887253
:10AF1000E1680320C87221680122CA726168C872A0
:10AF2000082D39D2002E04D03BE0E16868011330CF
:10AF3000E8E72049A8014018002181729B7E002B80
:10AF400028D0DF0701D0252302E09B0722D5262346
:10AF5000C37223680382E3684382174BC361174BB4
:10AF6000836120231A54C1756020069B6843C01872
:10AF7000417172B6049BAA401B7D03241A4384705E
:10AF8000241F4481C1730498027562B6184616F0F6
:10AF900045FE06E02723DBE7002E02D1412600E034
:10AFA0000C2630460FB0F0BDA40300205808000066
:10AFB0002C01B000CC00002055555500D6BE898E1E
:10AFC00030B50D461C49144609681C4A91B08918D1
:10AFD0000922D206096D1269891A194A09021288D2
:10AFE000090A12070AD5002B08D1164AFF399142E7
:10AFF00004D322462946F7F783F91AE001461022C6
:10B0000004A802F056F91022294608A802F051F9C6
:10B0100004A8009008A801900CA80290002069469E
:10B02000087368460DF0F2FE10220CA9204602F0CB
:10B0300040F9002011B030BDA403002058080000E2
:10B04000C000002002FF7F0010B5FFF7B9FF10BD60
:10B0500070B5044608480D46006808494618204661
:10B06000316810F063FD72682271100A6071100C73
:10B070002870002070BD0000A403002058080000C4
:10B0800070B50D4604460EF00BF8082801D31F20BA
:10B0900070BD09480949006840180022416B931CA3
:10B0A000C95CA154521C062AF8DB406B00784006AC
:10B0B000C00F2870002070BDA403002058080000B5
:10B0C00030B50C4A0C4B1268D218936A2032147BAC
:10B0D0001F2C02D90020087030BD002205E01D7829
:10B0E0000570521C401CD2B25B1CA242F7D30C70FC
:10B0F00030BD0000A40300205808000010B504462D
:10B100000448807A8006400F0DF010FE2070002069
:10B1100010BD000000010020F8B5074613480E4698
:10B120000568FD20C0002C1836350EF021F813F00C
:10B13000BBFC3A20005D02070120120F014691403E
:10B140002A781207120F90400143207D884309D0CE
:10B150006068000A3860606813F056FC000A3060CE
:10B160000020F8BD002030603860F9E7A40300201B
:10B1700070B50D4603210DF0B7FF09498001441851
:10B1800072B62046213013F070F9203464790146FC
:10B1900062B6284610F0CAFC2C71002070BD000079
:10B1A000CC000020054A064B1268D218C032938B9F
:10B1B0000380D08B0880002070470000A40300208B
:10B1C0005808000010B50C46054980014018807AE7
:10B1D0008006400F0DF0AAFD2070002010BD000079
:10B1E0000001002030B5074C074D24686419C034B5
:10B1F000A58A0580E08A0880208B1080608B1880EB
:10B20000002030BDA40300205808000070B504469B
:10B210000025FEF73DFC2070000A6070A41C6D1C28
:10B22000042DF6DB002070BDF8B50C4605460DF088
:10B23000C3FF082801D31F20F8BD0A4E132730682A
:10B24000FF01C019806806222946801C0DF07CFC95
:10B250003068C019806800784006C00F2070002058
:10B26000F8BD0000A403002070B5044601210020B1
:10B270006054491CC9B20829FAD30DF0C3FD450139
:10B28000093502F0DDFD8001054313F0D3FAC0015A
:10B290000543257013F0FCFF012803D1E078082155
:10B2A0000843E07070BD0021C94310B58B0D00222A
:10B2B00081541C06090A521C21431B0AD2B2082AD7
:10B2C000F6D310BDF8B55E4B5E481E6800223018FC
:10B2D00001462031027613240D460A73E401311928
:10B2E0008E68FF2728368663896849375031416365
:10B2F000083181620721A973416B524E0A70456B78
:10B30000062169701B68FB2519198C687834C463A1
:10B3100089680824A03101640146C0314A720A726A
:10B32000CC738C731B240C824F828D82103ECE8294
:10B330000D834E838C83CF8343495A65196513234C
:10B340003F4C0146DB012668B518F618B768603532
:10B3500016462D7E2A36BD552668F618B76816465D
:10B360005236BD552668F618B76816467A36BD556A
:10B370002668F618B7681646A236BD550D70521CE1
:10B38000D2B2491C062ADED300230B70826B062141
:10B390005170426B5170024680325361194693617D
:10B3A0001BE009252D025B1960254D439F6E2B463E
:10B3B000264E0A33FE52092327681B02FB189F6E94
:10B3C0002B4600262033FE50092327681B02FB185A
:10B3D00024359B6E491C5E51C9B22368AC25ED5CD7
:10B3E0008D42DED8002501219583C9020184556470
:10B3F0000920216800020918896F936B891C598004
:10B4000021680818806F516B801C48801048818D1E
:10B41000206840300186F8F73FFB3F212068490152
:10B42000411841220D77520108218018817000F0E7
:10B4300055F913F06FFA20682030C574F8BD00008C
:10B44000A403002058080000862E0000FFFF000023
:10B45000640D0020F0B58DB00026574D04460696C9
:10B460000796089609962868E030007C012803D1E9
:10B4700013F014FD012811D029680020E031487430
:10B48000E01D0B9402901734059400200B9902F0F4
:10B49000F1F90646FF2804D0002003E00C200DB08F
:10B4A000F0BD07200A902868F100444A091889185D
:10B4B00003912F21490140180C9070087F285BD020
:10B4C00002F092FB0746F00903D07F1E7606FFB21A
:10B4D000760E37202968784344180398FF34C771E3
:10B4E00003201B340B9902F095FB01460020FF223C
:10B4F000A070E2702670FF2906D00122A270E170D0
:10B50000CA000C995118CF71264601212036717559
:10B510000746B075102206A9029801F0C6FE002861
:10B520000BD01022201D029901F0C3FE21462C31C0
:10B53000201D03F0D7F8277501E0012020751022A7
:10B5400006A9059801F0B1FE00280DD0204615305F
:10B5500010220599039001F0ACFE21462531039895
:10B5600003F0C0F8F77401E00120F0746178012065
:10B5700002F08EFAFF206070104E0024F836371F5C
:10B580000EE0E100081881190022029803F090F8FB
:10B59000002803D12146022002F07AFA641CE4B2AA
:10B5A0002868C1190978A142EBD829680120E03147
:10B5B00048740A9873E70000A40300206C0400009C
:10B5C000F1B5194D00212868E0304174032000993D
:10B5D00002F050F901270446FF281ED0002630460D
:10B5E000009902F017FBFF280DD0C10028680F4A10
:10B5F00009188918CA7937235A431018FF301B30AD
:10B600008770C470C8792A68E100891840062F2223
:10B61000400E52018918C87100E007262868E03002
:10B6200047743046F8BD0000A40300206C040000FD
:10B6300070B5274C002520680126E0304574007C59
:10B64000012803D113F02AFC01283CD0214B2068AB
:10B650007822FF21C01801F030FE1E4B2068F8331D
:10B660007822FF21C01801F028FE9D232068DB000E
:10B670007822FF21C01801F020FE23212068490113
:10B6800041180D722721490141180D712B214901E3
:10B6900041180D70F4210D58FF300F4A00211B3066
:10B6A00001F00BFE2068FF210246E0321346917440
:10B6B0001122920182181176517691768030456779
:10B6C0005E74002070BD2068E03046740C2070BDB0
:10B6D000A40300206C0400003903000010B5084CDE
:10B6E0002F2320685B01F822FF21C01801F0E5FD3F
:10B6F00017222168002092018918087710BD0000E8
:10B70000A4030020F8B5144D064628681746002209
:10B71000E0304274104602F07DFA0446FF2811D052
:10B720002968E0000D4A40188018C079372250433C
:10B730004118FF311B31012E0AD0062238462D3127
:10B7400001F0B7FD28680121E03041742046F8BDC2
:10B75000062238462631F3E7A40300206C040000DB
:10B760000F2070471F207047F8B5204C0546206811
:10B77000E030007C012803D113F090FB01282CD08D
:10B7800020680027E03047742946384602F042FA24
:10B7900006462168C000164A40188018C079372232
:10B7A00050434518FF351B35FF2E18D0352047551F
:10B7B0006978012002F06CF93146002002F068F946
:10B7C000E878FF2807D02168C00040182F214901E0
:10B7D00040187F21C171002002E00C20F8BD02203A
:10B7E00021680122E0314A74F8BD0000A403002062
:10B7F0006C04000070B5144C00262168E0314E74D2
:10B800000146032002F006FA0146FF2815D02268FF
:10B81000C8002F2380185B01C018C07900257F283D
:10B8200007D0372358438018FF301B308670FF2223
:10B83000C270032002F02CF900E0022520680121EB
:10B84000E0304174284670BDA403002010B50446C2
:10B8500013F024FB002801D00C2010BD0248006822
:10B86000E0300474002010BDA403002038B51C4C47
:10B8700005462068E030007C012803D113F00EFB60
:10B8800001280ED020680021E03041740122E91D1A
:10B89000684601F00EFD68460078012803D91220A1
:10B8A00038BD0C2038BD2946002002F0B3F92168CC
:10B8B000C2000C4B5218D218D27937235A43511870
:10B8C000FF311B31FF2805D068460078203188758C
:10B8D000002000E0022021680122E0314A7438BDD6
:10B8E000A40300206C04000010B56421064C4843FA
:10B8F000216880314867FDF72DFE21688031886717
:10B900000020C86710BD0000A403002010B50A463F
:10B910000446032110460DF0E7FB08280CD2074926
:10B920000922096812028918896E6022504308189A
:10B93000807B2070002010BD122010BDA4030020C9
:10B94000F8B5294D294A29688C1803210DF0CCFB44
:10B95000064610F01BFA070005D0CF20005D082E28
:10B9600004D30220F8BDCE20005DF8E7082801D2FC
:10B970003A20F8BD72B60921286809024018816E84
:10B98000602070430D186879800701D062B6EFE738
:10B9900008200090012F01D10E2000900DF032FA06
:10B9A00009214007090640180099090408430F4976
:10B9B000AB314018696B0860696B00204860696BA7
:10B9C00088607D204002002F09D0C034A081E6733A
:10B9D000687901210843687162B60020F8BDC0345F
:10B9E0006081A673F4E70000A4030020580800005B
:10B9F000F3B5294E294A316881B08C1803210DF026
:10BA000073FB054610F0C2F9002805D0CF21095D6F
:10BA1000082D04D30220FEBDCE21095DF8E70829D8
:10BA200001D20C20FEBD09213368090259188A6E23
:10BA300060216943511872B64E790A69B607D70773
:10BA40003E4307D0D00724D002982C31016062B663
:10BA50000020FEBD80335A8C4E6B114B33601204B4
:10BA60004B6B30325A604A7901231A434A710A6992
:10BA700002231A430A617D214902002805D0C034FF
:10BA8000A181E57362B64520FEBDC0346181A57316
:10BA9000F8E762B63A20FEBDA40300205808000073
:10BAA00003060C0B10B50446808803210DF01CFB27
:10BAB000022172B6082815D20D4A13680922120213
:10BAC0009A186023926E5843831CD35C002B09D0D4
:10BAD000002110182160016A002906D0416A0C601B
:10BAE0004521446262B6084610BD0462F8E70000D2
:10BAF000A4030020F8B5064624480F4600682449F0
:10BB00004418092109024018816E602070430D1805
:10BB1000304610F03BF9002816D02046CF30CC3408
:10BB200072B602780121B140082A02D36A799207DD
:10BB30000ED06879800726D4144800682030C27D72
:10BB40000A43C2753A201FE02046CE30CA34E7E7E8
:10BB50007A06104B5208D2186B6B1A603A0601D461
:10BB6000132200E012226B7913436B710670288B4D
:10BB70002080403505486F7700682030C27D8A43B9
:10BB8000C275002000E00C2062B6F8BDA4030020BE
:10BB90005808000003020200F7B50F4682B00321E7
:10BBA0000DF0A2FA064610F0F1F80090082E02D32C
:10BBB000022005B0F0BD294829490068451809212F
:10BBC00009024018816E602070430C1872B6A0788C
:10BBD0004007400F052804D0022802D00C2062B68E
:10BBE000E7E76079800701D03A20F8E72046403047
:10BBF000478004990182017F202211430177616B04
:10BC000018480860676B204602224430F91C0CF08B
:10BC10009BFF20460222791D52300CF095FF2046F2
:10BC20000222F91D42300CF08FFF394620460222D5
:10BC3000093150300CF088FF6079012108436071B0
:10BC40007D2000994002002904D0C035A881EE7300
:10BC50000020C4E7C0356881AE73F9E7A403002073
:10BC6000580800000309140070B503210DF03CFAD8
:10BC7000082801D3022070BD264909220968120252
:10BC80008918896E602250430D1868796E6B8007A1
:10BC900001D03A2070BD2C464034E188A08801F0E4
:10BCA0005EF8E081A18A608A01F059F860832189F9
:10BCB000608801F054F86081E18A208A01F04FF831
:10BCC0002083C0080E3881B2608901F048F8A08155
:10BCD000114830606C6B284602224430E11C0CF0A5
:10BCE00033FF28460222611D52300CF02DFF2846FA
:10BCF0000222E11D42300CF027FF21462846022295
:10BD0000093150300CF020FF687901210843687137
:10BD1000002070BDA40300200309150010B5FFF733
:10BD2000A3FF10BD10B5FFF791FD10BD70B51B4A04
:10BD30001B4B1268D418E36B0833A3621F2901D987
:10BD4000302070BD0022656BE66BAD5CB554521CB3
:10BD5000D2B2082AF7D3002205E00578521C1D70E4
:10BD6000401CD2B25B1C8A42F7D32C200155E06BF9
:10BD7000891D41700DF094F9217E01290CD008280D
:10BD80000AD2616BE06BE16360638034616A488072
:10BD9000A16A4880E16A4880002070BDA4030020A9
:10BDA0005808000030B53148314900684018416BEF
:10BDB000037E0A781B07920992011B0F1A430A702F
:10BDC000C16B037E0A781B07920992011B0F1A436D
:10BDD0000A70816B0A7892099201121D0A70016C37
:10BDE0000A7892099201121D0A700021024620323F
:10BDF0000BE0836A456B5C5C0B460833EC54846A49
:10BE0000C56B645C491CEC5489B2137B8B4201D92D
:10BE10001F29EED3017E012907D0D9B2426B891DBB
:10BE20005170416B0831816230BD0346C26B1033E3
:10BE3000083281688262446B0C22627000221546CF
:10BE4000446B083561551970090A5B1C032A00D13F
:10BE5000C168521CD2B2062AF1D3406B0278520656
:10BE6000520EC9010A43027030BD0000A403002035
:10BE700058080000F8B5504F064650493868451834
:10BE80000DF00EF9082812D10DF096F9082803D00C
:10BE90002320405D02280AD0386834462030807D57
:10BEA000093400070028307903DB032803D00C2075
:10BEB000F8BD012804D02046FDF7D2FE002806D0A8
:10BEC000327AF07900232146FEF74EFB0BE0002387
:10BED000F0791A461946FEF747FB11223968FF2010
:10BEE0009201891888752C468034216A288F4880F1
:10BEF0003079012821D030880002A06070880002CB
:10BF0000E0600020C0432082307902281CD0032842
:10BF10001CD004281CD001281AD0052800D3FF20EB
:10BF2000287628462030B1794173717903468173B0
:10BF300027200022CE070FD011E003204002A0608E
:10BF4000E060FF205630DEE70620E9E70220E7E761
:10BF500001200021B171E3E74908401CC0B2521C26
:10BF6000D2B2022AE6D3052902D1801CC0B2032135
:10BF7000272801D9C01EC0B2666A228D3280A66A07
:10BF8000A28D3280E66AA28C3280666AAA8E7280A6
:10BF9000A66AAA8E7280AA8EE56A6A80D87303297F
:10BFA00002D0012904D005E0A16AA08C088001E03C
:10BFB000606A00800020F8BDA4030020580800003B
:10BFC000FEB51F481F4900684718694601A8FFF7DA
:10BFD0003FF8BE6B7D6BFC6B3B6C72B6002001AA18
:10BFE000811C175C6F54175C7754175C6754175C9F
:10BFF000401C5F540628F3DB694609782A78BF2085
:10C00000C9070240490E0A432A7069460978327806
:10C01000C9070240490E0A433270694609782278FE
:10C02000C9070240490E0A4322701A786946024045
:10C030000878C007400E02431A7062B60020FEBDA9
:10C04000A403002058080000F8B51C4FFD233968F0
:10C050001B4ADB00CD188A1809231B02C032CB18FB
:10C06000927B00249E6E082A01D20C2423E072B633
:10C07000052248310CF068FD62B601223B680020C1
:10C080001946A0331B7B403111E02F7D17420AD0A7
:10C0900060274743BF19BF787F077F0F052F02D165
:10C0A0004F7B17434F735206120E401CC0B283429F
:10C0B000EBD800F007F82046F8BD0000A4030020EC
:10C0C0005808000070B50F4D0F49286841184030DE
:10C0D000407B002814D0C031897B082910D100246E
:10C0E00002E04008641CE4B2C107FAD0204603F025
:10C0F0002BFD286801224030417BA24091434173CF
:10C1000070BD0000A403002058080000F7B52C4FB4
:10C110000E462C49386882B044181546032102980F
:10C120000CF0E2FF00900920396800020818816EC7
:10C130000098602250430F1800980FF027FE002847
:10C1400007D0CF20005D0099082905D3022005B053
:10C15000F0BDCE20005DF6E74037397F4A0701D5B4
:10C160001A20F4E732461B3AE12A05D22A46FF3A62
:10C17000154B493A9A4201D31220E8E78A0601D4C6
:10C18000C90701D00C20E2E7082801D23A20DEE7F7
:10C19000C034A08AB04200D20646E08AA84200D24B
:10C1A00005467889B04204D1388BA84201D10020DD
:10C1B000CDE72A4631460298FFF7EEFCC7E70000BC
:10C1C000A40300205808000049410000034610B5B0
:10C1D0000A48002A006806D0094A801872B60A4642
:10C1E0001946103006E0064AE43A801872B60A464C
:10C1F000194608300BF0A3F862B610BDA403002066
:10C200003C090000F8B514460A46054601211046CF
:10C210000CF06AFF0146082801D30220F8BD1C4833
:10C220000922006812028018826E602048431018AC
:10C23000184A89018B18426B002D07D0164972B637
:10C2400043799B070DD062B63A20F8BD00215F18F4
:10C25000665C2037BE73491CC9B21029F7D30F4959
:10C26000EDE711604179012211434171002D09D0A0
:10C27000074849220068082152018018C17162B63E
:10C280000020F8BD01220169520411430161F6E763
:10C29000A4030020CC00002003020D0603010500CA
:10C2A000034610B50548064A0068801872B60A466B
:10C2B00019460BF044F862B6002010BDA40300201C
:10C2C0005808000070B50546114812490068441826
:10C2D0000CF072FF082801D20C2070BD28880522BE
:10C2E0000102204680305202C160914200D2C260F9
:10C2F000698820340902816028790023E070A879D8
:10C300001A461946FEF730F968792071002070BD91
:10C31000A403002058080000F0B5144A144B12681A
:10C32000D3181A6C154608321F2901D93020F0BDE8
:10C3300000249E6B1F6C365D3E55641CE4B2082CD5
:10C34000F7D3002405E00678641C1670401CE4B2A4
:10C35000521C8C42F7D3186C891D4170986B9D63F9
:10C3600018648033186A45800020F0BDA4030020C3
:10C370005808000030B41348092203681120C00196
:10C380001818D206806A11690F4C411A09022588D3
:10C39000090A2D0702D430BC01207047647A9B6AD9
:10C3A000E400E3188B4209D20123DB05994205D250
:10C3B00059000843506030BC0120704730BC002059
:10C3C00070470000A4030020C0000020F0B505461F
:10C3D0005A485B4900688BB044180CF013FD0128E3
:10C3E00012D12046C030C18A408B0818554996307A
:10C3F000F5F7C2FE401C698980B2814200D2688193
:10C40000A989814200D2A88169890320022900D824
:10C410006881A989022900D8A881288802210CF006
:10C4200063FE082802D302200BB0F0BD2646C036BA
:10C43000B17B082901D20C20F6E7317AC90701D077
:10C440003A20F1E7698849020491A9882F89079762
:10C45000AB894A021B0209936B89ED8806956D1C16
:10C460004D431B02B9008D4201D31220DCE7334952
:10C47000092509682D0249198D6E602141436D1807
:10C480007D21B07349027181A98906277943093159
:10C490008FB22989BC46614489B2089104A90292ED
:10C4A00005AF009301910322039752026146099B55
:10C4B00012F086FC0821002801D0B173B4E705987A
:10C4C000069FFF300130400A05900498059B400A02
:10C4D000049000041843079B1B4A1B043B4372B69D
:10C4E0006F79BF0702D062B6B173A9E7696B0A60C2
:10C4F000696B4860686B8360696B0898C86068798D
:10C5000001210843687162B620464030C177059A20
:10C5100042849C23049A1A53069A4285079AC2853C
:10C52000089A42860998E061A879C006C00E0843BF
:10C53000A871307A08433072002075E7A403002008
:10C540005808000071020000030C0003FFB53348D7
:10C550000E460068324987B045181F4614463046DB
:10C5600011F06DFF0190301D11F069FF00902078EF
:10C57000617802AE0C020443022107980CF0B4FD6E
:10C5800000213A783270491CC9B2761C7F1C1029F0
:10C59000F7D3082802D302200BB0F0BDC035A97B29
:10C5A000082901D20C20F7E71C4909220968120268
:10C5B00089188A6E60214143511872B64A799207F0
:10C5C00002D062B63A20E7E77D2252026A81A87360
:10C5D0004A6B144810600869020504D548790122A5
:10C5E0001043487103E001221203104308614A6BB3
:10C5F000019850604A6B009890604A6B0298D06036
:10C600004A6B039810614A6B049850614A6B059815
:10C610009061486BC46162B60020BDE7A4030020AE
:10C620005808000003010A00F1B54B4C3F21206877
:10C6300049014A4A4118097F1288120701D400298A
:10C6400001D00C20F8BD1125ED014019C06F422723
:10C65000434E00800CF0D6FB012847D01320216800
:10C66000C001081800894919C96F28304880002086
:10C6700021684919CA6FC11D575421684919C96FEA
:10C68000021D8E54401C3F0A360AC0B20328EFD365
:10C69000206801214019C26F9172C06F0321C172DD
:10C6A0002E4E0020B0752D4FFF212037C219517337
:10C6B000401CC0B20428F9D31F20787400980CF0F5
:10C6C00032FAF07511202168C0010818C16FB183DA
:10C6D000C06FF083234870622348B06200253D7329
:10C6E000FD700CF08FFB012809D00AE009212068B9
:10C6F000090241184019C06F896F4180B7E7802057
:10C70000B870082030808120B07130727071F07183
:10C710000926206836028019806E0581FF20F530D9
:10C72000F7F7E2FE72B60921C90608690F4A11231C
:10C73000801822680002DB01000AD31898620123E6
:10C740001B06184348609019816E4D71806E072159
:10C75000817062B60020F8BDA4030020C000002054
:10C76000983A3000294176715555550088130000DC
:10C7700010B514490A8812070DD5134A1368092207
:10C7800012029A18936E9B785C07640F062C04D0F3
:10C79000DB435B0701D00C2010BD72B600230B8079
:10C7A0000921C9064B60926E118962B69478E44300
:10C7B000640700D0002193700170090A41700020C5
:10C7C00010BD0000C0000020A4030020F7B50D46F6
:10C7D0008F493F22086852018E4B8218127F1B88B6
:10C7E00084B01B0701D4002A02D00C2007B0F0BD92
:10C7F00011218B4AC90140180092C06F4227864E12
:10C80000864C00800CF0FEFA012837D080481122B7
:10C8100001681320C0010818D20100898918C96F66
:10C820002830488000207A490A681121C90152182D
:10C83000D36FC21D9F54764A12685118C96F021DEA
:10C840008E54401C3F0A360AC0B20328EBD30CF0CA
:10C85000D9FA012826D0252D00D925256C4806991E
:10C8600002681320C001101882682032117281689A
:10C8700020314D7281682A3100225EE06949E8006A
:10C88000401866497231F5F777FC020260481121C1
:10C890000068C90141184A62092212028018406FDB
:10C8A000C96FBEE70921002209025948FF23066823
:10C8B0007618766FB354521CD2B2FF2AF7D30368AE
:10C8C000069A5B185B6F1A7002685218526F5570A7
:10C8D00000684018416F891CCEE7069E0020330097
:10C8E00005F077FC08051416182227242627204671
:10C8F000002327072609FF0D7E40F0273C406400F7
:10C900005B1C7440DBB2022BF3D312E00F2010E06B
:10C9100055200EE000980606030A760C7340C60503
:10C92000760C7340009304E0FF2002E0F02000E06A
:10C93000AA20521C0870D2B2491CAA42CDD3344D51
:10C94000112629680320F6018919CA6F9072C96FF0
:10C95000C872304C8020A07504980CF0E4F8E075A3
:10C960002C4F0020FF212037C2195173401CC0B248
:10C970000428F9D31F20787428688019C16FA18317
:10C98000C06FE083284860622848A06200203873A6
:10C99000F8700CF037FA012801D18020B870082017
:10C9A00020808120A071207285206071E0710927AC
:10C9B000296800203F02C919896E08811C4801902E
:10C9C0002320029015F0FDFC01A8012180B209048A
:10C9D0004018FC04E06015F0F4FCFF20F530F7F798
:10C9E00083FD72B620691349401829680002000AC5
:10C9F0008A1990620122120610436060C819816E84
:10CA000000224A71806E0621817062B61046EDE602
:10CA1000A4030020C0000020983A3000FF0100006D
:10CA2000FF7F0000B903000029417671555555007C
:10CA30000223010288130000FEB511481149006865
:10CA40000622461810494118684600F032FC0122BF
:10CA5000694630460AF073FCB56BF46B736B366C49
:10CA600000206A46811C175C5F54175C6F54175C8A
:10CA70006754175C401C77540628F3DB0020FEBD8A
:10CA8000A403002058080000330700007CB50E4CBA
:10CA90000E492068062245180D494118684600F0E5
:10CAA00008FC296A06226846891C0CF04DF81321FF
:10CAB0002068C9014018816806226846891C0CF06C
:10CAC00043F800207CBD0000A40300203C090000C6
:10CAD0003307000010B5104A104B1268D2180346F5
:10CAE0001B3BE12B05D20B46FF3B0D4C493BA342C0
:10CAF00001D3302010BDC0329083D183938A83420A
:10CB000000D21846D38A8B4200D2194672B61082E0
:10CB1000518262B6002010BDA40300205808000016
:10CB20004941000006483F21006849014018054975
:10CB3000007F0988090701D4002800D00120704730
:10CB4000A4030020C000002010B5044601460420C4
:10CB500001F060F8FF2801D0012010BD214604201B
:10CB600000F088FE002010BD10B5FFF7EDFF10BDEE
:10CB700010B50146042001F04DF80146FF2802D00F
:10CB8000042000F085FF10BD10B5FFF7F1FF10BDC8
:10CB900000B50146042001F03DF8FF2801D0012036
:10CBA00000BD002000BD10B5FFF7F2FF10BD000072
:10CBB000F8B51D461446064600270CF023F9012857
:10CBC0000CD01F2071780840060036D00020E861A4
:10CBD0000FF0F6F8002803D0E86907E0FF20F1E73E
:10CBE00069893246012000F08BFDE861002801D000
:10CBF000102722E0E07D80214840E0751049286937
:10CC000008421AD06079401E60716079FF2814D103
:10CC1000A079401EA071A079FF280ED1E079401EB6
:10CC2000E071E079FF2808D1207A401E2072207A36
:10CC3000FF2802D1607A401E60723846F8BD0000BD
:10CC400020280000FFB582B000230193059B012B33
:10CC500030D04B8C224D1C010B8C9C46CB7E6B4301
:10CC60008D8BAE46CD8B1646403697690096A7420F
:10CC700006D19689664503D1009E3688AE4201D022
:10CC80004026019696790427760876003E439671F1
:10CC90009461546164469481009A1580059A012A32
:10CCA00017D00B6170464A68400010184860019820
:10CCB00006B0F0BD034640331D461B8E084E1C01D6
:10CCC000AB8D9C4660231B5C7343AE8C2D8DB646AA
:10CCD000C9E783657146C26C49005118C164E6E733
:10CCE000E2040000026800230B80824203D09BB262
:10CCF00012685B1CF8E77047086042684A60426847
:10CD0000116041607047026804E08A4201D101204D
:10CD1000704712688242F8D10020704702680A60AA
:10CD2000126802600A68126850600A680020106089
:10CD300009684860704700B50B46FFF7E4FF00281C
:10CD400008D003CB083B086003CB41600020083BC0
:10CD50001860586000BD7047704770477047884240
:10CD600000D3084670470268002A03D010461268B4
:10CD7000002AFBD10160704770B50C461F21521E7E
:10CD80000A430546521C002011044E0D17D02146BF
:10CD900008316A1A2846002A01DD082A03DB20220E
:10CDA000F5F700FA04E0082208C9521E08C0FBD1BA
:10CDB00020352046761E24683604360CE7D170BD37
:10CDC000F8B504460D46501E1F210843401C0004C0
:10CDD0001646470D1ED0204608302946421A002A22
:10CDE00001DD082A03DB2022F5F7DCF904E0082244
:10CDF00008C9521E08C0FBD12035202E01D2304672
:10CE000000E02020A080301A7F1E24683F0486B2F4
:10CE10003F0CE0D1F8BD70B50C4605460AE021464E
:10CE20002846A2880831083000F043FAA088A8807C
:10CE30002D682468002D01D0002CF0D1254301D0AD
:10CE4000472070BD002070BDFFB581B01D4669460A
:10CE5000002A09D000280CD08488944204D8121BE0
:10CE600012040068120CF5D10A80040001D00026DB
:10CE70001FE0184605B0F0BD6846A18800888142D1
:10CE800013D9091A8FB2AF4200D32F460299201846
:10CE900089193A46083000F008FA0028EAD1F0195A
:10CEA00086B200206946088002E0401A6946088080
:10CEB0002468B54201D9002CDED1A81B05B0F0BD15
:10CEC000002959D0F3B58FB00C46A088202813D084
:10CED000002C14D0029402980068029000282ED0F2
:10CEE000868801463246083106A800F0E2F900279C
:10CEF000A088202805D007E02468002CE5D111B0D7
:10CF0000F0BD24680020A080002EE4D080B2202153
:10CF1000091A8DB2AE4200D235462246083206A921
:10CF20008018C9192A4600F0C4F9701B86B2781916
:10CF300087B2A0884019A080002ED9D1CBE7206805
:10CF40000028DCD0002121600F9972B60A78002AEF
:10CF500003D04B6892009A581060002383800A78AF
:10CF6000521CD2B20A704C689200A050006800288F
:10CF7000F4D162B611B0F0BD7047491EC904090E64
:10CF800072B602788A420CD9511AC9B24A1ED3B27B
:10CF900003704268880010589900525800211160AF
:10CFA00000E0002062B670470021002804D0491C30
:10CFB0000068C9B20028FAD108467047002100284D
:10CFC00004D0491C0068C9B20028FAD14801704752
:10CFD00070B4417800292DD08668002E2AD0002513
:10CFE000057041682A460D60417800291FD9282123
:10CFF0005143891900230B60002913D072B60378BE
:10D00000002B03D044689B00E35819608D8003789F
:10D010005B1CDBB2037044689B00E1500968002987
:10D02000F4D162B6521C4178D2B29142DFD870BCC2
:10D030000020704770BC47207047F8B51D460E466B
:10D040006B46002A09D0002824D08488944204D852
:10D05000121B12040068120CF5D11A80040019D0BA
:10D0600014E06846A1880088091A8FB2AF4200D345
:10D070002F4621183A463046083100F01AF9F619C1
:10D08000E81B85B22468002069460880002D03D083
:10D09000002CE6D14120F8BD0020F8BD002917D0B2
:10D0A00072B60278002A03D0436892009A58116041
:10D0B00010B400238B800278521CD2B202704468F4
:10D0C0009200A15009680029F4D162B610BC7047E3
:10D0D000704730B400240B1E22D02034A4B29442F6
:10D0E0001AD30A68002A35D072B60378002B03D011
:10D0F00044689B00E3581A600024948003785B1C0A
:10D10000DBB2037045689B00EA501268002AF4D134
:10D1100062B6002008601DE00B4609680029DCD1DA
:10D12000111B491EC9040A0E72B6017891420CD92E
:10D13000891AC9B24A1ED2B20270406889009200B0
:10D14000415882580020106000E0002162B619604A
:10D15000002902D030BC0020704730BC4720704707
:10D16000FFB504465009000681B01F46000E06D0E8
:10D17000002C23D0401E24680006000EF8D1D606ED
:10D18000F60E17E02020851BBD4200D33D46A019B6
:10D190002A460830029900F08CF80298711940195B
:10D1A0000290781B87B2A088884201D2A819A0807B
:10D1B00024680026002F04D0002CE3D1412005B0C4
:10D1C000F0BD002005B0F0BD10B503460068032493
:10D1D000401E20435143401C4118196010BD0000FF
:10D1E000EFF308800149FCF7A7F8FEE70100ECBC6B
:10D1F00070B58178012500292FD000214156427851
:10D20000FF26002911DA0B071B0F083B9C08174B60
:10D21000A400E318DC698907C90E8E409207120E3C
:10D22000B4438A401443DC610DE08C08104BA40029
:10D23000E3181C688907C90E8E409207120EB4438A
:10D240008A4014431C600078C106C90E8D40400915
:10D25000084980004018056070BD0078C106C90EFD
:10D260008D404009034980008031F3E700ED00E084
:10D2700000E400E000E100E0BFF34F8F0349024803
:10D28000C860BFF34F8FFEE70400FA0500ED00E031
:10D29000BFF34F8F03490248C860BFF34F8FFEE7CB
:10D2A0000400FA0500ED00E0704710B5F4F7ADFF9B
:10D2B00010BD10B5F4F776FF10BD10B5F4F79CFF64
:10D2C00010BD0000012805D0022805D0032806D093
:10D2D00001207047074A04E0064A243201E0054A6B
:10D2E00048320020135C0B54401CC0B22028F9D3F4
:10D2F000002070476C0400C003208007006880078E
:10D30000C00F704770470000F0B5574D07202968DF
:10D3100000020818007F91B080076FD5FFF7ECFF7F
:10D3200001286CD10024F6F7A1F8064600F02EF98A
:10D33000012800D1032430007ED0392702267F0146
:10D34000012802D002287CD13BE069460220FFF789
:10D35000B9FF032008A9FFF7B5FF002C06D1F9217A
:10D360002868C90041180120FFF7ACFF2868A421F4
:10D37000095CC90701D0002100E010210E43694675
:10D3800011231091F10603D50922BF210E4007E0B9
:10D39000C1194A79920654D58979090651D50722CF
:10D3A0003107890E09180120C0020818C06C3146E7
:10D3B00005F010FE070044D0381D3C714022109942
:10D3C00036E069460220FFF77DFF002C04D02022C2
:10D3D000FF216846FFF771FF2868A421095CC9078F
:10D3E00001D0002100E010210E4369460923089175
:10D3F000F10605D50A22BF210E4009E029E030E000
:10D40000C1194A7992061CD5C979C90719D00822D1
:10D410003107890E09180120C0020818C06C314676
:10D4200005F0D8FD07000CD03C71381D089920226A
:10D43000401CFFF73EFF00E003E03946304605F0B0
:10D44000B5FD0720296800020818017FFD22114060
:10D45000017772B6286880224030C1791143C171CA
:10D4600062B611B0F0BD0000A403002010B5FFF7B4
:10D470004BFF10BD03208007026880210A43026031
:10D4800002688A430260704770B590B00D46064648
:10D49000202227A16846F4F785FE20222CA108A8A7
:10D4A000F4F780FE324C012E04D0022E11D0032E50
:10D4B00023D019E0202208A9284611F0E5FC002815
:10D4C000207801DB04210DE0FB2108402070294B6E
:10D4D00022E020226946284611F0D6FC0028207858
:10D4E00005DB012108432070012010B070BD400809
:10D4F0004000204B207024330EE02022694628464D
:10D5000011F0C2FC0028207801DB0221EAE7FD21AE
:10D510000840184B2070483300229400521C2859B0
:10D52000D2B21851082AF8D300201862DDE70000B3
:10D53000FFFFFFFFFFFFFFFFFFFFFFFF00000000F7
:10D54000000000000000000001000000FFFFFFFFDE
:10D55000512563FCC2CAB9F3849E17A7ADFAE6BC95
:10D56000FFFFFFFFFFFFFFFF00000000FFFFFFFFC7
:10D57000CC0200206C0400C0032080070168012257
:10D5800011430160016891430160704704480078CD
:10D59000002803D103480068002800D0012070470C
:10D5A000CC020020000400C070B5124A09231268A2
:10D5B0001B02D2180123526E83435B00491E412493
:10D5C0009B184909491CC9B272B615798D420ED310
:10D5D0001E785B78AD19EDB25B18AB4207D84000FE
:10D5E000135C00245B1813541079401A107162B652
:10D5F000204670BDA403002070B50D0004460AD07B
:10D60000002C08D0A968A068FFF705FC002801D10C
:10D61000E988E18070BD412070BD0000F3B50F4680
:10D6200012480921006809024018BE68446E81B0A2
:10D630003046FFF7B9FC0546F888401E4009401CFB
:10D64000C0B2A84211D23146A068FFF739FC30467B
:10D65000FFF7AAFC281A72B601994900625C121AF7
:10D66000625421790818207162B6FEBDA40300201F
:10D6700010B51C4613460A4680682146FFF7DDFCBC
:10D6800010BD0000044A092312681B02D218526E12
:10D690004000801841707047A40300200022816878
:10D6A00008380260084670470D49092209681202CD
:10D6B0008918496E72B60122824350004218084B05
:10D6C000095C09201B6800021818406E5278007926
:10D6D0008A4202D9511A401AC0B262B6704700009D
:10D6E000A4030020091D8AB210B50146002000F0F5
:10D6F00007F810BD10B58068FFF756FC10BD00009C
:10D70000F8B50D460E49092309681B02C9184E6E6B
:10D710001F21521E0A431D3297B200243946FFF7DB
:10D7200043FF00280AD13946B068FFF726FC0446BB
:10D7300008340068A0600020E074A5802046F8BD91
:10D74000A403002070B51748092100680902401899
:10D75000446E042200212046FFF7AFFD124D688C75
:10D7600023304009401CC1B20020FFF78BFF688CBA
:10D77000A97F23304009801C4843401CC1B20120CE
:10D78000FFF780FF28462030A16840784870A068E5
:10D79000FFF71EFCA06872B6007862B62071002008
:10D7A00070BD0000A4030020640D002010B5806847
:10D7B000FFF74AFB10BD0000F8B50E460C490922E0
:10D7C000096812028918083807464C6EFFF7ECFB0F
:10D7D00005463946A068FFF761FC72B67100605CCF
:10D7E000401B605420794019207162B6F8BD0000DA
:10D7F000A4030020F7B5074618480921006809026C
:10D800004018446E41201646002F11D03846FFF7CD
:10D81000D5FB0546B0420CD2301A81B20198FFF711
:10D82000C3FE002804D132463946A068FFF751FCF8
:10D83000FEBD32463946A068FFF74BFC6D1E761ED2
:10D8400069097209891A72B6019A5200A35C5B1ABF
:10D85000A35422795118217162B6FEBDA4030020A1
:10D8600010B51C4613460A4680682146FFF778FC2F
:10D8700010BD0000F3B505007F4883B0006808D0F4
:10D88000012D0DD0022D0ED0042D1BD02F214901CA
:10D890000AE07A498D22411801910F21D20020E03F
:10D8A0009D21C90000E0764941180191032D0BD05C
:10D8B000042D0CD00F21012D0BD0022D0CD0042DE6
:10D8C00003D10CE06F49EFE71F216F4A09E00821FF
:10D8D000F1E76E4A801805E02B22520101E0DB22BD
:10D8E000D2008018009004788C4207D1002D15D00A
:10D8F000032D13D0042D11D0012D0FD08C4201D156
:10D90000022D0DD000262846049900F083F90290DC
:10D91000FF2807D0FE26002D7ED0AAE0FF26A8E033
:10D92000FC26F0E7FE2E78D0022D10D1FC2E0ED171
:10D930005148019A0068FF300130417ECB009A18AF
:10D94000D2794276022000F0A3F8641EE4B2002CE3
:10D950003DD00198E1000F183E46083E049907208B
:10D96000401E0B5C325C9A1A0BD0002A0BDD01982A
:10D97000E100081807220499FFF79BFC261E26D019
:10D980002BE00028ECD1384607223146FFF791FC06
:10D99000F079F871002D03D0032D01D0012D12D1A3
:10D9A000F079C14349060ED037214843324909680E
:10D9B0004018FF301B30002D02D0012D17D0C01CA5
:10D9C0000178491C0170641E2406240EC1D107226F
:10D9D00004990198FFF76DFC00260098022D08D0ED
:10D9E00000780099401C0870002D3DD041E0401C9B
:10D9F000E6E70178002921D00198CA001018C01D5F
:10DA00000278521CD2B2A24200D902700838491ED4
:10DA1000F6D10098007801E028E022E000280DD03F
:10DA200015480068FF300130417EA14201D3491CF6
:10DA30004176017EA14201D3491C01760E4801685E
:10DA4000FF310131097ECA0001995118CC7100687B
:10DA5000FF3001300476009800990078401C08706F
:10DA600007E0002D02D004E0FE2E02D1029E8020AD
:10DA70000643304605B0F0BDA40300206C0400004E
:10DA800064050000DC060000DC050000E404000082
:10DA9000F0B504004E4883B000680F4608D0012C52
:10DAA0000AD0022C0BD0042C2BD02F21490107E0E7
:10DAB00048494018009009E09D21C90000E046490E
:10DAC00040180090032C1ED0042C1ED00F20FF2FD6
:10DAD0005ED0401EC0B23E46019087422ED20098D2
:10DAE000F1000D182946083128460722FFF7E1FB0F
:10DAF000E87BE871002C0AD0032C08D0012C06D05A
:10DB000017E03649DCE71F20E1E70820DFE7C143E3
:10DB100049060ED0372148432D4909684018FF3087
:10DB20001B30002C02D0012C1ED0C01C0178491ED5
:10DB30000170761C0198F6B28642D0D3C1000098DD
:10DB400007220D182846FF21FFF7B7FBFF20E871D9
:10DB5000002C0BD0012C0FD0022C11D01C48042C0F
:10DB6000006832D01E490FE0401CDFE718488D21C5
:10DB70000068C900401808E015481A49006803E029
:10DB800013482B210068490140180178491E017093
:10DB9000022C18D10E480068FF300130417EB94296
:10DBA00001D9491E4176017EB94201D9491E01764B
:10DBB00000980F21C01D0278BA4201D9521E02708E
:10DBC0000830491EF7D103B0F0BDDB21C900DBE707
:10DBD000A40300206C04000064050000DC060000C3
:10DBE000DC050000E4040000094AFF20136800215E
:10DBF00037224A43D218FF323B32527D002A04D0EA
:10DC0000491CC9B20F29F3D370470846704700007A
:10DC1000A4030020F0B5234A0028126808D0012888
:10DC20000BD002280CD004282FD02F235B0108E052
:10DC30001D481218964604220CE09D23DB0000E0EC
:10DC40001A4BD2189646032821D0042822D0042249
:10DC5000042821D00F20844601209040C3B2002622
:10DC60005B08F018C0B260450BD2C20074461419AC
:10DC70000722521E8D5CA75CED1B0FD0002D00DD2E
:10DC80000646002BECD1FF20F0BD094BD9E7052259
:10DC90001F20E0E70322DBE70820DCE7002AE8D1C9
:10DCA000F0BD0000A40300206C0400006405000027
:10DCB000DC06000070B5304D2E4A28680021FF3088
:10DCC0001B30FFF7FAFA2868FF21F22211541122C3
:10DCD00092018218117651769176284AF4210A50E1
:10DCE0002F235B01F822FF21C018FFF7E6FA244B2F
:10DCF00028687822FF21C018FFF7DFFA204B286838
:10DD0000F8337822FF21C018FFF7D7FA9D2328683F
:10DD1000DB007822FF21C018FFF7CFFA194B2868E3
:10DD20004022FF21C018FFF7C8FA23262868760191
:10DD3000002481190C722721490141180C712B21F3
:10DD4000490141180C701721890141180C771B21DA
:10DD5000890140180476FBF7FDFB29680B468033E8
:10DD6000986788190A4601210471E0325174DC6712
:10DD7000847170BD39030000A4030020905F01008E
:10DD80006C040000DC060000F0B4234B00281B6884
:10DD900008D001280BD002280CD0042833D02F241F
:10DDA000640108E01D481B189C4604230CE09D24D8
:10DDB000E40000E01A4C1B199C46032825D00428D7
:10DDC00026D00423042825D00F2701209840C3B271
:10DDD00000205B08C418E4B2BC420FD2E5006544E1
:10DDE0002E686D682D02AA4203D8AA4206D1B1421C
:10DDF00004D32046B14201D1AA4202D0002BE8D17F
:10DE0000FF20F0BC7047074CD5E705231F27DCE750
:10DE10000323D7E70827D8E7A40300206C040000F9
:10DE200064050000DC0600000A4610B50146032028
:10DE3000FFF7AAFFFF2801D0012010BD002010BD70
:10DE400001207047F0B5A3B001780E914568816854
:10DE50001091C76801691E9141690591806900248C
:10DE6000189417940090FF2616941D940894A81CEB
:10DE7000F4F7D8F9297800024906C90F0843386039
:10DE8000681DF4F7CFF90002000A786028460830D0
:10DE9000F4F7C8F929780002C90908430290284616
:10DEA0000B30F4F7BFF90002000A03907A68100201
:10DEB000810F012902D13978012900D00021139165
:10DEC000039909028B0F012B03D1029BDBB2012BBB
:10DED00000D000231593800F02D13878012800D09C
:10DEE00000201B90880F03D10298C0B2012826D0D1
:10DEF000002128780507FB482D0F03681846FF30DE
:10DF00001B302190F8481818149000200F901290A0
:10DF10000C9001201A901C900098426000983A687A
:10DF20000260F04800681990E030027C0B92002AF1
:10DF300000D0012211920B9A012A02D005E00121A2
:10DF4000D7E7407C002800D101240E98002811D08A
:10DF500001284ED0032D02D0052D00D001240598B4
:10DF6000007E03287ED002287DD001287CD00428A2
:10DF70007AD09CE0032D06D0052D04D0042D04D0CA
:10DF8000012D05D009E0012407E001200F9004E0F5
:10DF90001198002801D10120129010981690801C31
:10DFA00018901098083017900598203000790328B1
:10DFB00010D001280ED000220C92059200280BD020
:10DFC000012809D000201A900B98012806D0012DB5
:10DFD00009D0A0E00122EFE70120F4E7012D6FD185
:10DFE000002900D001241598002801D101201290A9
:10DFF000C1E0002D02D0012D00D001240598203071
:10E00000007901280ED000220C921B9A002A01D020
:10E01000002809D001220592159A002A06D0012D68
:10E0200009D019E00122EFE70022F4E7012D13D116
:10E030000B9A012A06D00B9A002A0BD0159A002AB7
:10E0400008D009E02323199A5B01D2181279012A1A
:10E0500000D1012401221292139A002A06D00B9AB1
:10E06000002A02E01CE019E01CE006D1002801D1E2
:10E0700001220F92139A002A07D00B9A012A45D148
:10E08000002805D101201D9002E00B9801283DD108
:10E09000012D78D100296ED001246CE0052D06D128
:10E0A000012404E01399002908D0002A06D0002199
:10E0B0000F91032D05D0052D09D00FE00121F7E7C1
:10E0C00029E005992031497BC90705D106E005996A
:10E0D0002031497B890701D501210C910C990591CB
:10E0E000012112911099891C1891109908311791EA
:10E0F00010991691012A07D1012801D0042803D1D3
:10E100001B99002900D00124052D29D0012D32D0E2
:10E110000E98012837D01898F4F784F81699000261
:10E1200009784906C90F084309901898C01CF4F7EC
:10E1300079F80002000A0A900E98012823D0179857
:10E14000F4F770F8169900020978C90908430D9090
:10E150001798C01CF4F766F80002000A109020E03F
:10E1600013990029D7D0012801D00428D3D1012048
:10E170000890D0E707E00121199889024018C16D85
:10E180000991006ED7E71E9800691E99496902023D
:10E19000CB03DB0F09041A43090A000E01430D9259
:10E1A0001091002C73D11398002866D00B9800288A
:10E1B0001CD01198002860D07868396802020120CC
:10E1C000FFF7E2FD474B01469D221868D2008218F6
:10E1D000FF290CD0FE293ED0C8008018C6791498BB
:10E1E000F100091807220098FFF763F883E0052D76
:10E1F00002D10E99022904D0F221095CFF2913D023
:10E2000029E00121384600F0BBF941087F2903D0FD
:10E21000C10014980818E1E708990598084301D04F
:10E22000012468E0002466E0112189014118497E3B
:10E23000FF2910D1FF30072239460130FFF739F8A6
:10E24000284800210068F222115401464031CA7961
:10E25000EF231A40CA710E99012904D0059C4AE0A7
:10E2600001200F9047E0232149014018C07902287E
:10E27000D6D20C980028F3D0D2E71B98002802D001
:10E280000B98012804D0119800280CD104E039E043
:10E290000020059C1C902EE023211998490140186C
:10E2A000007A002827D07868396802020020FFF73A
:10E2B0006BFDFF281FD0C10014980818C6793720BD
:10E2C000219970434018017D002900D001212030A0
:10E2D0002091807D002809D000201F90002907D0C0
:10E2E00009E00000A40300206C0400000120F4E712
:10E2F0001F98002894D15748016811208001081800
:10E3000006754675119800284BD0FF2E0BD0089843
:10E31000002808D04F480168112080010818807D2E
:10E32000B04200D001241D9800280BD0FF2E09D048
:10E3300048480168112080010818807EB04201D051
:10E34000012447E0002C45D1159800282BD0012D41
:10E3500029D14048029A0068C11DF9310B699A42DF
:10E3600005D1039A4969120209028A421BD0112180
:10E3700089014118497E1A9CFF2912D1FF300722DA
:10E3800002A90930FEF795FF3248EF2301680846DD
:10E390004030C2791A40C2711122002092018918BE
:10E3A0004876002C16D11C98002813D00C98FF2E0C
:10E3B00007D000280ED0372021997043401880786C
:10E3C00006E0002806D0786801023868FFF72CFDC7
:10E3D0000028B5D00F9800282AD00D9839688842B7
:10E3E00003D110987968884222D01198002807D16B
:10E3F00018480168232040010818007A002800D03E
:10E400000120FF2E02D02099002907D000221F9959
:10E41000002905D00021052D17D103E00122F6E7E0
:10E420000121F8E7002810D0002A0ED000290CD0D6
:10E43000002C0AD1129800280AD002990998884223
:10E4400003D103990A98884202D0012023B0F0BD7D
:10E450000020FBE7A403002010B5FFF7F3FC10BD7C
:10E46000F8B5FBF777F8434C074621680A46803138
:10E47000886FCB6F381A1818C8674B6F000B98421B
:10E4800036D30020E032C8675074107C00282BD0AF
:10E490000025232676010BE0372169430818014641
:10E4A000FF31FF304031303000F01CF96D1CEDB20F
:10E4B00020688119097AA942EED800250BE037219E
:10E4C000694308180146FF31FF3047311F3000F023
:10E4D00009F96D1CEDB220688119097AA942EED8BC
:10E4E000216801208919887121680120E031487470
:10E4F0002068F8210F5072B601464031CA791023C6
:10E500001A43CA7162B60146E0310A7C002A24D05F
:10E51000897CFF25002906D1FF30013000F030F85A
:10E520002068E030857411262168B6018819407E84
:10E53000FF2813D0372250434018FF30FF3100220C
:10E540003030093100F0B4F8002808D021680020EC
:10E550008919C8752068801945760020F8BD2068A3
:10E5600001218219FF30D175013081680161C168D4
:10E570004161EFE7A403002010B5FFF771FF10BD64
:10E58000F3B505468DB0FF20454C03904549206802
:10E5900047189D21C9004018049029460220FFF722
:10E5A00039FBFF284AD10020059023202168400133
:10E5B0000918097A002931D9F879372148432168A7
:10E5C0002A79461838490E9B0A706A7930464A7093
:10E5D000FF30AA791F308A7006AA061FFCF7F0FCEC
:10E5E0000322691C06A8FEF760FE002829D0307DB2
:10E5F000012806D1072239462846FEF756FE002894
:10E600001FD005980837401CC0B205902320216810
:10E6100040010818017A05988142CDD82168002070
:10E62000E031487429460220FFF724F922680121CD
:10E63000E0325174FF2801D0FE20039003980FB000
:10E64000F0BD0598039021680020E031487471788E
:10E650000120FFF71DFA15492068411809780F2994
:10E660000CD19D23DB007822FF21C018FEF725FE88
:10E6700027222168002052018918087129460120AB
:10E68000FFF7F8F87070C2000498F9791018C1719A
:10E6900021680120E03148740398FF28BED0CDE7FF
:10E6A000A40300206C040000520D0020E4040000CC
:10E6B00010B50C460B790A4984B00B7063794B7026
:10E6C000A3798B7013466A46FCF77AFC0322611C1F
:10E6D0006846FEF7EAFD002800D0012004B010BD16
:10E6E000520D0020F3B589B00D46FBF7EEF980021C
:10E6F000800A01218905084300226B461024114637
:10E7000001E0032A04D2D7000646FE401E7000E056
:10E710001970521C5B1C641E2406240EF1D10023C8
:10E7200004AA69460998FCF74BFC03226946281D98
:10E73000FEF7BFFD032204A9681CFEF7BAFD012005
:10E7400028700BB0F0BD10B5FFF7CCFF10BD000076
:10E75000FFB55C49964609685B4A8DB08D18392231
:10E7600052018A18944652791127169B04920C463E
:10E77000BF010020179E9206A034CF190833002A4B
:10E780000FDA6246D27952070BD50D9A012A08D9C1
:10E790007246012A05D10E9A002A02D0FA7D002A7B
:10E7A0000BD0F022525C012A23D13F7DFF2F20D0D5
:10E7B0002079C00732D0002431E03A7D0120FF2AC1
:10E7C00019D06F4649C7372042435018FF300130F7
:10E7D000807EC00041183D480B182079C00701D049
:10E7E000002000E01020A12108437146109A10E09B
:10E7F000012011B0F0BD694649C12079C00701D0A0
:10E80000002000E01020A121169B08430122714640
:10E810009B1C0BF063FC002850D1E9E71024A120D9
:10E8200004437046079010980990372047437818A2
:10E83000FF300130807E0593C000421823480B96BC
:10E840001018089018980290032213301043401CAF
:10E850008308E00603D50722BF20044007E00498A0
:10E860008006C5D5604680798007C1D5052220077E
:10E87000800E40180121C9024018C06C214604F0E6
:10E88000A9FB06001AD007983071099870713546B7
:10E89000371D18350622B01D0899FEF70AFD0298AB
:10E8A0003872FD602846029A0599FEF702FD0B9822
:10E8B00038743146204604F079FB99E7296A002034
:10E8C000087095E7A40300203C0900006D040000D7
:10E8D000FEB508AF70CF6F4670C7FFF739FFFEBDBA
:10E8E000FFB595B000257C480295039500880E463B
:10E8F00079494007C00D0C314018C18901204007FB
:10E9000009184988FF230C18744837210268112020
:10E9100080011018407D1B33414389185B5C0793CD
:10E92000E3799B09012B04D123785B0601D50127EC
:10E9300000E0002723235B01D2185279012A17D95E
:10E94000FF2815D01598002804D0607B8009012885
:10E9500005D00DE00622FF3102A8413106E0207803
:10E96000000605D521460622083102A8FEF7A1FCC3
:10E97000002F35D017983C2800D105AE574F1120F5
:10E98000396880010818407DFF2824D00622A11C88
:10E990006846FEF78EFC07985149C5003868062284
:10E9A000281841183046FEF784FC386823212A18BD
:10E9B00049015118097B3722891CB1711121890144
:10E9C0004118497D51430818FF300622A11C4830E8
:10E9D000FEF76FFC06E00622A11C3046FEF769FC3C
:10E9E000009501953D48A4210068095CC90701D044
:10E9F000002700E0102717990C9118990B91159991
:10EA00000991716808230902090E0A9102A9079168
:10EA1000694606911E9913911F991291209980378A
:10EA20000903090C11912199C9B20F91F90603D577
:10EA30000B22BF210F4009E03921490141184A79D1
:10EA4000920635D5C979890732D509223907890E49
:10EA500008180121C9024018C06C394604F0BAFAFE
:10EA6000040025D00C9921710B99E180099921723C
:10EA70000A99251D617206223146A81DFEF719FC70
:10EA8000284606220C300799FEF713FC284606227A
:10EA900012300699FEF70DFC1399298312996983A8
:10EAA0001199A9830F99A9772146384604F07EFA77
:10EAB000179800280ED170680A4CC003C10F206857
:10EAC0000622816331463930FEF7F3FB2068383087
:10EAD000FEF74AF819B0F0BDC0000020A4030020E2
:10EAE0006D04000064030020F0B585B00AACF0CCE2
:10EAF00003976F4670C7FFF7F3FE05B0F0BD000047
:10EB000030B5104C658885421AD1A088884217D14B
:10EB10009878D97800040906084359781B780902C7
:10EB200019430843E168814202D02169491C2161EF
:10EB3000401CE060A068401CA060A282012030BDA3
:10EB4000002030BDF0030020704710B5121D806812
:10EB500092B2FEF74FFE10BD10B5121D806892B242
:10EB6000FEF748FE10BD10B5121D806892B2FEF788
:10EB700041FE10BDF0B506465A480C4600685A4999
:10EB80008DB04718E0881546052804D213460022A8
:10EB900016210420A2E0A168022208A80D31FEF788
:10EBA00088FB6846008C002873D0F8F7A7FC0100AA
:10EBB0006FD068460A8D008C824204D1024616212D
:10EBC0002B4603208AE001AAFAF72AFB002860D12D
:10EBD000308802220005000D0199F4F713FA00288D
:10EBE00004D069460A8C2B46162177E0384630302F
:10EBF0002146009008F0E0F9012844D00198203027
:10EC00008079800746D53069810343D4C00141D45F
:10EC1000A168022209A80F31FEF74BFB01213069E0
:10EC2000490408433061022007903088069001981B
:10EC30000321878B6846868CA0790A94401FC5B251
:10EC4000E81D0843401C83082648022100688C0206
:10EC5000083000193522C06C04F0BCF904000FD054
:10EC60000698A080E7802681A57223462A460921BE
:10EC70000B330A98FEF7FCFC2146079804F096F93E
:10EC800069200DB0F0BD6846028C16212B46092084
:10EC900024E01EE0E28800212846FFF75DFF0028FF
:10ECA00001D04520EDE738462146243008F0CFF961
:10ECB00021462846FEF7A0FC2146009808F0AAF954
:10ECC000A86817210173E888002802D0E88067202F
:10ECD000D7E76846028C2B4616210120F3F754FF34
:10ECE0000020CEE7A403002064070000F0B57B49B4
:10ECF0007B4A096885B08E18012806D03046183046
:10ED0000009008F057F90446E5E0304624300390BF
:10ED100008F050F90546BAE0A8682F68007B029019
:10ED2000A888F6F795F8040073D0218820220020E7
:10ED3000FEF7E6FC019000286CD0E88861888842E4
:10ED400004D900220420019B029920E04620009073
:10ED500002980E284ED00ADC801E030003F039FA18
:10ED60000B1C13221329132F1338134113001628D9
:10ED70005AD004DC102846D0122804D14BE01828C1
:10ED80005BD01D2872D000220620019B0299F3F768
:10ED9000FBFE002000905CE029462046019AF5F732
:10EDA000C3FD4FE02A4621463046019BF6F76EF838
:10EDB00048E029462046019AF5F752FF42E02069D3
:10EDC000000353D429462046019A00F0F3FB39E0B2
:10EDD000206900034AD429462046019A00F01EFE0D
:10EDE00030E02069000341D429462046019A00F012
:10EDF0004EFA27E02069000338D429462046019ABC
:10EE000000F042FD1EE029462046019A00F0E0FA9B
:10EE100018E033E03EE02069800327D429462046ED
:10EE2000019A03F03DF80DE0206980031ED42946C5
:10EE30002046019AFFF79EFE04E029462046019AEB
:10EE4000F5F7CCFD0090452810D069280ED0462853
:10EE50000CD0012120690906884320610198F7F749
:10EE60000FF90098002809D010E0FFE70021019871
:10EE7000FEF7A2FC009845280CD0F2E7294603983B
:10EE800008F0E5F801212846FEF796FC3D46002DE6
:10EE900000D041E705B0F0BDA0682668077BA088D8
:10EEA000F5F7D6FF05000DD0522F01D0D22F06D195
:10EEB000286940030ED42146284602F05BFF2869EA
:10EEC000400307D42146009808F0C1F801212046EC
:10EED000FEF772FC3446002CDED1DBE7A4030020F1
:10EEE00064070000F0B55848584A016885B08A1890
:10EEF00004920922120289180027CD6E95E07E0146
:10EF0000A85B00287BD070190090C06900284BD006
:10EF100000990969CA0532D54A0530D580680124AF
:10EF2000A402007BA143009A1D28116139D01B283F
:10EF300037D0009A927B824202D0012802D030E082
:10EF4000012806D10098C0698068407B401C82423D
:10EF500069D1C80509D5A95B022002F0FBFA009827
:10EF6000FF2201690132914301610098816988475C
:10EF7000452816D1009801692143016111E0012162
:10EF8000FEF71AFC00980021C16100980122016976
:10EF9000920291430161022211464220009B07F038
:10EFA000CBF9A85B00283ED004982430019008F0EB
:10EFB00001F8044635E020680390A068AB5B017B54
:10EFC000A0881A05120D904201D11D2904D090424B
:10EFD00026D11B2932D023E000990969CA040FD435
:10EFE00001221203009811430161A95B032002F082
:10EFF0009FFAA95B2246022006F062FA08E012E0BE
:10F000006946088102AB02220321422007F094F9ED
:10F010002146019808F01BF801212046FEF7CCFBA1
:10F02000039C002CC7D17F1CFFB207480068A030AA
:10F03000007BB84200D962E705B0F0BD2246194610
:10F04000022006F0CFFAE3E7A403002064070000E3
:10F05000F8B50926F60631687A487B4A816013685C
:10F060007A4A9D180022027042708261C261027168
:10F0700042718271764A1288F4145207520F8270DC
:10F080001C196027A46E5743E719724C920112199C
:10F09000C7600261BA78C27057077F0F8803800F7C
:10F0A0007ED16B4A188E50806B48664C014090139D
:10F0B000814204D102F008FBA0683060F8BDFAF785
:10F0C000DBFD002807D160480088503081B2012064
:10F0D00000040818F0605C49002009684031C871DC
:10F0E000E168C8735D49B80008588047A0680028E7
:10F0F00006DAFAF7C1FD002802D1A0780FF09EFDD4
:10F10000012F04D0022F19D0052F17D03FE0A0689F
:10F11000C0013CD5FAF7B0FD002838D1A068400303
:10F12000287E05D4022832D06079002809D02EE04C
:10F13000022806D0A079012803D028E020780128F1
:10F1400025D1484846490160232141606421684631
:10F1500001706A461078401E1070F068C00302D536
:10F1600010780028F5D110783E4882B201200004C2
:10F170001018F0606846017069460878401E0870F3
:10F18000F068C00302D508780028F5D10878206916
:10F1900000902946A369E268E0690DF07BFF00E07A
:10F1A00033E029462369E268E0690EF0A5FB207888
:10F1B00001282AD1E068006A002826D000680028CB
:10F1C00023D00027C17C0568C9091CD0E268116AF8
:10F1D000814208D10B6813620F60E1680A6A002A55
:10F1E0000ED14F620CE00A68824203D011461268C9
:10F1F0008242FBD10D60E268536A834200D15162C2
:10F200000021FEF7D9FA2800DCD10E4C2089000439
:10F2100001D502F059FAA2681349D00306D50A486D
:10F22000022400684018836B23438363900306D550
:10F230000548042300684018816B194381633260DC
:10F24000F8BD000058030020A40300205808000067
:10F25000C0000020CC0000200080FBFF80030020C5
:10F2600002230102780300200008000002F0BEFF24
:10F27000012805D0044880F308880FF09BFAFEE7C8
:10F28000F2F76EFFFBE7000000600020704770B5EA
:10F290000546C88888B00C461646052804D0134693
:10F2A00000220C2104201FE0A168022204A80D31D5
:10F2B000FDF7FFFF6846028A002A13D0A1680222E8
:10F2C00002A80F31FDF7F5FF6846008AF8F716F936
:10F2D000010076D068460A8D008A824207D1334603
:10F2E000024620E033466FE0F3F74EFC66E06A46E4
:10F2F000F9F796FF002864D1288801220005000D47
:10F300000099F3F77FFE002804D069460A8A334645
:10F310000C21E9E700986A88C18BD31E994205D871
:10F320006846028A33460C210B20DDE76B461B89B9
:10F33000994205D26846028A0C2133460720D3E75A
:10F340002621095C49070ED529690C030BD401223B
:10F35000D20411432961828B2988022006F0E2FB46
:10F36000692008B070BD00213046FFF7F5FB00288A
:10F3700001D04520F5E7B0680D21017329460098BA
:10F38000F5F746FC014600986A46C38B12899B1A22
:10F390009CB26B885B1E9BB29C4200D31C46836967
:10F3A000008C484318188318052122463046FEF782
:10F3B00057FA641C2004000C03D0F0800020D0E732
:10F3C000FFE76846028A33460C2101208CE70000E3
:10F3D000F7B5002092B00546089073480C460068C7
:10F3E000724916464718E088072806D0152804D029
:10F3F000134600221021042045E0A168022205A83E
:10F400000D31FDF756FFA168022206A80F31FDF766
:10F4100050FF6846828A008B824231D8002A2FD062
:10F42000102263490DA8FDF744FFE1880CA8019064
:10F4300007292BD00346102209212046FEF718F990
:10F44000022207A808370199FDF733FF6846808B31
:10F450000521C902884202D0491C88427ED16846F3
:10F46000808AF8F735F8040079D012980021428894
:10F470003046FFF771FB00287ED0452015B0F0BD67
:10F48000334610210120F3F77FFB7FE0102248492B
:10F4900009A8FDF70EFFA168022211310198FDF7BE
:10F4A00008FFCDE76946608D898B884263D1002DC6
:10F4B0000CD1B068112101732C20005D012810D0FF
:10F4C00014200890B068089941730225129840886A
:10F4D000401B042857D30898062804D0142807D0C6
:10F4E00051E00620EDE72C20005D012804D04AE021
:10F4F0002C20005D022846D1281D234681B22833E6
:10F50000022230460493FEF7ABF9AD1C2046216A77
:10F510002030ADB2814206D0281D636A81B202223A
:10F5200030461C3304E0281D81B202223046049B81
:10F53000FEF796F90898AD1C001F81B21298ADB283
:10F540004088401B80B2814200D208460390281DAB
:10F5500081B2234608333046039A02E018E01DE0EA
:10F560000AE0FEF77DF90398281885B212984088C2
:10F57000401B042807D32468BC4204D06946208D70
:10F58000098B88428ED9002D08D0F580002075E7C0
:10F590006846828A10213346084674E76846828AA4
:10F5A000102133460A206EE7A40300206407000000
:10F5B000882D0610F7B5FFB093B007460C46002023
:10F5C00080A903908883AD48AD490068022645189C
:10F5D000E088072806D0152804D00022082104203E
:10F5E000949B4CE0A168022285A80D31FDF761FED5
:10F5F000A168022286A80F31FDF75BFE80A8828AEF
:10F60000008B824238D8002A36D010229D498DA81E
:10F61000FDF74FFEE088072834D089AB102209217E
:10F620002046FEF725F83869000337D43988684644
:10F630000174090A417480A90A8B898A89A86C46D9
:10F6400007C404AC8DAB87AA2846A11CF3F768FB5E
:10F6500080A8808B002821D001213A69C9040A437F
:10F660003A614006020E3988A31C022006F0CEF94A
:10F6700069207FB016B0F0BD08210120949BF3F7FC
:10F6800083FAF2E010227F4989A8FDF712FEA168F3
:10F6900002228CA81131FDF70CFEC4E77A88002104
:10F6A0009498FFF759FA002801D04520E1E7083582
:10F6B00080A88895808AF7F721FF050090A801901F
:10F6C00074D0B8E0294602222A310198FDF7F1FDF5
:10F6D000102289A98DA8FDF7E8FD002806D028464C
:10F6E000203000902C6A84427ED1A3E00398002849
:10F6F00004D0042810D0122806D0AAE02C20405DA7
:10F70000012806D0122003902C20405D022807D04B
:10F710009FE00420039003E02C20405D01287DD170
:10F72000301D81B22B46283302229498FEF798F8B8
:10F7300003982B46801E82B2B01D81B20833B61CDE
:10F740009498FEF78DF803983018801E86B271E009
:10F7500080A9A08B898A884268D380A9098B8842B6
:10F7600077D82320005D012808D0204608301022D9
:10F7700089A9FDF79AFD002808D057E0214602220A
:10F7800008310198FDF795FD8DA8F0E73888012232
:10F790000005000D2146F3F735FC0399002915D12A
:10F7A000002804D0A28B0821949B68E75FE0E18BDE
:10F7B000FD2901D9FF2101E0891CC9B20391798893
:10F7C000039A891E914201D2C9B2039179888A1B9A
:10F7D00003998A423DDB00283BD10398E18B801ED0
:10F7E0000290814235D100E021E0301D81B22346F4
:10F7F0001C3302229498FEF733F839462046F5F779
:10F8000007FA218CA26941430298531882B2B01DB5
:10F8100081B29498FEF724F8039800E019E03018BC
:10F8200086B27888811B0398814212DB2468009895
:10F8300084428DD12D68889885420AD080A9288D70
:10F84000098B884205D878880399801B884200DBA1
:10F8500038E7022E0BD99498092180680173949897
:10F860000399806841739498C680002001E780A8BE
:10F87000828A08210A20949B01E70000A40300204B
:10F8800064070000882D0610F7B5FFB085B0054667
:10F89000002469468C815F485F4900684618859856
:10F8A000C088411E042902D3C043C00704D00022EF
:10F8B0000E210420869B44E0286900031BD403A882
:10F8C000009004AB3046869A8599F3F7F2F96846C2
:10F8D000808900280FD001222969D20411434006F3
:10F8E000020E2961298804AB022006F08FF86920F6
:10F8F0007FB008B0F0BD6A8800218698FFF72CF928
:10F90000002801D04520F3E78598C088401E87B2C3
:10F91000012677E0301D81B201AB02228598FDF708
:10F92000A7FE68468088002832D0F7F7E7FD01007F
:10F930002ED068460A8D8088824224D1002C03D0C4
:10F9400007E0F3F721F963E086980F22806801242D
:10F9500002736888A04253D02C22525C012A05D041
:10F96000001B80B2102806D3102004E0001B80B2D8
:10F97000022800D302200090201D0B4680B20833DD
:10F980000146009A36E002AAF9F74AFC002805D0A1
:10F99000684682880E210120869BD2E728880122B2
:10F9A0000005000D0299F3F72DFB002804D06946ED
:10F9B0008A880E21869BC4E7002C04D186980F21EB
:10F9C0008068012401736888A04219D0029A001B44
:10F9D000D18B80B2884200D3084600902946104659
:10F9E000F5F716F902998A69098C41435318201DCD
:10F9F000009A81B28698FDF733FF0098201884B2F0
:10FA0000B61CB6B2BE4285D3002C01D08698C48005
:10FA100000206DE7A403002064070000FEB5044643
:10FA200000200290C8881546032804D013460022FF
:10FA30000A21042026E08968022268460D31FDF77C
:10FA400038FC68460088002819D0F7F757FD0100F8
:10FA500073D068460A8D00880B27052682421DD187
:10FA6000A86807732C20405C01280ED00B46083391
:10FA7000102231462846FDF7F3FE112059E02B46AF
:10FA800002465DE0F3F780F854E00B4608330222AB
:10FA900031462846FDF7E4FE03204AE001AAF9F7C3
:10FAA000BFFB002849D1208801220005000D0199E3
:10FAB000F3F7A8FA002804D069460A882B460A21E1
:10FAC000E0E701992620405C40070ED5206902033B
:10FAD0000BD40122D204104320618A8B218802209A
:10FAE000029B06F01FF86920FEBD628800212846AF
:10FAF000FFF732F8002801D04520FEBDA868214656
:10FB000007730198F5F784F86188491E8AB2019954
:10FB1000CC8BA24200D214468A69098C4143531807
:10FB2000314622462846FDF79BFE641C2004000C4B
:10FB300003D0E8800020FEBDFFE7684602882B4620
:10FB40000A2101209EE700007CB502462348244993
:10FB5000006845180921090241188B6E6021514344
:10FB60005C1800210091019172B6A1784907490FF4
:10FB7000052901D062B67CBD2946C0318A737D2239
:10FB800052024A8162B605226946483008F0DCFF1D
:10FB90008020009941517A2101984855A089062278
:10FBA000218950430930081886B2616B0D480860FE
:10FBB000606B05228660616B6846C91C08F0C4FF53
:10FBC00060790121084360714035EE86A0790221F9
:10FBD000C006C00E0843A0717CBD0000A403002035
:10FBE00058080000030801000FB4F0B5584F132067
:10FBF0003968C001081897B0C66A0FA802300024FF
:10FC00001590703014901BE030460FF0F9FA05465D
:10FC1000FC2809D0FE2D18D0002810D0FA2017B0EB
:10FC2000F0BC08BC04B01847694630460FF0D6FA5D
:10FC3000062215991498FDF738FB00281BD01436BE
:10FC40002046641CE4B20C28DED318A8407C0009CE
:10FC5000E5D00C2C76D972B60FF086F962B6132077
:10FC60003968C0010818C66A30460FF0C9FAFE2884
:10FC700068D01436F8E7502269461CA8FDF715FB3A
:10FC80000028CCD030460FF08FFA0AE01436304608
:10FC90000FF0B6FA0546FC2803D0002D01D0FE2D4A
:10FCA000BCD12046641CE4B20C2801D2FE2DEDD15B
:10FCB00018A8C17C6846C0788142C6D118A8407C8B
:10FCC000C0060ED468464078C0060AD502222DA888
:10FCD00011A9FDF7EEFA18A9487C1021084318A9CC
:10FCE000487418A8407C800615D468464078800681
:10FCF00011D523A807A9102202300231FDF7D9FA45
:10FD0000062215991498FDF7D4FA18A9487C2021E9
:10FD1000084318A9487418A8407C400695D4684642
:10FD20004078400691D527A80BA910220230023155
:10FD3000FDF7BFFA18A9487C4021084318A9487468
:10FD400083E7FFE701221CA930460FF063FA66E75C
:10FD5000A403002010B5064813210068C90140180B
:10FD6000C06AC001000CF4F719FF002010BD0000AC
:10FD7000A4030020F7B5214813210068C9014018E9
:10FD800098B0C66A002511A814460C271495159042
:10FD90001CE030460FF034FAFC2802D000281AD1BB
:10FDA00013E0694630460FF019FA68464078C006FD
:10FDB0000BD516AA1999159800F036FB022216A841
:10FDC0001899FDF772FA002808D0143628466D1CE1
:10FDD000EDB2B842DDD341201BB0F0BD69462046EC
:10FDE00000F0EEF805482346006821462A3314AA9D
:10FDF0002031803000F0C4F90020EDE7A40300209A
:10FE0000F8B5074627480E4600681321C901401877
:10FE1000C56A1446002E18D0012E06D17879010645
:10FE200001D5410611D480090FD07879400637D525
:10FE300026461E3628460FF0E3F9FC2824D0FE287B
:10FE40002ED000282AD0FA20F8BD20463E3000905F
:10FE500028460FF0D5F9FC2805D0FE2820D0002830
:10FE6000F1D11435F4E7214628460FF0B7F9607850
:10FE7000C007C00FB042F4D1062239460098FDF702
:10FE800014FA0028E0D0ECE7214628460FF0A6F946
:10FE90003146384601F0C8F90028D5D01435C9E7F5
:10FEA0005C20F8BDA403002030B50B4695B0154684
:10FEB00001466A461846FFF7A3FF040005D107A9CB
:10FEC000102228460231FDF7F4F9204615B030BD66
:10FED00070B50C4813210068C90140181426C56A82
:10FEE000002428460FF08CF9FC2805D0FE2807D006
:10FEF000002803D0FA2070BD641CE4B2AD19F0E70D
:10FF0000204670BDA4030020F7B596B017465E26C4
:10FF100000F0DEFE04004FD06078C507ED0F1ED064
:10FF2000002D05D0E0798109032918D0800916D069
:10FF3000E079400610D5214813210068C901401816
:10FF400007AEC56A023628460FF05AF9FC280CD0D5
:10FF5000FE2801D0002812D0472019B0F0BD06229B
:10FF6000A11C14A8FDF7A5F912E0694628460FF078
:10FF700035F93146A01C01F057F9002801D014359D
:10FF8000E1E70FA9062214A80231FDF792F9002536
:10FF90003B4614A92846179A01F00EFE06465D2836
:10FFA0000AD172B60EF0E0FF62B63B4614A92846AD
:10FFB000179A01F001FE06463046CEE7A403002062
:10FFC00070B5044601200D46A076C978217769787E
:10FFD000090603D5617F1022114361776A78617F3A
:10FFE00060231A40114361776978C90602D5A17F61
:10FFF0000143A177E86C6061A86C294620610E314D
:020000041005E5
:10000000204610220E463A30FDF753F92946204685
:1000100010221E315430FDF74CF92946204610229B
:100020002E316430FDF745F929462046022244313D
:100030002030FDF73EF920460822A91D4A30FDF781
:1000400038F920460222291D5230FDF732F968782E
:10005000800704D52089012149030843208168785D
:10006000400704D52089012189030843208168784D
:10007000000704D520890121C90308432081A878FD
:10008000010706D5E0722046102231462A30FDF7DE
:1000900010F9F120A07270BD70B594B015460E46EF
:1000A0006C4600F015FE002816D041782246C9079C
:1000B000C90F801CFFF7A4FE002802D05C2014B0FA
:1000C00070BD684640780FA9C007C00F2B46324666
:1000D00002310EF0FBFFF2E74020F0E7F3B51848DD
:1000E00013210068C90195B040185C2514270FAE94
:1000F000C46A023620460FF083F8FC2805D0FE289B
:100100001BD0002813D0FA2517E0694620460FF0CF
:1001100065F868464078C1071598C90F814206D135
:10012000062230461699FDF7C0F8002801D0E419E0
:10013000E0E720460FF038F80546284617B0F0BD36
:10014000A40300200D49012289B212048A1830B597
:100150000921C906002804D0CA60C868C003FCD4BD
:1001600030BD064B9C789878FB2528409870CA6073
:10017000C868C003FCD49C7030BD00001C00002087
:100180007FB5002400940194029403940D786C468A
:100190002570497861701178A1705178E1701A4624
:1001A000694609F0E1FF7FBD08B50B4605A201468F
:1001B00012680548009200686A4620318030FFF7D7
:1001C000DFFF08BD01000000A40300201CB507A14B
:1001D000096800910346002105480191006801AAC1
:1001E00069469030FFF7CCFF1CBD00000100000005
:1001F000A40300207FB5164604461D46082202A827
:10020000FDF757F8082231466846FDF752F82A46AE
:100210006946204609F0A8FF7FBDF0B599B00E46AB
:100220001C46174601460123202268461E9D08F001
:1002300096FD01232022314608A808F090FD10A861
:10024000047001231022394611A808F088FD15AB6F
:1002500011AA41216846F2F792F80123102215A94C
:10026000284608F07CFD19B0F0BD0000FFB5A3B032
:100270000F4605461C46382225A16846309EF1F7F8
:1002800091FF0123202229460EA808F068FD16AB35
:100290002D4A20210EA8F2F772F801A8012310229E
:1002A0003946013008F05BFD05A80123102201301A
:1002B000259908F054FD08A8447101230622801DE9
:1002C0002C9908F04CFD08A82D99017301230622F2
:1002D0000D302E9908F043FD1AAB16AA3521684659
:1002E000F2F74DF8012310221AA92F9808F037FDD4
:1002F0000121684601701EAB16AA3521F2F73FF8BE
:10030000012310221EA9304608F029FD27B0F0BDB8
:100310000062746C65000000000000000000000036
:1003200000000000000000000000000000000000CD
:1003300000000000000000000000000000000000BD
:100340000000000100000000782D0610FFB599B0F4
:100350000446012310226846229F259E279D08F00F
:10036000FEFC0123102204A81B9908F0F8FC0123CD
:10037000102208A81C9908F0F2FC01230322394638
:100380000CA808F0ECFC08A82399C17401230622EC
:100390000DA8249908F0E3FC08A88676012306221C
:1003A0001B30269908F0DBFC01231022214615A8FA
:1003B00008F0D5FC11AB15AA41216846F1F7DFFF23
:1003C0000123102211A9284608F0C9FC1DB0F0BD78
:1003D000F0B59DB00D461E4617460146012320226A
:1003E0006846229C08F0BBFC01232022294608A86D
:1003F00008F0B5FC01231022314610A808F0AFFC2C
:1004000001231022394614A808F0A9FC18AB14AA3D
:1004100050216846F1F7B3FF012304221BA92046AF
:1004200008F09DFC1DB0F0BDF0B5054691B019A0D7
:1004300000680D9000200E901748144600680E4684
:1004400005AB0EAA0DA99030FFF79AFE05A80F90F4
:100450006F461022002101A8FCF72FFF0822314629
:1004600001A8FCF726FF09AA01A90F9809F07CFE54
:10047000022209A93846FCF71CFF68460078297853
:10048000484020706846407869784840607011B0F4
:10049000F0BD000003000000A403002070B50D466D
:1004A000462400F015FC00280FD0817AB9290DD11F
:1004B000C17F04290AD1C17E012D04D080221143BD
:1004C000C176002402E04022F9E74024204670BDB6
:1004D00070B50D46462400F0FBFB002811D0C17F0B
:1004E00002290FD1C17AC9060CD507490968097ECE
:1004F000022907D12B460E22002110F029FE0446C6
:1005000000E04024204670BDAC03002010B50F4C25
:10051000FF220021206806F062FD2068002181761C
:10052000C17601224273072383731023C3730276BB
:100530000175016102738175C17519461C30F8F7A8
:100540004FFF002011F050F910BD0000AC03002057
:10055000F7B584B0072116460191009100F0B8FB71
:10056000040004D07420005DC00724D102E04020C4
:1005700007B0F0BDA01C11F0F7FA00281DD0002E26
:1005800002D0A07B000616D4A27BD00613D4464D21
:100590002868817D4B081943C90702D0817E49072D
:1005A00009D400210291D109C901A173A27A002ABC
:1005B00008D0F12A03D04620DAE75920D8E7059A77
:1005C000D2071ED0807EC043800721D02089202200
:1005D0000105090D0020FDF793F807001AD0A020AF
:1005E000A072E07E2F210840E0760598800703D5B1
:1005F000A07B20210843A0732868002E0CD0417BEB
:100600000EE001200143A17320460FF0DFFDAFE7AC
:100610003820ADE76420ABE78030007B4007C10F96
:100620002868827D53081A43D207C37DD20F007B0E
:100630000FF02FF90646204610F048FD019900986A
:1006400000910190227E3346012138460FF02EF9A9
:100650002146384611F0AAFA002802D04120029023
:1006600086E72968887EC243920701D0401C8876BD
:100670002046542200212030FCF71FFE304618216E
:100680000840E072A07EF10700D002210843A07666
:10069000E07E7107C90F0843E07628688030C67293
:1006A000A120A072029863E7AC030020F0B593B0DC
:1006B0000020069072B65F4D042128684030C27950
:1006C0000A43C27162B610F0B9FF00265A4F73E0B8
:1006D0003868C16F7C2070430C186BD020890028CB
:1006E00068D0617BC9075FD00005000D21462A3123
:1006F0000190102211910CA8FCF7DBFD07A9204600
:100700000FF0B2FA00283CD0019809F057FE0B9088
:10071000207B80070CD0019810F02AFC0246474B42
:100720000021012000F06CFC207B000900012073F7
:100730000220049001980390032002903921286838
:1007400049014118897B0123890712D5D902083054
:1007500040181322C06C022102F03CFC010008D0BA
:10076000039A8A80029A00238A71CB71049802F05E
:100770001DFC0B983A280AD0607B4008400060734B
:1007800012E007A9019809F0E8FD0B90F1E71022AB
:100790000CA91198FCF78DFD72B62868FB22403039
:1007A000C1791140C17162B6A07A002802D02046FA
:1007B0000FF000F9761CF6B22868A030007BB0423A
:1007C00086D830E006A9386806F063FC0698808871
:1007D00000F07EFA010022D006988268127B052A7A
:1007E00005D08B7A102B05D9F12B03D00BE010F03C
:1007F00005FD14E074235B5CDB0702D0012A0ED1F7
:1008000001E00B2A0BD110F07FFB002807D0FD2858
:1008100005D00699386806F0EAFB13B0F0BD012157
:100820000698FCF7C9FF386806F00AFC0028C9D012
:10083000F3E70000A4030020AC03002030750000A3
:100840007CB508380E4EC4B230687C21C06F4C4372
:100850000519288900230105090D0122022003F052
:100860006FF80220694600950871684611F0BAF9E0
:1008700030687C22C06F00210019FCF71EFD7CBD92
:10088000AC03002070B500F023FA040007D07420F8
:10089000005DC0070AD0207B800707D101E040201F
:1008A00070BDA07A002803D0F12801D0462070BD89
:1008B0001A4E3068807EC04380072BD020892022CA
:1008C0000105090D0020FCF71BFF050024D00220C4
:1008D000E880A8680B2101733068817DC37D4A08D8
:1008E0001143CA07417B007BD20FC007C00F0EF037
:1008F000D0FF0146306880300173A86841732146FB
:10090000284611F053F90028D1D1217B012211434F
:10091000217370BD382070BD642070BDAC03002011
:10092000F8B51E460B460E490025069F0C680028A8
:1009300005D0012803D0022803D042250DE01C3445
:1009400000E02C341146184610F060FB1020307087
:10095000024621463846FCF7ACFC2846F8BD0000AC
:10096000AC03002010B50C4600F0B2F9002804D00A
:10097000C17F022903D0462010BD402010BD04498C
:10098000102209680C61C17E1143C176002010BDA0
:10099000AC030020FFB5002483B01F460546264661
:1009A000009410F051FB01280DD02800224D0DD0ED
:1009B0006846067131466B463A46002010F0A4FBAB
:1009C000040024D035E0462007B0F0BD0C98002884
:1009D0000CD0002F14D0012F12D0022F13D000986A
:1009E0004224002825D00C9A0D9920E00EF050FCEE
:1009F000012801D011241CE010F076FE044618E016
:100A000028681C3001E028682C300090E9E729684C
:100A1000049880314968062248702868059980301A
:100A20004068801CFCF745FC0C9A0D990098FCF777
:100A300040FC2046C8E70000AC030020F8B507469C
:100A40000D460026888800F043F9040064D0012F89
:100A500002D0002F09D062E0E88841285ED83348F0
:100A60002946006806F0D6FA5DE0A868007B0628F3
:100A70000BD0D52107280AD0082819D0092819D069
:100A80000A281CD00B281ED049E0D22006E0A07A0C
:100A9000DD2844D1A07F820702D5D320A0723EE09A
:100AA000400701D5A1723AE020460FF05DF936E02B
:100AB000D420F3E7A07ADD2831D1A07FF0E7A07A37
:100AC000DD28F1D02BE0207B8107890F012926D179
:100AD00088430221084320731548392100684901E1
:100AE0004118897B4227C9060ED50121C902083069
:100AF00040181622C06C0023394602F06BFA010040
:100B000002D0384602F052FAA07AF12807D1207BB1
:100B100004210843207302E0012F00D10126314651
:100B20002846FCF749FE0020F8BD0000AC03002079
:100B3000A403002000B50005000D00F0C9F800284E
:100B400006D0017B0A07920F022A03D0462000BD7F
:100B5000402000BD0C2211430173002000BD10B5E0
:100B60000C4600F0B5F8002805D001890A0409D523
:100B7000012C02D004E0402010BD4904490C018141
:100B8000002010BD462010BD10B50C4600F0A0F8A6
:100B9000002807D0817A002904D0007FA04201D329
:100BA000002010BD5F2010BD10B594B0044600F0C9
:100BB0008FF800281AD041786A46C907C90F801CEF
:100BC000FFF71EF900280DD0204600F081F800281C
:100BD0000CD0817AF12907D1807EC10704D080072B
:100BE00002D5002014B010BD5E20FBE74020F9E7DD
:100BF000FFB59C46224B00241B6820490646A033C3
:100C000081B02746204609681D7B08E07C23CC6F15
:100C10004343E4182389002B0DD0401CC0B2854209
:100C2000F4D8854227D0002F25D003202070002A39
:100C300003D0012002E00127F3E7002060700622C4
:100C40006146A01CFCF735FB26811020A0722046CF
:100C50006030029901750B994175062216300A9988
:100C6000FCF727FB2046042200210C30FCF725FB73
:100C70000020C043606105B0F0BD0000AC0300205F
:100C8000A403002010B5412400F022F8002805D06C
:100C90006030017D8022114301750024204610BD83
:100CA00010B5002400F014F800280ED00089C1040B
:100CB00007D50124810401D5032402E0410400D5B5
:100CC0000524000401D408200443204610BD000080
:100CD00070B500281BD003050F48002100680D4A9D
:100CE0001B0DA0301268047B0FE008467C26704381
:100CF000D56F0830285A0005000D984203D17C2298
:100D00005143681870BD491CC9B28C42EDD800200F
:100D100070BD0000AC030020A4030020F0B5144611
:100D20000E460746FFF7D4FF050016D03846FFF7FA
:100D3000B7FF0122297F3270C30709D0430703227E
:100D4000002B03DA102903D1042004E0800701D529
:100D50002270F0BD02202070F0BD00203070FAE754
:100D60001CB5FFF7B5FF040016D0208910F000F97C
:100D700002460A4B0021012000F042F920890005BB
:100D8000000D10F017F902206946009408716846BA
:100D900010F028FFFE20A0721CBD0000307500007E
:100DA000F8B507460E4600251046FFF791FF0400F0
:100DB00071D0002E0BD12089012109030843208125
:100DC000E17F02290DD003290BD0042909D0208905
:100DD0000105090D002E10D07420005DC00723D03E
:100DE0003DE0E17A090702D50121890301E00121F3
:100DF0004903084301052081090DA07ABC2806D0CB
:100E0000AD2806D0AE2806D0F12807D037E0BF20A5
:100E100002E0AF2000E0F020A07230E0032F2ED1DE
:100E200000231A46422028E0A07AF12817D126484C
:100E30003921006849014118897B422589060ED570
:100E40000121C902083040181722C06C002329462E
:100E500002F0C0F8010002D0284602F0A7F80020F6
:100E60000125A072032F0AD10522062E00D10422EB
:100E7000208900230105090D022002F061FD742084
:100E8000005DC00708D0207B810700D00125000944
:100E9000000120730CE016E0A07BC10608D5EF210D
:100EA0000840A073010603D54006400EA07301E080
:100EB000002D08D0208910F05BF80246034B00217A
:100EC000012000F09DF8F8BDA4030020307500005B
:100ED000F0B585B00E4607461C46154602A804A983
:100EE000FAF7B6F86946097C02A8019100902346FA
:100EF0002A4631463846FFF77BFE05B0F0BDFFB508
:100F000085B015460E461C46062202A80F9F0E9974
:100F1000FCF7CFF902A8F8F7A3FE002806D00120BD
:100F200069460874A80706D53B4605E002A804A94F
:100F3000FAF78EF8F6E723466946097C02A8019184
:100F400000902A4631460598FFF752FE09B0F0BDE1
:100F500070B515460E46FFF7BBFE040013D0607B4C
:100F6000012108436073A07ABC280CD0E07A000706
:100F700009D42046082231462A30FCF79AF9323447
:100F80002570280A607070BDF8B51B4EC00031682E
:100F9000054680310A68083D515D40234906490EE7
:100FA0005155326819438032126800245155851F0B
:100FB000124F1AE0306880210958C26F20467C2306
:100FC00058430090801C101849190622FCF76DF94F
:100FD000002808D13068C16F00980818817AFB2971
:100FE00001D110218172641CE4B23868A030007B0A
:100FF000A042DFD8F8BD0000AC030020A40300200D
:101000007FB50024002902D0012902D002E0082582
:1010100000E00025A9186A4611730293012809D03F
:1010200000280AD1104600F04DFC684600F0FEFB97
:10103000044602E0104600F045FC204604B070BDB6
:1010400070B505460024204610F0D2FB002801D0E0
:10105000462404E0012D02D1012010F0C5FB2046FA
:1010600070BD000070B505460FF0EEFF002801D0FE
:10107000462407E00448002400680C2229460C306E
:10108000FCF717F9204670BDAC03002010B50C46E4
:10109000FFF71EFE00280FD00189002C0ED0012280
:1010A000D203114301814804800F0AD00905090DBC
:1010B000022002F0C3F804E0402010BD4904490CAE
:1010C0000181002010BD000030B50C4A00211368DA
:1010D0000B4A1268A032147B0AE07C224A43DD6F7F
:1010E0000832AA5A002A01D0462030BD491CC9B294
:1010F0008C42F2D81876002030BD0000AC030020EE
:10110000A403002070B588B00E46FFF7E1FD05008E
:1011100024D06946FFF748F8F4882B46241DA1B275
:10112000103304223046FCF79BFBE2B204AB31469D
:1011300068460EF0DBFA201D81B206AB082230466D
:10114000FCF78EFB0834F4802869411C04D0401C55
:101150002861002008B070BD0020F9E74020F9E7C1
:10116000F0B58BB00F46CE88FFF7B2FD050032D048
:1011700007A90FF03BFF002802D05A200BB0F0BDAA
:10118000083EB1B26B460C223846FCF771FA68464D
:101190000178407802026846807803046846C07887
:1011A00004061C43144368690C43411C01D0A0424F
:1011B0000CD2F2B203AB394607A80EF097FA082218
:1011C00005A901A8FCF771F8002801D00520D5E792
:1011D00000206C61D2E74020D0E710B586B004460D
:1011E00001A8FEF7F3FFF8F753FC69468870000A80
:1011F0004870F8F74DFC6946087088784021400631
:10120000400E08436946887005AA01A80EF0D1FA7D
:10121000032205A92046FCF74CF803226946E01C8E
:10122000FCF747F806B010BD38B50B460446C11CA4
:101230006A4618460EF0BDFA032221466846FCF7BE
:1012400034F8002800D0412038BD000000B5044A21
:1012500000E09068042000F031F80128F9D000BDCA
:1012600000004040084801780222114301700649FD
:10127000803900E0C2680A7BD207FBD00178FD22EA
:101280001140017070470000800040400449022274
:101290000028486801D0104300E090434860704740
:1012A00000004040044A0029117901D0014300E0C8
:1012B0008143117170470000200040400349097BC1
:1012C000014201D0012070470020704700004040DB
:1012D0007047000010B50446406800F02BF8114834
:1012E0004168042291432278D207520F1143416092
:1012F000016840229143A278D207520E1143016047
:10130000016880229143E278D207120E11430160F6
:101310000168627849094901D206D20E1143016081
:1013200010BD000000004040014988607047000087
:101330000000404070B54100012502240C48F0F740
:101340001BFF0C4A411E914203D906E061060C0EB8
:101350004008FF28FAD8401EC5B207480474016847
:10136000FF22120291432A021143016070BD000066
:101370000024F400FFFD0000000040400121017046
:101380000721417000218170C1700149416070479F
:1013900040420F0070470000F0B5944600220A80DA
:1013A0006346104C1A60092322681B028646D21835
:1013B0004120D26E00230FE05D01AD182F69764603
:1013C000374207D06F880E88B74203D90F80604636
:1013D000056000205B1CDBB22568A0352D7B9D429B
:1013E000EAD8F0BDA4030020F0B5C3B004AD0827CF
:1013F0000024F8212846F0F7FDFE134EF068049013
:1014000015E03089002304A9C2B20193029203912E
:101410000090F288B1887088012304F02BFD002829
:1014200002D0642809D00AE02868401C28602046C1
:10143000641CE4B2B842E4D301E001207070286873
:10144000F06043B0F0BD0000E00300207CB50C4626
:1014500005466A4601A9FFF79FFF002801D04120F9
:101460007CBD6846E1888088814200D9E080009890
:101470000088A0802046F4F703FE0098012D07D0D5
:1014800001690822114302229143016100207CBDC1
:10149000016949084900F8E730B5EFF3108172B6E9
:1014A0000922D2061269FF25821A120214120C4A6E
:1014B00091351368AC4208DC0122120690431A46AB
:1014C0004032D479DF252C40D471C2010724D209DF
:1014D00024021B19DA65034A906081F3108830BD3D
:1014E000A4030020400000480020104903E00A5CEB
:1014F000401C1018C0B20A5C002AF8D1C21C202A75
:1015000012D202220A542122081842700821817046
:101510000021C170012180B2090441180920C006D0
:10152000C160C168C903FCD470470000B00300204B
:101530001FB50446064802900846F6F703F88000F7
:101540000019694611300873684600F06FF91FBD35
:10155000307500001FB504460846F5F7F3FF80001C
:101560000019694611300873684600F0ABF91FBDD9
:101570002248027A224801890020002A08D0022A43
:1015800037D0042A37D0082A01D1042108437047F4
:1015900009228A4300D1202011228A4301D140220E
:1015A000104321228A4301D18022104341228A43E1
:1015B00002D1FF220132104381228A4302D101224B
:1015C00052021043FF2202328A4302D101229202C8
:1015D00010430C4A8A4302D10122D2021043052251
:1015E0008A4301D110221043C9438907CFD1082172
:1015F000CCE70121CAE70221C8E7000000009040C3
:101600000000104801040000044A0129116A02D0B8
:101610008143116270470143FBE7000000009040E6
:1016200002480168491C0160704700004C0300201B
:1016300005490028086902D00122104301E0400852
:10164000400008617047000000E000E010B50300B2
:1016500000F0BFFD3A332D2D2D1E2130332A2A2ACA
:101660002A2A2A2A2A2A2424242424242424242416
:10167000242424242424242424242424242424242A
:1016800024242424242424272727272727272733F3
:10169000F3F78EFF10BDF4F7C9F810BDF4F71EFD87
:1016A00010BDF8F7C9FD10BDFFF7CAF810BDFFF770
:1016B0006BFC10BDF3F71EFE10BD3A38C0B2042813
:1016C000FAD2F7F750FF10BD0348DF220068403020
:1016D000C1791140C1717047A403002070B50B4857
:1016E0001D2100688901441826466460083624607C
:1016F000E6600025A6602069290141183046FBF705
:10170000FBFA6D1CEDB20B2DF5D370BDA4030020C8
:10171000F0B5002693B0701E0E9042481D2100685F
:10172000890144180920C0060069374605022D0AC0
:1017300072B6A0692146281A0002000A223110F070
:10174000A3FB6169A56140186061364800684030BC
:10175000C1798A0663D420221143C17162B625681B
:1017600014E0A8686169401A00280ADCBA0001A8E0
:10177000761C85507F1CF6B2FFB2287BFFF766FF10
:1017800003E00E99884200D20E902D68A542E8D160
:101790002046083000250C901830129018E0AF0059
:1017A00001A8761EC159F6B22046FBF7C4FA01A87B
:1017B000C1590C98FBF7A0FA01A8C059007B3A2840
:1017C00004D2129812990078401E08706D1CEDB278
:1017D000002EE4D12068A04217D03D256D04284694
:1017E00010F04AFB01460E98814201D8284601E0DC
:1017F0000CF0D0FFA169081800020121000A0906B7
:101800004018FFF749FE13B0F0BD72B6002005493D
:101810000722096812028918C8650349886062B600
:10182000F1E70000A40300204000004810B5044682
:101830000920C00600690002000A00F06FF8A168E4
:10184000F7F776FEA060204600F002F810BD000019
:10185000F8B51B4D06461D21286889014418317BC7
:10186000481E3E2801D34220F8BD2046A268083019
:10187000824205D03A2905D22021095D072901D3EA
:101880006420F8BD6946FBF749FA102231460098FA
:10189000FBF70FFD20460099FBF72EFA0098007B1E
:1018A0003A2803D220342078401C207072B6286871
:1018B000DF224030C1791140C17162B60020F8BD0D
:1018C000A403002070B5144E1D22316892018D18BA
:1018D0002C681DE0017B227B914218D121462846CD
:1018E000FBF729FA284621460830FBF705FA207B4A
:1018F0003A2803D220352878401E287072B6306806
:10190000DF224030C1791140C17162B670BD2468D8
:10191000AC42DFD170BD0000A403002010B5074920
:101920001D22096892018C18A169401A0002000A60
:1019300010F0A2FA6169081810BD0000A40300208D
:101940000149888070470000400030400549002868
:10195000086B02D00122104301E0400840000863F8
:101960007047000000003040044A0129117A02D07B
:101970008143117270470143FBE700004000304093
:101980000549002801DA496800E0098B014201D0CD
:101990000120704700207047000030400349898BC8
:1019A000014201D0012070470020704720003040E4
:1019B00008B507E000F0BCF86946087001216846E8
:1019C00007F058FF1020FFF7E9FF0028F2D1202090
:1019D000FFF7E4FF002802D02020FFF7B1FF08BD89
:1019E000044A0029118B01D0014300E08143118397
:1019F000704700002000304070B54B4D0446286B06
:101A00004A4A0107206801D4010100E0C1001046E4
:101A1000F0F7B2FB01464002020C434820308280BE
:101A2000D201891A0126C903F6038919090C3F2935
:101A300002D9491C8906890E0172027B23799F21F4
:101A40009B070A405B0E1A4302732A7F0A406179A2
:101A50008907490E0A432A77017BA279F723D20727
:101A60001940120F11430173297FA2791940D2073F
:101A7000120F11432977E179002943D0022202296C
:101A8000017B44D011430173037B04210B43037397
:101A90002B7F13432B772A7F0A432A77296B012256
:101AA00052029143227AD207920D11432963296B86
:101AB000FF2201329143227A9207D20F1202114380
:101AC0002963296B012292039143627AD207520C57
:101AD00011432963296B627AB1439207D20FD20373
:101AE00011432963027BA37AEF21DB070A40DB0E57
:101AF0001A430273287F0840A17AC907C90E084318
:101B0000287770BD027BFD210A40027308E0114373
:101B10000173037BFB210B4003732B7F13432B7754
:101B20002A7F0A40B9E70000000030400000127A26
:101B300001480088C0B2704700003040E1214902EE
:101B4000032201600271427100218171C171027230
:101B5000417281727047000010B501218020FFF7AB
:101B600053FD034800F014F800F004F810BD000025
:101B7000FD7F00000448017A012211430172017ABD
:101B8000022211430172704700007040704700004C
:101B90000149086070470000000070408908414317
:101BA000880A401C70474143080A2921090148431B
:101BB000C00A401C70470000FFB585B00D460DF00F
:101BC000E7FA044600270C20029060E020460DF062
:101BD00017FB0646FE2861D0FC2E04D0002E02D052
:101BE000FA2009B0F0BD20460DF0EEFA84465F49B8
:101BF000A000401800686A46030A1370030C537073
:101C0000000E9070641CA00040180068D070030A99
:101C10001371000C5071641CA00040180068039000
:101C2000FC2E0AD105998C4506D106222946684624
:101C3000FBF73BFB002804D0039880080419641CC0
:101C400025E007990398884219D10622FF216846AA
:101C5000FBF733FB002635E0641C4448A10008185C
:101C60000168684609F06AFF0898042280196946ED
:101C7000FBF71BFB002824D0B008241A641EA41E06
:101C800020460DF091FA039880080419E41C3846A8
:101C900002997F1C884299D38F4210D8344801683A
:101CA0001320C0010818026BC16A406B8918401EDE
:101CB000091807980C3080080019814206D25D206F
:101CC0008FE7361D03988642C6D34DE005986946D6
:101CD000C007C00F001F08702878487068788870A7
:101CE000A878C870009900060902090A0143204635
:101CF000F3F7D0F9002831D1E978684601702979E5
:101D0000417069798170FF21C1700098641C0102E3
:101D1000FF20090A000601432046F3F7BBF900281B
:101D20001CD1641C20460799F3F7B4F9002815D19B
:101D3000079800258107890F0E18641C12E0089887
:101D400040190746F0F76EFA0102F878090A000612
:101D500001432046F3F79EF9002801D0FB2040E71D
:101D6000641C2D1DB542EAD300203AE700000410A0
:101D7000A4030020F0B5044688680F460146007BA6
:101D8000083185B0522810D00F250826F888A842BF
:101D90005CD3022203A8491DFBF78BFA68468089B1
:101DA000002853D0082E03D00DE003250426EDE7CC
:101DB0002069400107D4208839460005000DFFF74F
:101DC000CFF9002842D1012120698906884320618A
:101DD00068468089F5F792FB010037D068460A8D86
:101DE0008089824232D002AAF7F71AFA00282DD150
:101DF000208832460005000D0299F1F7D2FE002836
:101E000024D1F888401B85B20298014620310A4649
:101E10008978002902D0012902D004E0C18B00E0BA
:101E2000018CA94212D39179890711D521694A03FE
:101E30000ED40122920411432161E9B2019700916D
:101E4000828B21880323022004F0A2F905B0F0BDA3
:101E50002146F2F7DDFE064602982A468169008C8B
:101E600070430B1807213846FBF702FC0298014625
:101E700020318A78012A00D1C5838979C907E5D044
:101E8000018C826971435118002200920191C38B29
:101E9000828B20880105090D022002F065FFD5E73D
:101EA000F0B50446C88887B00F461646032804D20A
:101EB000134600221221042016E0B968022205A868
:101EC0000D31FBF7F6F96846808A002814D0F5F743
:101ED00015FB010010D068460A8D808A824206D127
:101EE0000246334612210320F0F74EFE74E002AAA8
:101EF000F7F796F9002805D06846828A1221334602
:101F00000120F1E7208802220005000D0299F1F777
:101F100079F8002804D069468A8A33461221E3E71B
:101F2000F888C01E85B20298014620318A78002ABE
:101F300002D0012A02D00AE0C28B00E0028CAA4241
:101F400005D26846828A122133460D20CCE7897972
:101F5000890714D521698A0311D4CA010FD401223B
:101F6000520411432161E9B201970091828B2188CB
:101F70000323022004F00CF9692007B0F0BD2146CC
:101F8000F2F746FE01900298028C81690198424363
:101F90008B182A4607213846FBF76AFB0298014650
:101FA00020310A468978012900D1C583B1681323FD
:101FB0000B7391790125C9070DD0018C019A8369B2
:101FC00051435918002200920191C38B828B2188C2
:101FD000022002F0C9FEF5800020CEE7F8B5062603
:101FE000324840250560324800270780A9050920AE
:101FF000C00641602F4A9160016801602E480321AC
:1020000004694269601E08433946401CFBF755F9D4
:1020100006F0F8FEC1B22046F2F792FAF2F7CCFBD6
:102020000CF00AFC0FF062FE244917208881244C32
:102030002068421901465770FA20886228201070E3
:10204000FBF7FEFE012805D1206810224030017800
:10205000114301700DF01CF9012805D12068802280
:102060004030017811430170206801464030027809
:10207000324302700020C0430866FBF7FBF9F1F71A
:10208000D9FBF1F709FC20680121203001770721F5
:1020900041770120F7F72AFAFBF70CFEF1F782FCF3
:1020A00002488038056002210160F8BD80E100E04F
:1020B000C000002040000048640D002000001048CF
:1020C000A403002030B5194B047A1B68C268AE33F4
:1020D0001B799D06AD0F04D10078042801D00020A3
:1020E0000EE0012030BD155C002D0BD0401C80B2ED
:1020F000155C012D08D01518203DED7F281880B201
:10210000A042F0D3087830BD401CDD07012480B226
:10211000002D02D0105CC00703E09B07F2D5105CD5
:1021200080070028EED00C70ECE70000A40300202C
:10213000FFB597B00C201590142014901D48002571
:1021400000681321C9014018C66A1F462C461D703D
:1021500030460DF055F8FC280DD0FE2806D0149816
:102160006D1C36181598EDB28542F1D3179804709E
:1021700000201BB0F0BD694630460DF02FF81999CC
:10218000E01D884201D96420F3E7684640780622C2
:10219000C1071898C90F0155641C1898A4B20FA95B
:1021A00000190231FBF785F8A41D3878A4B2401C51
:1021B0003870D4E7A40300200A7802704B7843708B
:1021C0008A788270CA78C2700B7903714A79427139
:1021D000704730B47446641E2578641CAB4200D24C
:1021E0001D46635D5B00E31830BC1847FEB5284808
:1021F000017A01252943017226490020086004461E
:10220000FFF7B6F9694608800888002803D1641CE6
:10221000E4B2032CF4D30888202836D3088801249C
:10222000400526D40846F7F7F7F8694648788978D4
:1022300000010843122800D2002417480068000754
:1022400005D4002C15D00120FDF77CFF11E00926F4
:10225000F6063069114F39682830081A000200125A
:10226000002806DD002C02D00120FDF76BFF386846
:1022700070600B480570EFF74CFFBFF34F8F0A49B2
:102280000848C860BFF34F8FFEE70120FEBD000085
:102290000000204014000020C00000201800002092
:1022A0000C0000200400FA0500ED00E002E008C880
:1022B000121F08C1002AFAD170477047002001E0C0
:1022C00001C1121F002AFBD170470000F0B505467E
:1022D00000200F46079E059C174309D0202905D3EF
:1022E0000127BF03BA4201D8914201D94220F0BD73
:1022F000194621430AD09C42F8D309498C4203D0A5
:102300000849A41F8C42F1D2062BEFD3002D03D035
:10231000022D01D0032DE9D1032EE7D8F0BD000036
:10232000FFFF00007B0C000070B504461646007BE2
:102330004A1E8218401E824395B2228860888242DB
:1023400001D2801AA288101AA8420EDBA0680A46A1
:10235000C01801463046FAF7ACFF6088A1884019E2
:10236000EFF70AFF6180002070BD012070BD000002
:10237000FFB595B00E46054620210CA8EFF73AFFB1
:1023800000200490564800270468681EAE340428D4
:1023900002D8A078C0070BD0062D02D0002D0AD09D
:1023A00002E0A078800703D5E0784006800E0AD0CE
:1023B000462019B0F0BDA0788007F9D0E07840063B
:1023C000800EF5D00FE0002D0DD0012D20D0022D74
:1023D00028D0062D33D0032D33D0042D37D0002E36
:1023E0003BD04220E5E70020F8F7A2FB0028E0D12F
:1023F000E078800708D50420694608736846FFF72F
:1024000061FA022001F0E6F90120E0700020D0E737
:10241000012EE6D0042EE4D01F980028E1D1062733
:10242000042008E0012EDCD0042EDAD01F9800280A
:10243000D7D105270220E0700120049010E0402051
:102440000DE0022E01D0032ECBD1082007E0012E93
:1024500001D0042EC5D1102001E004272020E07017
:1024600000230BAA19461E98F3F7F0F8030002D0D8
:1024700006F002FE32E01022002107A8FAF71DFF45
:1024800007A86C46279B269A1F990FC42B463046F7
:10249000189A179904F064FF0300E9D108A8017B9A
:1024A000C170259803AC049B289A29990FC422ABCC
:1024B00007CB02920091019039460CA8209B219AEB
:1024C0000CF034FF0300D3D107A8F9F7D3FC0300C5
:1024D000CED10120F8F72CFB0300C9D1184668E7DC
:1024E000A403002070B51C4613460D46012C03D0F2
:1024F000022C03D0422070BD022200E010221946B7
:10250000FAF7D7FE2C70002070BD00B5C1B06A4646
:102510005071000A9071D171080A10720420107075
:10252000FF205070062090700320D0700C20107196
:102530000921162268460CF0B5FE41B000BD00B579
:10254000C1B06A465071000A907104201070FF21DA
:10255000517090700D20D0700C2010710721202236
:1025600068460CF09FFE41B000BD000070B50D46FE
:1025700001230446C1061148006803D53122BF215A
:102580000C4008E0392149014118497CC90601D4B1
:10259000002070BD2E222107890E08180121C902D2
:1025A0004018C06C214600F015FD010004D08D805C
:1025B000204600F0FBFCEBE7072070BDA4030020E1
:1025C00010B5F4F727FF10BD70B5D51C1446072BC6
:1025D00001D2002070BD032901D0122006E042780C
:1025E0008178037810021843FFF7EAFF287004206F
:1025F00020700F216170A070012020711120607186
:10260000FD20A071072070BDFEB56C46099E089D97
:1026100020806180A280E380258131466846F4F7FE
:1026200002FFFEBDFEB5D51C1446072B01D20020CB
:10263000FEBD027A134609338B4201D0122015E009
:102640000146093100920191C17982790B024179E9
:10265000134306790A023243C1788678090231436E
:102660004678077830023843FFF7CEFF2870042001
:1026700020700F216170A070012020710D20607109
:10268000FD20A0710720FEBDF0B5C1B001AC013442
:10269000A4466C4600236071000AA071E1711846DF
:1026A0000DE084006546165B6719FE70360A3E71C0
:1026B000A41864887C71240A401CBC711B1D8842CC
:1026C000EFDB04206A461070FF2050705B1DD9B20A
:1026D00091700520D0700C20107118226846C91C1A
:1026E0000CF0E0FD41B0F0BDF7B50646907903214E
:1026F000401EC5B2E81C0843401C83081748174613
:102700000068F10603D52922BF210E4008E03921D7
:1027100049014118097CC90601D40020FEBD2622CA
:102720003107890E08180121C9024018C06C3146D2
:1027300000F050FC04000FD00198A080A808A07100
:1027400023462A46052138460833FAF791FF2146E9
:10275000304600F02BFCE0E70720FEBDA40300207C
:1027600010B5F4F7ABFE10BD70B5D51C1446072BA1
:1027700001D2002070BD062901D012200DE0417960
:1027800003790A021A43C17883780902194343780E
:10279000067818023043FFF7E3FF2870042020700A
:1027A0000F216170A070012020710C206071FD204C
:1027B000A071072070BD30B5C1B014466A46507193
:1027C000000A9071D171147202A822461946013094
:1027D000FAF76FFD04206A461070FF215170A41DA6
:1027E000E1B29170D0700C20107117226846C91C9C
:1027F0000CF058FD41B030BDF7B506469079032185
:10280000801EC5B2E81C0843401C830818481746C0
:102810000068F10603D52822BF210E4008E03921C7
:1028200049014118097C090701D40020FEBD252279
:102830003107890E08180121C9024018C06C3146C1
:1028400000F0C8FB040011D00198A080B8682346AE
:10285000407BA071E5712A46062138460833FAF715
:1028600007FF2146304600F0A1FBDEE70720FEBD52
:10287000A403002038B56D46049C2A806B80234653
:102880006A46F4F7EBFF38BDF8B5D51C1446072BA4
:1028900001D20020F8BD8379DA1D8A4201D01220CE
:1028A0000FE0C11D0091417906790A023243C178D7
:1028B0008678090231434678077830023843FFF7BB
:1028C000D9FF2870042020700F216170A0700120B2
:1028D000207110206071FD20A0710720F8BD70B537
:1028E000C2B006466846469D4671360A8671C17179
:1028F000090A01724272110A1C468172C472224690
:10290000294603A8FAF7D5FC042168460170FF2187
:1029100041700934E1B281700C22C27002711F2231
:10292000C91C0CF0BFFC42B070BD0000F7B582B00E
:102930000646049803218079401FC5B2E81D08436C
:10294000401C83082148F106006803D53022BF21CE
:102950000E4009E0392149014118497C090702D498
:10296000002005B0F0BD2D223107890E0818012185
:10297000C9024018C06C314600F02CFB040022D084
:102980000498271D8168022268460D31FAF791FCF0
:1029900004980222816801A80F31FAF78AFC039893
:1029A000388068460088788068468088B880BD7125
:1029B000FB1D2A4609210498FAF75AFE21463046A3
:1029C00000F0F4FACCE70720CBE70000A4030020D6
:1029D00030B5C1B015466A465071000A90710C4678
:1029E000D1712246294602A8FAF763FC04206A4600
:1029F0001070FF205070641DE1B291700820D070FB
:102A00000C2010711B226846C91C0CF04BFC41B015
:102A100030BD0000F7B5064690790321401EC5B2CF
:102A2000E81C0843401C8308164817460068F10656
:102A300003D52C22BF210E4008E03921490141185D
:102A4000097C090601D40020FEBD29223107890E28
:102A500008180121C9024018C06C314600F0BAFACA
:102A600004000DD00198A080A5712A4605213846A2
:102A7000E31DFAF7FDFD2146304600F097FAE2E744
:102A80000720FEBDA403002070B586B00D46144695
:102A900006466946881C0A9AFFF724FD002805D1DE
:102AA0006B46224629463046F4F7DEFF06B070BD7D
:102AB000F0B5D61C85B015460F460446072B02D24A
:102AC000002005B0F0BDA079012811D0022811D056
:102AD0000022E11D01A8FAF7ECFBA379012B0BD032
:102AE000022B0BD00020C01DB84209D0122017E0E5
:102AF0000222EEE71022ECE70220F4E71020F2E7D2
:102B000001A80090607921790202E0780A4301026D
:102B1000A77860782478000239432043FFF7B4FF98
:102B20003070042129700F206870A970012129716B
:102B30006871FD20A8710720C3E730B5C1B0144605
:102B40006A465071000A9071D171147202A822462F
:102B500019460130FAF7ADFB04206A461070FF20D9
:102B60005070A41DE1B291700A20D0700C20107139
:102B70001D226846C91C0CF095FB41B030BD000019
:102B8000F7B5064690790321801EC5B2E81C0843BC
:102B9000401C8308184817460068F10603D52E220A
:102BA000BF210E4008E0392149014118497C8907BD
:102BB00001D40020FEBD2B223107890E0818012107
:102BC000C9024018C06C314600F004FA040011D06C
:102BD0000198A080B8682346407BA071E5712A4621
:102BE000062138460833FAF743FD2146304600F007
:102BF000DDF9DEE70720FEBDA403002070B586B036
:102C00000D46144606466946881C0A9AFFF76AFC78
:102C1000002805D16B46224629463046F4F73CFF92
:102C200006B070BDF0B5D61C85B015460F460446FB
:102C3000072B02D2002005B0F0BDA079012811D0E9
:102C4000022811D00022E11D01A8FAF732FBA37976
:102C5000012B0BD0022B0BD00020C01DB84209D095
:102C6000122017E00222EEE71022ECE70220F4E740
:102C70001020F2E701A80090607921790202E07843
:102C80000A430102A7786078247800023943204380
:102C9000FFF7B4FF3070042028700F216970A8700E
:102CA000012028710E206871FD20A8710720C2E75D
:102CB00030B5C1B014466A465071000A9071D171A6
:102CC000147202A8224619460130FAF7F2FA0420DB
:102CD0006A461070FF205070A41DE1B2917006206A
:102CE000D0700C20107119226846C91C0CF0DAFA59
:102CF00041B030BDF7B5064690790321801EC5B2BC
:102D0000281D0843401C8308184817460068F10630
:102D100003D52A22BF210E4008E03921490141187C
:102D2000097C890601D40020FEBD27223107890EC7
:102D300008180121C9024018C06C314600F04AF958
:102D4000040011D00198A080B8682346407BA07190
:102D5000E5712A46062138460833FAF789FC2146F0
:102D6000304600F023F9DEE70720FEBDA403002073
:102D700030B5C1B015466A465071000A90710C46D4
:102D8000D1712246294602A8FAF793FA04206A462E
:102D90001070FF205070641DE1B291700920D07056
:102DA0000C2010711C226846C91C0CF07BFA41B043
:102DB00030BD0000F7B5064690790321401EC5B22C
:102DC000E81C0843401C8308164817460068F106B3
:102DD00003D52D22BF210E4006E0392149014118BB
:102DE000497CC90719D02A223107890E0818012108
:102DF000C9024018C06C314600F0ECF804000ED057
:102E00000198A080A5712A4605213846E31DFAF7EE
:102E10002FFC2146304600F0C9F80020FEBD0720F7
:102E2000FEBD0000A403002030B5C1B015466A46BF
:102E30005071000A90710C46D1712246294602A8B1
:102E4000FAF737FA04206A461070FF205070641DAC
:102E5000E1B291700720D0700C2010711A226846E0
:102E6000C91C0CF01FFA41B030BD0000F7B5064692
:102E700090790321401EC5B2E81C0843401C83081A
:102E8000164817460068F10603D52B22BF210E40D5
:102E900008E0392149014118097C490601D4002084
:102EA000FEBD28223107890E08180121C9024018E9
:102EB000C06C314600F08EF804000DD00198A0805F
:102EC000A5712A4605213846E31DFAF7D1FB2146B4
:102ED000304600F06BF8E2E70720FEBDA4030020B7
:102EE0007047FFB5C1B00A46014668464F9F519EE4
:102EF000509D4171811D10464C1EEFF7ABF9611DCD
:102F00004398EFF7A7F9214609314498EFF7A2F962
:102F100021460D314A98EFF79DF9214611314B9822
:102F2000EFF798F9214615314C98EFF793F92146C0
:102F300019314D98EFF78EF921461D314E98EFF774
:102F400089F9214621313846EFF784F908A88572BE
:102F500020462A4631462630FAF7ABF90421684666
:102F60000170FF2141702835E9B281700322C270DF
:102F700000220271521EC91C0CF094F945B0F0BD3C
:102F800000B5C1B06946487104200870FF20487040
:102F9000032088700120C8700020087106210822D3
:102FA00068460CF07FF941B000BD00000A464006BB
:102FB00008D5D0783A280AD2111D054B80001B583D
:102FC00010461847907880088000801C88707047F1
:102FD0000C2C0610FFB5044600262C4F83B09C46EF
:102FE0000D46080616D572B601AB6A466146204604
:102FF00005F046FF00280BD068468188009882784B
:1030000092089200827001806180012662B615E00C
:1030100062B621E001AB6A466146204605F030FF0A
:10302000002819D0680609D46846818800988278FB
:103030009208920082700180618001260098AA00A7
:10304000817840238907890F1A40114381700599BF
:10305000C170002E0ED115E00020009072B6A806B7
:103060000FD401203968C0020818816B082211436F
:10307000816362B672B63868F7224030C179114078
:10308000C17162B6009807B0F0BD0000A403002033
:1030900010B500F001F810BDF0B5064600208DB067
:1030A0000D46002A03D006F06BFD002806D1002E45
:1030B00003D0002D04D0002428E000200DB0F0BD86
:1030C0004220FBE7E000001B295C471908467F1CF3
:1030D000009108F01EFE0028F0D103AA394600989E
:1030E000FCF7E2FE002804D01022002103A8FAF722
:1030F000E4F807A8FDF76AF807AB03AA3946009879
:1031000006F032FC0028D9D1641CE4B2B442D9D311
:10311000D4E7FFB501781546CA000646511A88194A
:10312000C3B0401C029001200190A81D0090072B05
:1031300002D2002047B0F0BD002403AF0BE0E00056
:10314000001B81194A783A54C0190622401C891C78
:10315000FAF7AFF8641C3078A042F0DCC0B2C100CE
:10316000091A449A891C914203D0009812210170D7
:1031700006E002990A7803A9FFF78AFF0099087010
:10318000042028700E2068700198C01CA8700120CF
:10319000E870A9202871FC2068710198801DC9E79A
:1031A00000B5C1B06A465071000A907104201070D9
:1031B000FF21517090700821D170107107211022E9
:1031C00068460CF06FF841B000BD10B5FDF7B2FCD9
:1031D00010BD70B5951D1446072B01D2002070BD9F
:1031E000022901D0122005E041780278080210433C
:1031F000FFF7EBFF2870042020700E216170A07093
:103200000120E07095202071FC206071072070BDC6
:1032100000B5C1B06A465071000A90710420107068
:10322000FF21517090700321D170107107210C2281
:1032300068460CF037F841B000BD000070B50D468F
:1032400001230446C1061148006803D51822BF2196
:103250000C4008E0392149014118897B090701D454
:10326000002070BD15222107890E08180121C9020E
:103270004018C06C2146FFF7ADFE010004D08D80E0
:103280002046FFF793FEEBE7072070BDA403002064
:1032900010B5012903D0022901D0422010BDFDF74D
:1032A0005EFC10BD70B5951D1446072B01D20020A1
:1032B00070BD032901D0122006E04278817803789E
:1032C00010021843FFF7E4FF2870042020700E213D
:1032D0006170A0700120E07089202071FC20607175
:1032E000072070BD00B5C1B004206A461070FF21F0
:1032F0005170022191700521D17010710E22684623
:103300000BF0D0FF41B000BD10B5FCF723FD10BDA0
:1033100070B5951D1446072B01D2002070BD002901
:1033200001D0122001E0FFF7EFFF28700420207089
:103330000E216170A0700120E07094202071FC20AB
:103340006071072070BD10B5F2F7CEFD10BD70B5ED
:10335000951D1446072B01D2002070BD002901D015
:10336000122001E0FFF7EFFF2870042020700E21EB
:103370006170A0700120E07092202071FC206071CB
:10338000072070BDFFB587B094468E4610A8F7C8D9
:1033900006976F4677C762467146079800F002F8B5
:1033A0000BB0F0BDFFB58DB0144618AAECCA049757
:1033B0006F466CC70A46014605A8179B07F0F2FF47
:1033C00000280AD108A84471012C08D0002C06D08E
:1033D000022C04D0032C02D0422011B0F0BD09A869
:1033E000062202301099F9F764FF08A916980873AD
:1033F000C0B20328F0D805A8F1F7CEFEEDE7F0B58E
:10340000D51C87B01446072B02D2002007B0F0BDB0
:10341000182901D012202CE0C17D827D09021143C0
:10342000427D037D12021A43C37C867C1B02334318
:10343000467C077C36023E43039604930592069130
:10344000C17B827B09021143427B037B12021A4338
:10345000C37A009301920291C178837809021943DB
:10346000437807781E0202793E43431D3046FFF73A
:1034700089FF2870042020700F216170A070012046
:1034800020719C206071FC20A0710720BEE710B560
:10349000044605F005FE082803D02046F1F7AEFEED
:1034A00010BD462010BD70B5951D1446072B01D2E6
:1034B000002070BD012901D0122002E00078FFF742
:1034C000E6FF2870042020700E216170A07001209A
:1034D000E0708F202071FC206071072070BD704764
:1034E00008B500226B461A700346FA226846FEF7BA
:1034F0001FFE08BDFFB5C1B01646971D00246A46E1
:1035000014704498072822D3002902D01220387062
:103510002DE001A91046FFF7E3FF38704498082812
:1035200015DB684600780224787000251BE044987B
:10353000E11D88420BD3E800411B01A8425CC81979
:1035400082702346449A0D33641C9A4202DA0020AA
:1035500045B0F0BD01AA89180622C01C491CF9F724
:10356000A8FEA41D6D1C684600788542DFDB0420A0
:1035700030700E207070E01CB0700120F070A3203D
:103580003071FC207071A41DA0B2E1E738B5049C35
:10359000022801D9422038BD0094FDF7C1F938BD99
:1035A00070B50646941D8AB0154600206A46107113
:1035B0001072202B01D20AB070BD012902D0122056
:1035C00020701BE003A80090307802AB07AA01A985
:1035D000FFF7DCFF2070684600796070062207A9BB
:1035E000A01CF9F766FE307820726846007A607297
:1035F0002046102203A90A30F9F75BFE0420287048
:103600000E2068701D20A8700120E870A720287186
:10361000FC2068712020CEE710B5FDF77FFB00206D
:1036200010BD7CB51446951D00226E463270327175
:10363000092B01D200207CBD022902D01220287063
:103640000EE0417802780802104301AA3146FFF7E4
:10365000E3FF287068460078687068460079A870B3
:10366000042020700E2060700620A0700120E07001
:1036700090202071FC20607109207CBD7CB5069DE6
:10368000079C002805D0860705D1460703D4060706
:1036900001D442207CBD002903D0012901D0022998
:1036A000F7D100950194F1F729FE7CBD70B5144661
:1036B000951D86B000226E463281B28132820D2B7A
:1036C00002D2002006B070BD032902D0122028705B
:1036D00019E004AA03A90192009182784178007848
:1036E00002ABFFF7CBFF2870694609896970090AA8
:1036F000A97069468989E970090A29716946098AA8
:103700006971090AA971042020700E2060700A20D6
:10371000A0700120E0708A202071FC2060710D20D3
:10372000D0E700B595B00B46012804D0002802D0A0
:10373000422015B000BD01466A461846FCF760FB02
:10374000F7E770B5951D1446072B01D2002070BD18
:10375000072901D0122004E00278411C1046FFF72F
:10376000E0FF2870042020700E216170A0700120FD
:10377000E070A4202071FC206071072070BD00B5AE
:10378000C1B06A465071000A9071D1710420107066
:10379000FF215170052191700A21D170107108210B
:1037A000372268460BF07EFD41B000BD00B5C1B0C8
:1037B00004206A461070FF2151700221917000218F
:1037C000D17010710521092268460BF06BFD41B0E4
:1037D00000BD000010B50446C1061148006803D5BD
:1037E0001522BF210C4006E0392149014118897B8F
:1037F000C90710D012222107890E08180121C90219
:103800004018C06C00232146FFF7E4FB010004D000
:103810002046FFF7CBFB002010BD072010BD0000A5
:10382000A403002010B500F001F810BD10B5002968
:1038300003D0012901D0422010BDFCF72FFE10BD9E
:1038400070B5951D1446072B01D2002070BD0329C9
:1038500001D0122006E042788178037810021843E4
:10386000FFF7E0FF2870042020700E216170A07027
:103870000120E070A5202071FC206071072070BD40
:1038800000B5C1B06B4658710A46000A98711046DF
:10389000D91DEEF7DFFC04206B461870FF2159702C
:1038A000082199700921D97018710B2136226846B8
:1038B0000BF0F8FC41B000BD70B50E460223044683
:1038C000C10612481546006803D51E22BF210C40D0
:1038D00008E0392149014118C97B890601D400203B
:1038E00070BD1B222107890E08180121C90240184A
:1038F000C06C2146FFF76EFB010005D08E8020468C
:103900008D60FFF753FBEAE7072070BDA40300209A
:1039100000B5C1B06B465871000A9871D9711A721E
:1039200004201870FF215970062199700121D97067
:10393000187109210A2218460BF0B4FC41B000BDF1
:10394000F8B51D460F4601230446C1061248164627
:10395000006803D51622BF210C4008E03921490137
:103960004118897B890701D40020F8BD1322210763
:10397000890E08180121C9024018C06C2146FFF7C2
:1039800029FB010006D08F808E71CD712046FFF794
:103990000DFBE9E70720F8BDA403002000B5C1B086
:1039A0006A465071000A907104201070FF21517016
:1039B00090700221D170107107210B2268460BF024
:1039C00071FC41B000BD0000044A10B5914201D91C
:1039D000422010BDFCF7C6FF10BD00003F420F00A3
:1039E00070B5951D14460646072B01D2002070BD08
:1039F000062901D0122009E0B01CEEF713FC0146A5
:103A00007078327800021043FFF7DEFF2870042040
:103A100020700E216170A0700120E070882020715C
:103A2000FC206071072070BD10B500F001F810BDDA
:103A300010B5042901D9422010BDFCF749FD10BD85
:103A400070B5951D1446072B01D2002070BD0329C7
:103A500001D0122006E042788178037810021843E2
:103A6000FFF7E2FF2870042020700E216170A07023
:103A70000120E070A6202071FC206071072070BD3D
:103A800030B5C1B014466A4650719171D471224666
:103A9000194602A8F9F70DFC04206A461070FF21B0
:103AA0005170641DE1B291700723D37010710F2221
:103AB0006846C91C0BF0F6FB41B030BDF8B5891E55
:103AC000CDB20646A81C03210843401C83081748B2
:103AD00017460068F10603D51C22BF210E4008E0FE
:103AE000392149014118897B090601D40020F8BD1C
:103AF00019223107890E08180121C9024018C06C2B
:103B00003146FFF767FA04000ED0397821717978D1
:103B10006171A5712A46B91CE01DF9F7CAFB21465F
:103B20003046FFF743FAE1E70720F8BDA403002081
:103B300010B5002803D0012801D0422010BDFCF7A9
:103B4000CDFA10BD70B5951D1446072B01D200208B
:103B500070BD072901D0122004E00278411C1046F4
:103B6000FFF7E6FF2870042020700E216170A0701E
:103B70000120E070AA202071FC206071072070BD38
:103B800010B5F1F797FE10BD7CB5951D14460D2BB1
:103B900001D200207CBD062902D01220287008E046
:103BA0006946FFF7EDFF287006226946681CF9F7A1
:103BB00080FB042020700E2060700A20A07001207D
:103BC000E070A0202071FC2060710D207CBD10B53C
:103BD00000F001F810BD10B50122FCF7B9FC10BDD2
:103BE00070B5D51C1446072B01D2002070BD0329E7
:103BF00001D0122006E04278817803781002184341
:103C0000FFF7E5FF2870042020700F216170A0707D
:103C1000012020719F206071FC20A071072070BDE1
:103C2000FFB583B003980C9D1E4614460F4600282E
:103C300004D0012802D0422007B0F0BD002F01D0EF
:103C4000012FF8D1E81F0A28F5D20D981028F2D8D4
:103C5000A842F0D30E98002801D00128EBD11449D6
:103C60000F988842E7D81098002801D00128E2D1A7
:103C70000BF00EFB012804D02046304305D0112064
:103C8000DAE7022CD7D8012ED5D8684603990170FF
:103C900047708472C67285700D99C1700E99017259
:103CA0000F980190684610994172FDF7DBF9C3E760
:103CB0003F420F0070B5961D86B015460446072B8F
:103CC00002D2002006B070BD0C2901D0122011E0F4
:103CD000E01DEEF7A7FAE17AA279637901930292E7
:103CE0000491039020790090E378A278617820789D
:103CF000FFF796FF3070042028700E216970A870BD
:103D00000120E87086202871FC2068710720D9E71F
:103D100010B5002903D0012901D0422010BDFDF7C4
:103D2000B5F910BD70B5951D1446072B01D20020C2
:103D300070BD032901D0122006E042788178037813
:103D400010021843FFF7E4FF2870042020700E21B2
:103D50006170A0700120E07087202071FC206071EC
:103D6000072070BDF0B585B08C46864600250A9FB9
:103D70000C9E0B990D982C46022A04D0032A02D0DF
:103D8000422005B0F0BD002F00D00C46002E00D020
:103D90000546614670460097029603950194F1F737
:103DA000A2FDEEE7FFB505468179C01D0F18C5B02D
:103DB00001200590901D16460490072B02D200208A
:103DC00049B0F0BD00240CE0E000001BC1194B78A5
:103DD00006AA135480180622401C891CF9F769FAB8
:103DE000641C3878A042EFDCC0B2C200A979121A74
:103DF00008328B18469A934203D00498122101701E
:103E000013E006AAEB1D0193039200910290E9785A
:103E1000A8780902014368782C7800026B792A7926
:103E20002043FFF79FFF04990870042030700E2094
:103E300070700598C01CB0700120F070A120307126
:103E4000FC2070710598801DBAE77CB5069D079C23
:103E5000012903D0042901D042207CBD012A01D0D0
:103E6000002AF9D100950194F1F761FD7CBD7CB584
:103E7000951D1446072B01D200207CBD0D2901D0D1
:103E8000122010E0027BC17A12020A43837A467A3A
:103E90001902314301920091067882784178C31C5F
:103EA0003046FFF7D2FF2870042020700E21617089
:103EB000A0700120E07084202071FC206071072038
:103EC0007CBDFFB587B0109D159E169C0193029591
:103ED000009407A807C81F463346FEF7F7F90028E5
:103EE0000ED11398149903AA069443C211981299FB
:103EF00001900095029107A807C83B46F1F72FFDF6
:103F00000BB0F0BDFFB514460246C17908329646A3
:103F10008A18157887B0AC464E19054609357719C9
:103F2000A51D072B02D200200BB0F0BD089B0D365B
:103F30009E4201D012201EE0FB78BE781B02334364
:103F40007E783F7836023E43521C674604920397C0
:103F50000596069383797246009302920191027945
:103F6000C178120286780A4347784379310239438F
:103F70000078FFF7A6FF2870042020700E216170E2
:103F8000A0700120E07083202071FC206071072068
:103F9000CAE7000001B506486946026839204001B9
:103FA00009781018817369464978C173002008BDEB
:103FB000A403002070B5951D1446072B01D20020E4
:103FC00070BD022901D0122005E041780278080274
:103FD0001043FFF7DFFF2870042020700E2161706E
:103FE000A0700120E07091202071FC2060710720FA
:103FF00070BD10B5042801D9422010BDFDF764F84A
:1040000010BD70B5951D1446072B01D2002070BD60
:10401000012901D0122002E00078FFF7EAFF2870A2
:10402000042020700E216170A0700120E0708520B6
:104030002071FC206071072070BDFFB587B0109D16
:10404000159E169C01930295009407A807C81F4669
:104050003346FEF73BF900280ED11398149903AAB2
:10406000069443C21198129901900095029107A8F5
:1040700007C83B46F1F790FC0BB0F0BDFFB5144606
:104080000246C179083296468A18157887B0AC4640
:104090004E19054609357719E51C072B02D2002079
:1040A0000BB0F0BD089B0D369E4201D012201EE0E1
:1040B000FB78BE781B0233437E783F7836023E435E
:1040C000521C6746049203970596069383797246BD
:1040D0000093029201910279C178120286780A4314
:1040E00047784379310239430078FFF7A6FF2870FB
:1040F000042020700F216170A070012020718220A7
:104100006071FC20A0710720CAE710B5022803D017
:10411000032801D0422010BDF1F768FC10BD70B536
:10412000951D1446072B01D2002070BD022901D035
:10413000122003E041780078FFF7E7FF28700420A1
:1041400020700E216170A0700120E0708B20207122
:10415000FC206071072070BD10B5F1F75DFC040014
:1041600002D10120F1F74AF8204610BD70B5951D27
:104170001446072B01D2002070BD002901D0122067
:1041800001E0FFF7E9FF2870042020700E21617024
:10419000A0700120E07081202071FC206071072058
:1041A00070BD7CB5079D069C012807D8022B05D859
:1041B000102C03D8012903D0002901D042207CBD56
:1041C00001950094FCF7E6FB7CBD7CB5951D14467B
:1041D000072B01D200207CBD1A2901D012200BE050
:1041E0000246417A0A32019200910678037A4178B8
:1041F000821C3046FFF7D5FF2870042020700E2166
:104200006170A0700120E070A8202071FC20607116
:1042100007207CBD10B5002B03D0032B01D042201A
:1042200010BDF1F70FFC10BDF8B5951D1446072B16
:1042300001D20020F8BD062901D012200BE0C17880
:10424000867809023143467843790279077830024B
:104250003843FFF7DFFF2870042020700E216170C3
:10426000A0700120E0708C202071FC20607107207C
:10427000F8BD00B5C1B004206A461070FF2151702E
:1042800002219170D070107105210D2268460BF04B
:1042900009F841B000BD10B5FCF7F4FA10BD70B5D7
:1042A000D51C1446072B01D2002070BD022901D075
:1042B000122005E04178027808021043FFF7EBFF77
:1042C0002870042020700F216170A07001202071DF
:1042D0008D206071FC20A071072070BDFFB587B0F4
:1042E00094468E4610A8F7C806976F4677C7624671
:1042F0007146079800F002F80BB0F0BDF0B58DB034
:104300009C4613ABF0CB08AB1A7301AAF0C2129A09
:1043100000920A460146634605A807F043F80028C4
:1043200004D105AA18991798F1F7A4FB0DB0F0BDB8
:10433000FFB50446C9B001200890D01C154607906F
:10434000072B02D200204DB0F0BD002709AE0BE0D4
:10435000F800C01B01198A7C325480190622401CC7
:104360001331F8F7A6FF7F1C607CB842F0DCC1B2C5
:10437000C800401A4A9A1230904203D0079812217E
:10438000017030E0E01C8446227CE07BA37B677BED
:10439000120202431B023B430591069603930492CB
:1043A00061464A7A097A12020A43A17A667A0B02B6
:1043B000614633434E790F793102394301930292BA
:1043C0000091601C417900790B020343E078A678E4
:1043D0000102227960782478000231432043FFF7FC
:1043E0007DFF07990870042028700F2068700898D6
:1043F000C01CA8700120287199206871FC20A87148
:104400000898801D9FE7FEB508AF70CF6F4670C754
:1044100000F001F8FEBDF0B589B00EAF70CF04AF6B
:1044200003976F4670C705F0CBFC002802D104A8A3
:10443000F0F7A2FE09B0F0BDFEB5D51C1446072B5F
:1044400001D20020FEBD0E2901D0122020E0417BC8
:10445000027B09021143C27A867A13023343427AFD
:10446000067A12023243019300920291C179827955
:104470000B024179134306790A023243C1788678E8
:10448000090231434678077830023843FFF7BBFF13
:104490002870042020700F216170A070012020710D
:1044A0009E206071FC20A0710720FEBD7CB5069C9B
:1044B000079D0195009400F001F87CBD30B585B0F2
:1044C000009313460A46089D099C014601950294F3
:1044D00003A80AF015F8002803D1214603A8F1F734
:1044E00023FB05B030BDFEB5D51C1446072B01D209
:1044F0000020FEBD082901D012200FE0C279817989
:10450000019200910279C178120286780A434778B5
:104510004379310239430078FFF7C8FF287004203F
:1045200020700F216170A070012020719A206071AD
:10453000FC20A0710720FEBD10B500F001F810BDF1
:1045400010B5F1F71FFB10BDF8B5D51C1446072BAD
:1045500001D20020F8BD062901D012200BE0C1785D
:104560008678090231434678437902790778300228
:104570003843FFF7E1FF2870042020700F2161709D
:10458000A0700120207197206071FC20A07107208D
:10459000F8BD10B500F001F810BD10B5F1F716FB2D
:1045A00010BDF8B5D51C1446072B01D20020F8BD6C
:1045B000062901D012200BE0C17886780902314328
:1045C000467843790279077830023843FFF7E1FFF4
:1045D0002870042020700F216170A07001202071CC
:1045E00096206071FC20A0710720F8BDFFB587B050
:1045F00094468E4610A8F7C806976F4677C762465E
:104600007146079800F002F80BB0F0BDFFB58DB011
:10461000144618AAECCA04976F466CC70A460146AE
:1046200005A8179B06F0BEFE00280AD108A8447111
:10463000012C08D0002C06D0022C04D0032C02D070
:10464000422011B0F0BD09A8062202301099F8F7F7
:1046500030FE08A91698087305A8F1F7DBFAF0E711
:10466000F0B5D51C87B01446072B02D2002007B046
:10467000F0BD182901D012202CE0C17D827D0902F5
:104680001143427D037D12021A43C37C867C1B02C8
:104690003343467C077C36023E43039604930592DF
:1046A0000691C17B827B09021143427B037B12028C
:1046B0001A43C37A009301920291C1788378090268
:1046C0001943437807781E0202793E43431D304662
:1046D000FFF78CFF2870042020700F216170A070FC
:1046E0000120207198206071FC20A0710720BEE796
:1046F0007CB5069C079D0195009400F001F87CBDF7
:104700007CB56C46079E069D208061802271637196
:10471000A571E6716846F1F7A5FA7CBDFEB5D51C1A
:104720001446072B01D20020FEBD082901D012201B
:104730000FE0C279817901920091C17886780902EF
:104740003143467843790279077830023843FFF7DE
:10475000CFFF2870042020700F216170A07001200D
:104760002071A2206071FC20A0710720FEBDF0B571
:1047700085B00AACF0CC03976F4670C700F002F822
:1047800005B0F0BDF0B585B00A9E009313460B9CB2
:104790000A460C9F01460D9D0196029403A809F05C
:1047A000AFFE002805D1234603AA29463846F1F773
:1047B00093FA05B0F0BDFFB50446C5B001200590E1
:1047C000D01C16460490072B02D2002049B0F0BD41
:1047D000002506AF0BE0E800401B01194A7A3A5465
:1047E000C0190622401C0A31F8F763FD6D1C207ABF
:1047F000A842F0DCC0B2C100091A469A09319142C0
:1048000003D004981221017013E0E179A279039793
:104810000092019102902179E0780A020243A17886
:1048200060780902014363792078FFF7A0FF0499BB
:104830000870042030700F2070700598C01CB07094
:10484000012030719B207071FC20B0710598801D93
:10485000BCE710B5F1F7D2FA10BD10B500F001F8C1
:1048600010BD10B5F1F784FA10BD70B5951D144652
:10487000072B01D2002070BD012901D0122002E0D7
:104880000078FFF7EAFF2870042020700E21617085
:10489000A0700120E0709D202071FC206071072035
:1048A00070BD70B5D51C1446072B01D2002070BD19
:1048B000032901D0122006E04278817803781002A3
:1048C0001843FFF7C6FF2870042020700F21617085
:1048D000A0700120207193206071FC20A07107203E
:1048E00070BD10B51F2801D9422010BDF1F78AFA1A
:1048F00010BD70B5951D1446072B01D2002070BD68
:104900000278531C8B4201D0122003E0411C104658
:10491000FFF7E7FF2870042020700E216170A0705F
:104920000120E0708E202071FC206071072070BD96
:10493000F0B587B01C460B46054600A9023101A818
:104940000C9F0D9EFDF7CEFD00280ED16846058018
:1049500084828775C6750E9901760F9941761099F4
:10496000817669461198F1F7E1FD07B0F0BDF0B529
:104970008BB09C460C4605461346624601A806A924
:10498000139F179EFDF7AEFD002816D112980790D1
:1049900068460580448008A80770149941701599ED
:1049A00081701699C17006716846119981821099BB
:1049B000C18269461898F1F709FD0BB0F0BDFFB54B
:1049C00001798FB014460546012916D0022916D068
:1049D00000221718BA797F1D5219012911D0022916
:1049E00011D00020C01D1618A01D0D9000206A4691
:1049F0001087092B09D213B0F0BD0222E9E710227B
:104A0000E7E70220EEE71020ECE7012919D00229A0
:104A100019D00022691D09A8F8F74BFC287979788C
:104A200084468E46012810D0604602280FD0002010
:104A30000C300918109881420BD00D98122101708A
:104A40002BE00222E6E71022E4E70220F0E7102044
:104A5000EEE70EAB3279F178B078089305AB07C377
:104A60007378327870460190B91C02A80EC038786D
:104A70000090E878AA780102114368782A78000249
:104A8000104309AB6246FFF772FF0D990870684644
:104A9000018F0D984170090A8170042020700E204A
:104AA00060700620A0700120E07005202071FD20BC
:104AB000607109209FE7FFB581788BB014460646E8
:104AC00001290CD002290CD0002295190020A71D25
:104AD0006A46ED1C1085092B05D20FB0F0BD0222ED
:104AE000F3E71022F1E7012915D0022915D00022A1
:104AF000F11C06A8F8F7DDFBB078844601280ED03B
:104B0000604602280DD000200C990A3088420AD055
:104B10001220387024E00222EAE71022E8E702209F
:104B2000F2E71020F0E7AA796979287902900AABB8
:104B300003A80EC0E978A8780191009068782978D8
:104B400003020B43707831780002084306AA6146DD
:104B5000FFF7EEFE38706846008D7870000AB87076
:104B6000042020700E2161700621A1700121E170E6
:104B70002071FD2060710920AFE770B586B0144642
:104B80001D460A4603466946881C0A9EFDF7AAFC94
:104B9000002804D1012C04D0022C02D0422006B0FF
:104BA00070BD23462A4669463046F1F709FFF6E70D
:104BB000FFB5017887B01446054601290CD00229BB
:104BC0000CD000214F190020A61D69467F1C888249
:104BD000092B05D20BB0F0BD0221F3E71021F1E75C
:104BE0002878012813D0022813D00022691C01A8BC
:104BF000F8F75FFB287801280DD002280DD000219E
:104C0000089AC91C91420AD01220307014E0022286
:104C1000ECE71022EAE70221F2E71021F0E705A90C
:104C200000917B783A7801A9FFF7A7FF30706846BA
:104C3000808A7070000AB070042020700E206070AE
:104C40000620A0700120E07002202071FD2060711C
:104C50000920BFE710B500221146F1F767FF10BD2C
:104C600070B5951D1446072B01D2002070BD022996
:104C700001D0122005E04178027808021043FFF7C6
:104C8000E9FF2870042020700E216170A0700120BF
:104C9000E07027202071FD206071072070BDFFB5F6
:104CA000C1B01D464A9E074633462A464299EEF752
:104CB00093FD002855D169464F71380A8871429892
:104CC000C871000A08720020487288724C1D46E0C4
:104CD000F52D01D82A4600E0F522A271100AE071F4
:104CE0006079217900020843811920460830F8F7DD
:104CF000E0FA042069460870FF204870E079A17945
:104D00000002084369460A3088700120C8700C20F0
:104D10000871E079A17900020843281A05042D0CD6
:104D200009D060792179000208430121C9030843B1
:104D30002071000A6071684681781422C91C0AF04B
:104D4000B1FA6079217900020843E179A27940043F
:104D50000902400C114340182071000A6071002DB7
:104D6000B6D145B0F0BD0000FFB50F460646D81DD0
:104D7000032108431D46401C8308184881B0006881
:104D8000F10603D52522BF210E4006E03921490155
:104D90004118097CC9071CD022223107890E081846
:104DA0000121C9024018C06C3146FEF713F9040016
:104DB00012D0A7800399E1800A992181204665815C
:104DC0000C302A460B99F8F774FA21463046FEF764
:104DD000EDF8002005B0F0BD0720FBE7A40300209C
:104DE00010B5F2F740F810BD70B5951D1446072BAD
:104DF00001D2002070BD022901D0122005E04178C7
:104E0000027808021043FFF7EBFF2870042020709F
:104E10000E216170A0700120E07025202071FD201E
:104E20006071072070BD10B5F2F740F810BD70B585
:104E3000951D1446072B01D2002070BD042901D016
:104E4000122009E0C1788278090211434278037880
:104E500010021843FFF7E7FF2870042020700E218E
:104E60006170A0700120E07007202071FD21617148
:104E700070BD10B5F2F762F810BD70B5951D1446FF
:104E8000072B01D2002070BD042901D0122009E0B7
:104E9000C1788278090211434278037810021843DE
:104EA000FFF7E7FF2870042020700E216170A070CA
:104EB0000120E07009202071FD206071072070BD85
:104EC00010B5F2F76FF810BD70B5951D1446072B9D
:104ED00001D2002070BD022901D0122005E04178E6
:104EE000027808021043FFF7EBFF287004202070BF
:104EF0000E216170A0700120E07008202071FD205B
:104F00006071072070BD10B50A460121F1F70EFE51
:104F100010BD70B5951D1446072B01D2002070BD41
:104F2000032901D0122006E042788178037810022C
:104F30001843FFF7E8FF2870042020700E216170ED
:104F4000A0700120E0702D202071FD2060710720ED
:104F500070BD10B5F2F748F910BD70B5D51C1446F8
:104F6000072B01D2002070BD062901D012200DE0D0
:104F7000417903790A021A43C178837809021943F7
:104F80004378067818023043FFF7E3FF28700420C7
:104F900020700F216170A0700120207117206071B6
:104FA000FD20A071072070BD10B5F2F75BF810BDB1
:104FB00070B5D51C1446072B01D2002070BD062900
:104FC00001D012200DE0417903790A021A43C17819
:104FD0008378090219434378067818023043FFF7B3
:104FE000E3FF2870042020700F216170A070012061
:104FF000207115206071FD20A071072070BD10B5D3
:10500000F2F766F810BD70B5D51C1446072B01D217
:10501000002070BD1226022901D02E7006E04178D2
:10502000027808021043FFF7EAFF2870042020707E
:105030000F216170A070012020716671FD20A071A8
:10504000072070BD70B586B00D4614460646694609
:10505000881C0A9AFDF746FA002805D16B462246BD
:1050600029463046F2F76AF806B070BDF0B5D61C96
:1050700085B015460F460446072B02D2002005B026
:10508000F0BDA079012811D0022811D00022E11D25
:1050900001A8F8F70EF9A379012B0BD0022B0BD046
:1050A0000020C01DB84209D0122017E00222EEE70E
:1050B0001022ECE70220F4E71020F2E701A80090AC
:1050C000607921790202E0780A430102A7786078CA
:1050D0002478000239432043FFF7B4FF30700420E6
:1050E00028700F216970A87001202871162068713E
:1050F000FD20A8710720C2E710B586B00B46044614
:105100006946881CFDF7EEF9002803D16946204660
:10511000F2F7A0F806B010BDF0B5D61C85B0144665
:105120000F460546072B02D2002005B0F0BDA87837
:10513000012811D0022811D00022E91C6846F8F796
:10514000B8F8A97801290BD002290BD00020C01C87
:10515000B84209D012200EE00222EEE71022ECE75E
:105160000220F4E71020F2E768782A780002104362
:105170006A46FFF7C1FF3070042020700F21617074
:10518000A0700120207113206071FD20A071072004
:10519000CBE730B5C1B014466A465071000A907131
:1051A000D171080A1072547202A8224619460230C0
:1051B000F8F77FF804206A461070FF205070E41D55
:1051C000E1B291701220D0700C2010712522684637
:1051D000C91C0AF067F841B030BD0000FFB59B1E46
:1051E0000646DDB2681D03210843401C83081B48A6
:1051F00081B000681746F10603D53622BF210E4064
:1052000009E0392149014118897C890702D400202D
:1052100005B0F0BD33223107890E08180121C902FB
:105220004018C06C3146FDF7D5FE040014D002983A
:10523000A0800A98234680682A460830C019007961
:10524000E0802572B91D09330A98F8F711FA214652
:105250003046FDF7ABFEDAE70720D9E7A4030020CC
:1052600010B5C2B06C466071000AA071E171228174
:10527000A37204202070FF2060700820A07011200D
:10528000E0700C2020710B21242220460AF00AF83D
:1052900042B010BDF8B5044690680F460146154669
:1052A000467B0E3102226846F8F703F8A86802230D
:1052B000057C1548E10603D53522BF210C4009E0E5
:1052C0003922016852018918497C090601D400205D
:1052D000F8BD322221070068890E08180121C90291
:1052E0004018C06C2146FDF775FE010009D08F8083
:1052F0008E716A4612880A818D722046FDF756FE2D
:10530000E5E70720F8BD0000A403002010B5F1F781
:10531000F7FF10BD70B5D51C1446072B01D2002035
:1053200070BD022901D0122005E041780278080200
:105330001043FFF7EBFF2870042020700F216170ED
:10534000A070012020710B206071FD20A07107204A
:1053500070BD10B5F2F77CF810BD70B5D51C1446C1
:10536000072B01D2002070BD062901D012200DE0CC
:10537000417903790A021A43C178837809021943F3
:105380004378067818023043FFF7E3FF28700420C3
:1053900020700F216170A0700120207114206071B5
:1053A000FD20A071072070BDF0B587B006461446F9
:1053B0000D4602A8811E0D9F0C9AFDF793F8002858
:1053C00007D1684606804580848069463846F2F7F2
:1053D0006DF907B0F0BDF0B5044687B00F46002068
:1053E000961D694615460883092B01D207B0F0BD0A
:1053F000A079012812D0022812D00022E11D02A8B3
:10540000F7F757FFA379012B0CD0022B0CD000200B
:10541000C01DB8420AD0122030701FE00222EDE712
:105420001022EBE70220F3E71020F1E706A902A81B
:1054300001910090607921790202E0780A4301022B
:10544000A77860782478000239432043FFF7ACFF47
:1054500030706846008B7070000AB07004202870AD
:105460000E2068700620A8700120E87003202871C3
:10547000FD2068710920B9E730B5C1B014466A460D
:105480005071000A9071D171080A1072547202A80A
:10549000224619460230F7F70CFF04206A461070C6
:1054A000FF205070E41DE1B291700E20D0700C20EE
:1054B000107121226846C91C09F0F4FE41B030BDCC
:1054C000F7B5064690799168C01E82B01746C5B2FE
:1054D000022268460D31F7F7ECFE681D03210843F0
:1054E000401C83081948F10603D53222BF210E4023
:1054F0000AE03922016852018918497C890602D4E0
:10550000002005B0F0BD2F2231070068890E081871
:105510000121C9024018C06C3146FDF75BFD040053
:1055200011D00398A08068460088E0802346257249
:105530002A46072138460933F8F79AF821463046BB
:10554000FDF734FDDCE70720DBE70000A4030020C3
:1055500010B5F2F7D1FC10BD70B5951D1446072BA0
:1055600001D2002070BD002901D0122001E0FFF718
:10557000EFFF2870042020700E216170A0700120C0
:10558000E0702071FD206071072070BDF0B5C1B0E2
:105590001F4615460E460446EEF74EF800281ED16B
:1055A0006A465471210A9171D671310A117255728D
:1055B00002A82A4639460230F7F77BFE04206A46E5
:1055C0001070FF205070ED1DE9B291700F20D07067
:1055D0000C20107122226846C91C09F063FE41B0FC
:1055E000F0BD0000F7B5064690799168C01E82B004
:1055F0001746C5B2022268460D31F7F75AFE681DFC
:1056000003210843401C83081948F10603D53322BF
:10561000BF210E400AE03922016852018918497CF5
:10562000490602D4002005B0F0BD302231070068E1
:10563000890E08180121C9024018C06C3146FDF7D7
:10564000C9FC040011D00398A08068460088E0805F
:10565000234625722A46072138460933F8F708F809
:1056600021463046FDF7A2FCDCE70720DBE700001F
:10567000A403002070B5C2B006466846469D467138
:10568000360A8671C171090A01724272110A1C46FA
:105690008172C4722246294603A8F7F70AFE042144
:1056A00068460170FF2141700934E1B2817018220F
:1056B000C2700C2202712B22C91C09F0F3FD42B00A
:1056C00070BD00B5C1B06A465071000A9071D171C9
:1056D00004201070FF205070052090701020D070B2
:1056E0000C20107108212322684609F0DBFD41B02F
:1056F00000BD000070B50E4601230446C1061248E5
:105700001546006803D53422BF210C4006E039213C
:1057100049014118897CC90711D031222107890E1E
:1057200008180121C9024018C06C2146FDF752FC3F
:10573000010006D08E808D712046FDF737FC0020D9
:1057400070BD072070BD0000A403002000B5C1B0EB
:105750006A465071000A907104201070FF21517048
:1057600090700220D0700C2010710721152268461D
:1057700009F098FD41B000BD10B5F2F7F0F910BD89
:1057800070B5D51C1446072B01D2002070BD04292A
:1057900001D0122009E0C1788278090211434278D1
:1057A000037810021843FFF7E7FF287004202070E9
:1057B0000F216170A0700120207122206071FD20F6
:1057C000A071072070BD10B5F2F7CDF910BD70B50E
:1057D000D51C1446072B01D2002070BD042901D02E
:1057E000122009E0C17882780902114342780378D7
:1057F00010021843FFF7E7FF2870042020700F21E4
:105800006170A0700120207118206071FD20A071CE
:10581000072070BDFEB50E46144600216A461F469D
:10582000118000280CD001AA6946F2F7A1F9050001
:1058300018D168460088388068460088864201D3BF
:1058400042250FE0801B80B2A04200D20446684689
:105850000480089804800198811968460288099894
:10586000F7F727FD2846FEBDF0B514460246C5B041
:1058700000206F46A51D38811E46B881072B2BD30B
:10588000062902D01221297032E004A903A801914F
:105890000090507911790702D0780F430102937874
:1058A0005078127800021943104302AB3A46FFF7D2
:1058B000B1FF2870092E0FDB684601896970090A5B
:1058C000A9700B2E08DB8289EA70100A2871104635
:1058D000EF1C0B30B04202D9002045B0F0BD04A946
:1058E000681DF7F7E6FC7878397800020843401D18
:1058F000042121700E216170C11CA1700121E17091
:105900002A212171FD21801D617180B2E5E710B56A
:10591000F2F7B5F910BD70B5D51C1446072B01D2AE
:10592000002070BD062901D012200DE041790379D5
:105930000A021A43C178837809021943437806782A
:1059400018023043FFF7E3FF2870042020700F2176
:105950006170A0700120207120206071FD20A07175
:10596000072070BD10B5F2F78EF910BD70B5D51CCB
:105970001446072B01D2002070BD062901D0122049
:105980000DE0417903790A021A43C178837809024C
:1059900019434378067818023043FFF7E3FF287075
:1059A000042020700F216170A070012020711A2046
:1059B0006071FD20A071072070BD70B5C2B06C464B
:1059C0006071000A0023A071E1711846651D07E0AF
:1059D0004400165B6419E670360A401C26719B1C55
:1059E0008842F5DB04206A461070FF2050705B1D72
:1059F000D9B291701520D0700C2010712822684601
:105A0000C91C09F04FFC42B070BD0000FFB50F4645
:105A10000546D01C03210843401C830881B016466C
:105A2000E80603D53A22BF20054000E0372210499E
:105A300028070968800E40180121C9024018C06C6F
:105A40002946FDF7C7FA04000FD0A7807108A1719D
:105A50002046324608300499F7F72BFC21462846A9
:105A6000FDF7A4FA002005B0F0BD0720FBE7000019
:105A7000A403002010B5F1F7C5FE10BDF0B5012557
:105A8000D61CC1B014468C46072B02D2002041B070
:105A9000F0BD002308E05A0017183979FF78090291
:105AA0000F4369468F525B1C81789942F3DCC9B27F
:105AB0004A00D21C624501D0122006E042780378E9
:105AC000100218436A46FFF7D5FF3070042020709B
:105AD0000F206070E81CA070012020711B206071F5
:105AE000FD20A071A81DD2E700B5C1B06B4658716A
:105AF000000A9871D971080A18725A72100A9872BD
:105B000004201870FF205870082098701420D87056
:105B10000C2018710B212722184609F0C3FB41B055
:105B200000BD0000F8B51D460446022316460F4688
:105B3000C00603D53922BF20044000E036220C49BC
:105B400020070968800E40180121C9024018C06C66
:105B50002146FDF73FFA010007D08F80CE800D81EE
:105B60002046FDF723FA0020F8BD0720F8BD00000D
:105B7000A403002070B586B00D461446064669465B
:105B8000881C0A9AFCF7AEFC002805D16B46224619
:105B900029463046F1F79EFF06B070BDF0B5D61C21
:105BA00085B015460F460446072B02D2002005B0EB
:105BB000F0BDA079012811D0022811D00022E11DEA
:105BC00001A8F7F776FBA379012B0BD0022B0BD0A2
:105BD0000020C01DB84209D0122017E00222EEE7D3
:105BE0001022ECE70220F4E71020F2E701A8009071
:105BF000607921790202E0780A430102A77860788F
:105C00002478000239432043FFF7B4FF30700420AA
:105C100028700F216970A8700120287119206871FF
:105C2000FD20A8710720C2E700B5C1B06A465071D7
:105C3000000A907104201070FF215170907017209D
:105C4000D0700C20107107212A22684609F02AFB27
:105C500041B000BD10B5F2F74DFB10BD70B5951DFC
:105C60001446072B01D2002070BD052901D0122057
:105C70000AE0C178837809021943437802790678EB
:105C800018023043FFF7E6FF2870042020700E2131
:105C90006170A0700120E0702E202071FD206071E5
:105CA000072070BDFEB56C46099E089D208061806E
:105CB000A280E380258131466846F2F761FBFEBD94
:105CC000FEB5951D1446072B01D20020FEBD027AB9
:105CD000134609338B4201D0122015E001460931E9
:105CE00000920191C17982790B02417913430679BF
:105CF0000A023243C1788678090231434678077830
:105D000030023843FFF7CEFF2870042020700E21A8
:105D10006170A0700120E07029202071FD20607169
:105D20000720FEBD01B50548732300681B0104224E
:105D30006946C018F7F7BDFA002008BDA40300208B
:105D400070B5951D1446072B01D2002070BD0429A3
:105D500001D0122003E0ECF765FAFFF7E3FF2870AB
:105D6000042020700E216170A0700120E0700A20D4
:105D70002071FD206071072070BD10B5F1F726F885
:105D800010BD70B5951D1446072B01D2002070BDC3
:105D9000052901D012200AE0C1788378090219434D
:105DA00043780279067818023043FFF7E6FF28703F
:105DB000042020700E216170A0700120E070282066
:105DC0002071FD206071072070BD10B5F2F75CFBFB
:105DD00010BDF8B5951D1446072B01D20020F8BD63
:105DE0000279531D8B4201D012200BE0C1788378D9
:105DF00009021943437807781E023E43431D30468B
:105E0000FFF7E3FF2870042020700E216170A0705E
:105E10000120E07024202071FD2060710720F8BD72
:105E200030B5C1B00D460446EDF7FAFB002815D198
:105E300069464C71200A8871CD71280A08720420C5
:105E40000870FF204870062088701620C8700C204B
:105E5000087109212922684609F024FA41B030BDB1
:105E600038B56D46049C2A806B8023466A46F2F75B
:105E700053FE38BDF0B585B084460AA8F0C8684620
:105E80008581C68103A80190029700946046F2F7CD
:105E900077FE05B0F0BDF0B5951D85B01446072B13
:105EA00002D2002005B0F0BDC27A13460C338B42FB
:105EB00001D012201CE0867A417A36020E43077A1E
:105EC000C17903463F020C330F43009701960393B9
:105ED0000292417906790A023243C1788678090232
:105EE000314346788379077830023843FFF7C2FFA1
:105EF0002870042020700E216170A0700120E070D5
:105F00002C202071FD2060710720CBE7F8B5951D8E
:105F10001446072B01D20020F8BD43799A1D8A420E
:105F200001D012200CE0811D0091C1788678090211
:105F3000314346780279077830023843FFF790FF03
:105F40002870042020700E216170A0700120E07084
:105F500006202071FD2060710720F8BD10B5F3F711
:105F600011F810BDF8B5D51C1446072B01D200203E
:105F7000F8BD0279531D8B4201D012200BE0C1788D
:105F8000837809021943437807781E023E43431D74
:105F90003046FFF7E3FF2870042020700F21617066
:105FA000A0700120207121206071FD20A0710720C8
:105FB000F8BD38B56D46049C2A806B8023466A463E
:105FC000F2F7E8FF38BDF8B5D51C1446072B01D20F
:105FD0000020F8BD8379DA1D8A4201D012200FE03B
:105FE000C11D0091417906790A023243C178867851
:105FF000090231434678077830023843FFF7D9FF6A
:106000002870042020700F216170A0700120207181
:106010001E206071FD20A0710720F8BD10B5F3F7B8
:1060200023F810BDF8B5D51C1446072B01D200206B
:10603000F8BD0279531D8B4201D012200BE0C178CC
:10604000837809021943437807781E023E43431DB3
:106050003046FFF7E3FF2870042020700F216170A5
:10606000A070012020711C206071FD20A07107200C
:10607000F8BD38B56D46049C2A806B8023466A467D
:10608000F3F767F838BDF8B5D51C1446072B01D2D5
:106090000020F8BD8379DA1D8A4201D012200FE07A
:1060A000C11D0091417906790A023243C178867890
:1060B000090231434678077830023843FFF7D9FFA9
:1060C0002870042020700F216170A07001202071C1
:1060D0001F206071FD20A0710720F8BD38B56D4606
:1060E000049C2A806B8023466A46F3F73AF838BD51
:1060F000F8B5D51C1446072B01D20020F8BD8379D2
:10610000DA1D8A4201D012200FE0C11D00914179B1
:1061100006790A023243C17886780902314346780B
:10612000077830023843FFF7D9FF28700420207029
:106130000F216170A070012020711D206071FD2071
:10614000A0710720F8BD30B5C1B014466A46507141
:10615000000A9071D171080A1072547202A8224686
:1061600019460230F7F7A5F804206A461070FF20A0
:106170005070E41DE1B291701320D0700C201071AA
:1061800026226846C91C09F08DF841B030BD0000D8
:10619000FFB581B00A9E05460321701D0843401CCF
:1061A00083081746E80603D53722BF20054000E0E4
:1061B0003422114928070968800E40180121C902BC
:1061C0004018C06C2946FCF705FF040012D0029865
:1061D000A080E7802672049923463246091D0933C0
:1061E0000B98F7F745FA21462846FCF7DFFE00201A
:1061F00005B0F0BD0720FBE7A4030020FEB56C4608
:10620000099E089D2080618022716371E580684647
:106210000296F0F7FFFCFEBDFEB5951D1446072B58
:1062200001D20020FEBD8279D31D8B4201D0122005
:106230000EE0C11D00920191C178867809023143B8
:10624000467843790279077830023843FFF7D6FF62
:106250002870042020700E216170A0700120E07071
:1062600026202071FD2060710720FEBD10B5F2F7D9
:1062700081FF10BDF8B5951D1446072B01D20020F3
:10628000F8BD0279531D8B4201D012200BE0C1787A
:10629000837809021943437807781E023E43431D61
:1062A0003046FFF7E3FF2870042020700E21617054
:1062B000A0700120E07023202071FD206071072074
:1062C000F8BD10B5C2B003466C466371A171E11D03
:1062D0001046EBF7BFFF04202070FF2161700821FA
:1062E000A170E07000202071421E0B21684608F06A
:1062F000D9FF42B010BD30B5C1B015466A465071E5
:106300000C46917101A8224629460330F6F7D1FFC9
:1063100004206A461070FF205070241DE1B2917075
:106320000620D07000201071421E6846C91C08F07B
:10633000B9FF41B030BD0000FFB50546012381B073
:1063400016460F46C00603D52422BF20054000E0B4
:1063500021220F4928070968800E40180121C9022F
:106360004018C06C2946FCF735FE04000DD027719B
:1063700066713246A01D0499F6F79BFF2146284618
:10638000FCF714FE002005B0F0BD0720FBE700007D
:10639000A403002010B5F4F7BFFE10BD7CB50020AB
:1063A000951D1446009001900F2B00D27CBD002952
:1063B00002D0122028700CE001A96846FFF7EAFF1E
:1063C0002870691C0098EBF745FF691D0198EBF7F1
:1063D00041FF042020700E2060700C20A07001206E
:1063E000E07019202071FC2060710F207CBD00003E
:1063F000FFB587B01E461746159D169800F0A6F803
:10640000002468460471048104730482848205A810
:10641000009004AB03AA02A901A805F0E9F80798C7
:106420000321017008980421017014493C7012483E
:106430000978405C30701098048068460089010734
:106440001198090F01706846808A0006010F1298A2
:1064500001706846808A01071398090F0170684629
:10646000808AC10B1498017028880F210843288066
:1064700000200BB0F0BD0000F02A0610E002002062
:1064800070B5941D92B0154600206A46107708AA90
:106490001070107110726A46108708AA1073107479
:1064A0001075107710AA10809080152B01D212B0B1
:1064B00070BD1226002901D026703AE0114611A8BD
:1064C000059106900DAA03920FAB0CAA0BA90EA87A
:1064D00004930292019100900AAB09AA08A907A8A7
:1064E000FFF786FF20706946087F607008A908786A
:1064F000A0700879E070087A20716946098F61718F
:10650000090AA17108A9097BE17108A9097C217216
:1065100008A9097D617208A9097FA17210A90988DB
:10652000E172090A217310A9601C89880173090AA4
:106530004173042028700E206870AE700120E8704E
:106540002871FC2068711520B1E700000149018025
:1065500000207047409B0000F8B50026951D684656
:1065600014460680092B01D20020F8BD002902D074
:106570001220287007E0FFF7E9FF287068460088BE
:106580006870000AA870042020700E206070062039
:10659000A0700120E0702671FC2060710920F8BD18
:1065A000F0B5124B09241A6824021219966E104D88
:1065B00000221C68A034247B944213D960245443E5
:1065C000A719BC786407640F845403D07C895700F2
:1065D000CC5301E054000D53521CD2B2082AE8D328
:1065E0000020F0BD00248454F4E70000A403002040
:1065F000FFFF000030B5951D87B014461F2B02D257
:10660000002007B030BD002902D0122028700FE012
:10661000694604A8FFF7C4FF2870082204A9681C73
:10662000F6F747FE2846102269460930F6F741FE84
:10663000042020700E2060701C20A0700120E070EB
:1066400017202071FC2060711F20DAE7044909221D
:10665000096812028918896E098901600020704753
:10666000A403002038B50020951D144600900B2B84
:1066700000D238BD002902D01220287007E06846F9
:10668000FFF7E4FF2870691C0098EBF7E3FD042096
:1066900020700E2060700820A0700120E07014208F
:1066A0002071FC2060710B2038BD10B5F2F7E4FEBC
:1066B00010BDF0B514460246C1B00020A51D6F46BE
:1066C0001E463870072B13D3012902D012212970DE
:1066D00017E0107801AA3946FFF7E7FF2870082E67
:1066E00006DB684602786A7010460830B04202D96C
:1066F000002041B0F0BD01A9A81CF6F7DAFD6878CA
:10670000801C042121700E216170C11CA170012127
:10671000E1700D212171FC216171801DE9E710B547
:10672000C2B014466A465071917101A806222146F2
:106730000330F6F7BEFD04206A461070FF2050704B
:106740000A2090700520D07000201071421E0D218B
:10675000684608F0A7FD42B010BD000001B505482D
:10676000054B006804226946C018F6F7A2FD002018
:1067700008BD0000A40300203907000070B5951D76
:106780001446072B01D2002070BD042901D012202D
:1067900003E0EBF747FDFFF7E1FF287004202070CE
:1067A0000E216170A0700120E0701A202071FC2081
:1067B0006071072070BD0000024909686831C88017
:1067C00000207047A403002070B5951D1446072BC8
:1067D00001D2002070BD022901D0122005E04178CD
:1067E000027808021043FFF7E7FF287004202070AA
:1067F0000E216170A0700120E07018202071FC2033
:106800006071072070BD10B5F2F770FE10BD70B555
:10681000951D1446072B01D2002070BD022901D01E
:10682000122003E041780078FFF7EDFF2870042084
:1068300020700E216170A0700120E0700F20207187
:10684000FC206071072070BDF0B5354C064620680D
:1068500087B02030807F0D46002802D00C2007B082
:10686000F0BD282E01D2022D01D91220F7E7F6F74C
:1068700059F90028F2D12B48720001211018890320
:106880000004012D02D0022D02D002E0401800E0E9
:10689000401A01014302C90E5B0FC900401C194395
:1068A000030B9C4603010609206809332030047F4E
:1068B0009E46A5010623447F1D43E3002B4331255B
:1068C00064002C430125857703256846057004275D
:1068D00047708270C370022202711C2343717323BC
:1068E0008371C5712423037244723F238372C27281
:1068F0002323037345738273C37307220274052233
:10690000427428228274C1746346037546757346C7
:1069100083750021C1750BF033FE00209FE7000056
:10692000A40300206209000070B5951D1446072BD2
:1069300001D2002070BD022901D0122003E041786D
:106940000078FFF781FF2870042020700E2161700D
:10695000A0700120E07015202071FC2060710720DC
:1069600070BD00000EB50F4801682031887F0028F7
:1069700016D000208877042269460A7023224A70C4
:1069800088700E22CA70087102224A712B228A7105
:106990000822CA71087268460BF0F2FD00200EBD95
:1069A0000C200EBDA403002070B5951D1446072BC6
:1069B00001D2002070BD002901D0122001E0FFF7B4
:1069C000D1FF2870042020700E216170A07001207A
:1069D000E07016202071FC206071072070BD00005F
:1069E000F8B51C460C4D00232B6004F061FC002818
:1069F00010D10021094E07E02868814204D03046BA
:106A0000FBF7C6F8286881B22868A042F4D368462C
:106A100004F016FCF8BD0000DC020020FD7F000041
:106A200070B5951D1446072B01D2002070BD0529B5
:106A300001D0122008E00279C17813020B4382785A
:106A400041780078FFF7CCFF2870042020700E21D9
:106A50006170A0700120E0702B202071FC2060711B
:106A6000072070BD044903480860044901200870EC
:106A70000020704701010101300000204003002088
:106A800070B5951D1446072B01D2002070BD00295A
:106A900001D0122001E0FFF7E5FF287004202070EC
:106AA0000E216170A0700120E07020202071FC2078
:106AB0006071072070BD10B5F2F756FD10BD70B5BE
:106AC0001446A51D0A46072B01D2002070BD41784F
:106AD0008B1C934201D0122004E00378821C1846DC
:106AE000FFF7E9FF2870042020700E216170A0706C
:106AF0000120E0700C202071FC206071072070BD27
:106B000070B5C2B006466846469D4671360A867123
:106B1000C1711C4602818472224629460B30F6F769
:106B2000C8FB042168460170FF2141700834E1B2BE
:106B300081700A22C270082202710122D243C91C4C
:106B400008F0B0FB42B070BD3EB56C46069D20809B
:106B50006180A280E38025816846F3F7D3F83EBDCB
:106B6000F8B5D51C1446072B01D20020F8BD0A2920
:106B700001D0122016E0417A027A090211430091F5
:106B8000C17982790B024179134306790A023243B3
:106B9000C178867809023143467807783002384355
:106BA000FFF7D2FF2870042020700F216170A070C1
:106BB0000120207181206071FD20A0710720F8BDA7
:106BC000F0B585B084460AA8F1C804976F4671C72E
:106BD000604600F002F805B0F0BDF0B585B06C4637
:106BE0000A9F0B9E0E9D20806180A280E3802781FA
:106BF00066810C98A0812A4668460D99F3F7FCF847
:106C000005B0F0BDF0B5951D85B01446072B02D236
:106C1000002005B0F0BD102901D0122024E0417BF6
:106C2000067B09023143C67A877AC27B837B3602B0
:106C30003E430196039304920291417A027A09023B
:106C400011430091C17982790B024179134306798E
:106C50000A023243C17886780902314346780778C0
:106C600030023843FFF7ACFF2870042020700E215B
:106C70006170A0700120E07082202071FD206071A1
:106C80000720C6E7F0B5C1B046AF70CF6F46787148
:106C9000000AB871F9713A817B81BC81FD813E8225
:106CA00004203870FF2078700F20B8700220F87030
:106CB0000820387112211322384608F0F3FA41B047
:106CC000F0BD0000F7B504230446C106224815466E
:106CD000006803D52222BF210C4006E0392149017A
:106CE0004118C97BC90732D01F222107890E081815
:106CF0000121C9024018C06C2146FCF76BF9010064
:106D000027D0AA68081D577BD57B937BBE462D02F2
:106D10005F19557C137C2D025E19D57C937CBC4693
:106D20002D025D19577D137D3F02DB19977DD27DC2
:106D30001202BA18019F07807746877067468780DE
:106D4000C6800581438182812046FCF72FF900200F
:106D5000FEBD0720FEBD0000A403002000B5C1B0A9
:106D60006A465071000A9071D171080A10720420AD
:106D70001070FF205070062090700020D070082006
:106D8000107109211122684608F08CFA41B000BD4B
:106D900030B5C1B015466A465071000A90710C4674
:106DA000D1712246294602A8F6F783FA04206A46E2
:106DB0001070FF205070641DE1B291700120D070FE
:106DC0000820107112226846C91C08F06BFA41B005
:106DD00030BDF8B51E4617460C460546ECF796FC46
:106DE000286031463846ECF733FC20600020F8BDBF
:106DF0007FB50020941D154600906A4601901081D1
:106E00000390152B01D204B070BD1226002901D0C9
:106E1000267018E003AB02AA01A96846FFF7D9FF64
:106E20002070611C0098EBF715FA611D0198EBF7D3
:106E300011FA684601896172090AA17221460B3173
:106E40000398EBF707FA042028700E216970AE70E2
:106E50000121E9702871FE2068711520D3E710B573
:106E6000ECF704FC10BD70B5951D1446072B01D23C
:106E7000002070BD052901D012200AE0C178837876
:106E80000902194343780279067818023043FFF764
:106E9000E6FF2870042020700E216170A070012090
:106EA000E07002202071FE206071072070BD10B5D7
:106EB000002803D0012804D0122010BDECF72CFCD0
:106EC00001E0ECF7E9FB002010BD70B5951D1446FC
:106ED000072B01D2002070BD012901D0122002E051
:106EE0000078FFF7E4FF2870042020700E21617005
:106EF000A0700120E07003202071FE206071072047
:106F000070BD10B5ECF7D4FB10BDF8B5951D144657
:106F1000072B01D20020F8BD082901D0122011E072
:106F2000C17982790B024179134306790A0232430F
:106F3000C1788678090231434678077830023843B1
:106F4000FFF7DFFF2870042020700E216170A07011
:106F50000120E07000202071FE2060710720F8BD44
:106F600010B5ECF7E5FB10BD70B5951D1446072B69
:106F700001D2002070BD062901D012200DE0417918
:106F800003790A021A43C1788378090219434378C6
:106F9000067818023043FFF7E3FF287004202070C2
:106FA0000E216170A0700120E0702071FE206071E0
:106FB000072070BD0068704710B50446007AFF28AE
:106FC0000BD00846F6F796FBE17A627A89184018EA
:106FD000217A884201D9012010BD002010BD002374
:106FE0000360436041720272C3728372704710B5CE
:106FF0000446006808602068002800D161600846E7
:107000002160F6F777FBE17A4018E072A07A401C25
:10701000A07210BD10B5044600200860206800284A
:107020000CD06068016008466160F6F763FBE17AA6
:107030004018E072A07A401CA07210BD2160F2E7F7
:107040000068002801D0002070470120704710B56B
:1070500004460068884209D102682260002202606A
:10706000206800280BD1626009E0104602688A425D
:10707000FBD10A68026062688A4200D160600846FB
:10708000F6F738FBE17A081AE072A07A401EA07287
:1070900010BD10B5044600680860206802682260D0
:1070A000002202602068002800D162600868F6F7BC
:1070B00021FBE17A081AE072A07A401EA07210BD8E
:1070C000FFB58FB01A9E0F9807F0EEFC9249FD2095
:1070D0000A68C00015181046363084460F980828F4
:1070E00022D0044601200346A3403A24645D2707CA
:1070F0003F0F0446BC402343644624782407240FF2
:10710000A0400343287D984311D068680190012076
:1071100000240C90A86CA0320690127B2746805C5D
:10712000A44696460D9430E0822013B0F0BD11982D
:10713000189B0268129800681018002240081A80F4
:10714000400A119B40021860129B18601B9B1A801A
:10715000724A80183268824201D8104600E03060DE
:10716000800930600868A030017B0F9807F0DEFBD3
:10717000CDE06A6A4100AB6A525A595A51188901E6
:10718000614500D98C460699085C8645F1D1634873
:10719000129940420968019A60440291914202D8D2
:1071A0001099C90701D0144632E011990968069177
:1071B000814200D908460A9010460299EAF7DCFF9E
:1071C000089006990198EAF7D7FF401C09900898A3
:1071D000002800D101200999069088420D9815D801
:1071E000002815D106990198EAF7C6FFC1050AD112
:1071F0000A99884207D30299814204D304460121A7
:1072000006980D910C900698401CE4E7002803D0E6
:1072100011992046096804E0842086E700197F1C44
:10722000BFB28142FAD80299814204D210998907EB
:1072300001D4852079E7119903AA086012980460A7
:1072400031683F20491E0143491C2046316007F048
:107250007BFB00280AD00EE030687F0840083060D1
:107260001999490819910599814204D2109840074B
:1072700001D5002FF0D105983168884208D93F2008
:10728000491E0143491C03AA2046316007F05CFBFC
:107290000599199881423CD3084603210902884286
:1072A00037D30C980890401E09906846017B0F98D0
:1072B00007F03CFB72B61849AA6C0868A030007B46
:1072C000105C12E0EB6A41009C465A5A089B5A43F4
:1072D00063465A522B6B9C465A5A089B5A43099B49
:1072E000D21863465A52A96C085C0B490968A03150
:1072F000097B8142E6D16C6062B604988002010C81
:107300001B9801800598800930601898078000203C
:107310000BE7862009E70000A40300209AFDFFFF89
:1073200070B5044616460D46084607F07DF8206005
:10733000281D07F06FF831044018606070BD70B50B
:10734000054616460C46084607F08FF82860217956
:1073500060790002084331044018686070BD000085
:10736000F8B5204B204D1B6801265B19069CB6031F
:107370000093002814D0042812D0022813D0032828
:1073800011D006252B46012810D00F4617430DD0EB
:10739000914203D8202901D3B2420AD94220F8BD34
:1073A00030256023EFE7A025F023ECE725806380FC
:1073B00001E02180628020710798A07108982072F6
:1073C0000998002805D00146204606220930F5F725
:1073D00070FF0720607100982030807B6071002072
:1073E000F8BD0000A403002058080000F1B5B04A21
:1073F000FD211068C90090B041180491AD490446C0
:107400004518C034014636310D9100210291AA4938
:10741000497AC9000C91816A0B91049920310E912F
:10742000897E079108297DD2092109024018816EC1
:107430001746079860225043081808900798810162
:107440009D480C3008180A90C07A2E4640360990A4
:10745000B08B08F031F839684031098E401880B29D
:107460000390E96C0398FAF799FBE96C09020F1A8B
:10747000B07F0AF021FD381807F08CF9A96C41188B
:107480000C98081A0002000A01901099411A0B98F2
:10749000081A00020121000AC90588427ED2049818
:1074A00001994163099807F027FA0A99C8720D9863
:1074B0000078C143090706D041070798490F4007E4
:1074C000400F81422BD10E980821807E08430D99F0
:1074D0000870A86C2060E86C60600198A060029859
:1074E000E060A86D2061686D6061B08B2083B07F23
:1074F000A076284660300178E176B18CA183318D89
:10750000E183B18D2184318E6184B18EA184318F6C
:10751000E184C17E2820015584204059E0620D9805
:10752000007800E07CE0079942074907520F490FB5
:107530008A4261D0F72108400D995D4F08704007DD
:10754000400F07900920396800020818816E0798DB
:1075500060225043081804900798810156480C3067
:1075600008180A90C07A0990208B07F0A5FF3968A7
:107570004031098E401880B2039061680398FAF791
:107580000DFB616809020F1AA07E0AF095FC3818FD
:1075900007F000F9216841180C9800E042E0081A51
:1075A000070210983F0A391A0B98081A00020121A5
:1075B000000AC905884258D2A760099807F09CF9CB
:1075C0000A99C87201980899C01B00024979000AFB
:1075D0009022114210D10121C90588420AD3049892
:1075E000C17B0898C07B401C814203D80498407935
:1075F000C00601D50AF08EFBE96C0398FAF7D3FABE
:107600000446B07F0AF060FCA96D201840180721DD
:10761000090508438035A96B0322091D07F05AFFAD
:1076200011B0F0BD08984030008841000A98203021
:1076300002780998101880B209900898089A008971
:10764000401C108108984069421A089842610898C5
:10765000C07BFF2802D2089A401CD073E86C401807
:10766000E864079800F010FEFBE6049840300088BC
:1076700041000A98203002780998101880B20990C9
:107680000498049A0089401C108104984069421AA9
:10769000049842610498C07BFF2802D2049A401CDF
:1076A000D073606840186060079800F0EDFD64E7F3
:1076B000A403002058080000C000002070B5174C3B
:1076C000E178002914D01649A21D4E888D681378E0
:1076D000AB554E888D685378AD196B704E888D68A8
:1076E0009378AD19AB708B684988D2785918CA70F5
:1076F00005280FD90B4A11780A2902D00B2906D088
:1077000008E0401F81B2501D02F0B4F802E00448C6
:1077100001F00DFC0120A07070BD000040030020AE
:10772000240D00201B0C0020FEB552480088602369
:1077300041075148490F0268092000021018826E63
:1077400059435418A27825695207520F216A0092B2
:10775000022A01D0052A20D12A0404D46279920792
:1077600001D1002919D0A66A444A2B0443D5637974
:107770009B0715D0676B77800120C0038543256187
:1077800001F040FB012809D01F217878014204D084
:10779000218A890401D5001D7870FEBDFF21F4E720
:1077A0000029FAD01542F8D10A7C406FD206D20ED9
:1077B000921C1718B8B201907080204601F0E0FAD0
:1077C0000120C0038543256105110098052800D1DB
:1077D000AD0001F017FB01280BD01F217878014282
:1077E00004D02169294201D0001D78700198708071
:1077F000FEBDFF21F2E7708801235B07C0186379A3
:107800009C469B0704D0636B834201D0012700E0B4
:107810000027666B864202D02388834212D100295A
:1078200012D015420ED1012300290ED086420CD071
:107830002488844209D00968002906D0154204D161
:10784000012103E00023EFE70023002162469206B6
:10785000920F03D00022002F06D101E00122FAE7A7
:107860000B43C5D0002AC3D0017810221143017008
:10787000FEBD0000C0000020A40300206006000040
:10788000F1B5FD4FFD223868D2000146851896B04B
:1078900068301290092000020818806E0F90F74897
:1078A0000E180920C00600690990002014900824D1
:1078B000F34806F06FFF02900020139072B638680C
:1078C000F7214030C2790A40C2711298012101713A
:1078D000129801684A07520F4271C9081298C900EC
:1078E000016062B61698002801D009980EE0642065
:1078F00006F050FF014609980918E248427ADE482E
:107900000068806A101808180002000AFFF76EFD70
:10791000686B05903A20405D0D90082841D2012007
:1079200014900D98602148430F9940180390D64851
:10793000876AD448407AC0000AF09EFA014603984C
:107940004030028852028918CD4A524289188F422B
:1079500000D239467165B82189590B794A798979FC
:1079600012021A438907890B1143028B408BFF31A6
:107970001018C331401806F0BBFF07465F20000116
:1079800006F008FFB84204D95F20000106F002FFAC
:1079900000E0384605990918BA48407AC00008182E
:1079A0001390706D06F0F6FE0599401801900020C6
:1079B00007460390287D002809D10D98082806D392
:1079C000B049002008800921C906486060E1686864
:1079D0000790686C049029680998401A0002041204
:1079E000A84800884007400F04F0D0F9002801D0D3
:1079F000002007E0002CFBDB20460AF03DFA04994A
:107A0000884200DA049001208007082409900020B1
:107A10000B90297D3AE00D9A904234D0964A126834
:107A20002032927D1207120F82422CD0EB6A420064
:107A300010930C929F5A00976B6A9A5A079B920177
:107A40007B43D318049A9C46934212DACA0710D09B
:107A50002A6B0C9B079FD25A521C93B21A467A4348
:107A6000009F9444FA1892B213460092109F0C9A09
:107A7000BB52099A6346944505D2CA0703D0009ABF
:107A8000099304460B924908401CC0B20029C2D198
:107A9000099806F07FFE29684718A86A6100405AD5
:107AA000800106F077FEC01903907648407A58228C
:107AB000C10071480068125C002A744A126939D00A
:107AC000BB1A029A52009B1A38E0002001E0806A3B
:107AD0004018181A0002000A01460A900120C00549
:107AE000814209D3082C7DD0204600F08DFB6449EB
:107AF000099840180490686401210A98C9058842D1
:107B000081D2082C6ED00B98002835D007994843B5
:107B1000049006F03FFE296840180002000A286021
:107B2000696C0498081A686409990498081A002175
:107B300009901BE0029BBA1A5B08D31A169A002A16
:107B4000C5D0C2E7EA6A480007909446105A0B9ADB
:107B5000801A04E02B6B079A401C9A5A10180028D0
:107B6000F8DB079B6246491CD052C9B24248006804
:107B7000A030007B8842E5D80D9808286CD2059883
:107B8000C01B01020120090AC005814223D30298CB
:107B9000391A1398081A02020120120AC0058242FB
:107BA00001D313980FE0019A891A0902090A814248
:107BB00001D2019808E00120400206F0EBFD029995
:107BC0004900791A081A01900599401A0002000A22
:107BD0000AF052F97065029901984018C01B010221
:107BE000090A00E054E00120C005814254D2029904
:107BF0004A00039952180599511A0902090A81424B
:107C00002AD20D98602148430F99421860206043A2
:107C10004018C17BD37B994201D3102100E00021A1
:107C2000C90615D48179CA0704D07221895B0289FB
:107C3000891A05E0890707D576218A5B0189511ADF
:107C4000491E0904090C07D04079000604D423E03A
:107C50005079902108421FD1082C21D00849099859
:107C60004018686460200F9960434018807840078E
:107C7000400F01284BD013E0A40300205808000057
:107C800066020000C0000020640D002000000048D3
:107C90001498002804D003D0059F0D9C01980390F0
:107CA000039839020002000A0390090A012000919A
:107CB000800206F06FFD02900120400206F06AFD8E
:107CC000074600990398401A00020012002809DDB7
:107CD0000299000A884200D901460291B84200D8B0
:107CE00038460746082C7DD0804800884007400F62
:107CF000A0424FD060200F996043401807908078D1
:107D00004007400F052812D0022810D042E031462B
:107D1000803103208A6840028242C1D0C968814212
:107D2000BED0F1F7B5FE4005400DC719B8E707987A
:107D3000A101006A04906D480818818B079880B2F1
:107D4000814227D00498002824D00499079801F094
:107D500017F8674904980A68007C09210902C006DF
:107D60005118C00E496F801C401804900798016993
:107D70002120800101420DD001F044F801283BD0C0
:107D80001F2004994978084204D004984078049947
:107D9000001D4870564855490068203084744820BA
:107DA0002043088030468030436B997ACA06D20E51
:107DB00061010A439A72826B907AC006C00E084332
:107DC000907200983065F4F7D5FA012816D048482B
:107DD00046490068497A2030007D401A316DC00064
:107DE000081800E03AE000020121000A49064118A3
:107DF0000920C00641600EE0FF20C2E70121306D7E
:107E0000090641180920C006416039480068203041
:107E1000017D36484172082C24D2602044430F98DB
:107E2000241872B61298A17800684907C008C000EB
:107E3000490F08432F4908400099C9000843129987
:107E4000086062B6A0784007400F03280FD000F00A
:107E5000D9FF01280FD00398C01B19E00020092189
:107E6000C906486021490020088017B0F0BD02997A
:107E70000398401A0CE04034208B618B4018FF308F
:107E8000C33006F035FD874200D938460399081AF9
:107E90000002000AE863A88B800106F07BFC2968D9
:107EA00000264418144806F075FC201A0002000A47
:107EB00028640F4C2E8420684030407E002807D074
:107EC000F4F7BAFD20684030417E49084900417608
:107ED00020684030407E0028C7D0F4F7D7FD2068E6
:107EE0004030417EFD2211404176BEE7C0000020B7
:107EF000A4030020070000F83502000010B5114966
:107F0000FD220968D20089184C688B6842009C42A7
:107F100004D1086B4C8A805AA04201D0012000E0B5
:107F200000204B608B688B614C6A8B89A3528C6AF2
:107F3000CB89A3520C6B4B8AA3520B8AC96A8B5212
:107F400010BD0000A403002010B50448044B0068D5
:107F500004220021C018F5F7B0F910BDA4030020D9
:107F600039070000FEB539490922096812028A184A
:107F7000936E602242439C18354A80018D18354922
:107F8000228946184020005B2021895D521C2281F5
:107F900040006269002700B2101A6061F07A401850
:107FA000C0B2252800D32538F072A079C0072ED0A2
:107FB000284640300090408E2189401A0004000C71
:107FC00025D124480C3800884007400FFFF796FF62
:107FD0008446A07940084000A0712846C030017A4C
:107FE0004908490001720099A3894A8DC98D090584
:107FF000090C934205D1A3698B4202D16346002B41
:1080000001D0402701E008238373A281A161A079F8
:10801000800719D57620405B2189401A0004000CA6
:1080200012D18021495960350091A97E0191A17931
:10803000FD221140A171314668460522213100F030
:1080400083FD0120400507433846FEBDA403002000
:1080500058080000CC00002010B5FFF783FF10BDCA
:10806000F1B56749674A086882B082180092FD221C
:10807000D2008618AC22155C04460346029AC0342E
:10808000363395427ED909210902401817466021EE
:10809000806E4F430025B91C4554029803F076FECC
:1080A00000280CD15648BF1D01680920000208189D
:1080B000806EC05D002802D00098C030057272B694
:1080C0004F48029D0768012039462031CA7DA840EB
:1080D0008243CA75317D81433175197808077AD496
:1080E0004A070298520F82427CD030462030827E6E
:1080F0005507029A6D0F954276D181760F20187040
:10810000404AA0687063BD18A86D2169A965206107
:10811000686D6169696560612146284618315C3087
:1081200009F09BFE3748A37E5E3039180A780B7041
:10813000A276A86C2168A9642060E86C6168E96493
:1081400060603048E37E603039180A780B70214651
:108150002846E2761C31643009F07FFE214628462D
:108160001E31683009F079FE2146284620316C30F6
:1081700009F073FE214628462231703009F06DFE69
:10818000214600E03AE028462431743009F065FECB
:10819000214628462631783009F05FFE194880359F
:1081A0007B303918204628300A7803780B7002702B
:1081B0001448E26A8430381801680260E1620721DD
:1081C000E06809050843A96B0322091D07F082F93D
:1081D0000AE000E006E03A20805D41070298490F7E
:1081E000814201D10F2018702036B07E41070298DD
:1081F000490F814201D10F20B07662B6FEBD00006A
:10820000A403002058080000F8B501461B480922C5
:10821000006812028218936E60224A439E18184A20
:1082200000248518174A88018718B0784007400F46
:10823000052802D0012805D010E00846FFF70CFF02
:1082400004460BE02A468032108A002802D0401EE5
:10825000108203E001240846FFF702FFF07BFF28AD
:1082600001D2401CF073002C06D02346324629462A
:108270000020009704F00EFFF8BD0000A4030020CA
:1082800058080000CC000020FEB503462C484127CA
:108290000268092000021018816E602058430C18F3
:1082A000284811461018284E7F019D01D219AE1999
:1082B0009278C03100259A420CD1024640321746CE
:1082C000928E3F8F009784273F58012301977B2789
:1082D0003F5C07E08A8CCF8C0097CF6A0023019720
:1082E00028277F5C0297A779FF0708D02789D21B30
:1082F0001204120C03D12246F4F7A4FC0546A0791F
:10830000810710D522890099891A491C0904090C92
:1083100009D1FD21084001ABA07131460522213170
:10832000184600F011FC002D09D0054800960168A0
:1083300004482B4609182246002004F0ABFEFEBD7F
:10834000A403002058080000CC00002010B5074806
:108350003922006852018018007C400704D5084685
:1083600049880088FAF7D1F810BD0000A403002066
:1083700010B506483922006852018018407CC006BA
:1083800002D50888FAF7DBF810BD0000A40300202E
:1083900010B507483922006852018018007CC006D9
:1083A00005D50A4610888978121DFAF76DF910BDB7
:1083B000A403002010B50848392200685201801833
:1083C000007C000706D50B46CA78188889781B1DE3
:1083D000FAF7F1F910BD0000A403002008B5094820
:1083E0003922006852018018407C000708D50846F1
:1083F000C91D00918379828841880088FAF76FFA55
:1084000008BD0000A403002010B507483922006809
:1084100052018018007C000605D50A46108889782C
:10842000D21CFAF7D5FA10BDA403002010B50848F5
:108430003922006852018018407C800706D50B461F
:10844000CA78188889781B1DFAF777FB10BD0000E1
:10845000A403002010B50848392200685201801892
:10846000007C800606D50B46CA78188889781B1DC3
:10847000FAF71EFC10BD0000A403002010B5074849
:108480003922006852018018407CC00705D00A4696
:1084900010888978D21CFAF76BFC10BDA403002069
:1084A00010B507483922006852018018007C400648
:1084B00005D50A4610888978D21CFAF7B5FC10BD9C
:1084C000A403002010B50748392200685201801823
:1084D000407C400705D50A4610888978D21CFAF7F7
:1084E000FFFC10BDA403002010B506483922006827
:1084F00052018018C07B000702D50888FAF750FEA9
:1085000010BD0000A403002010B506483922006801
:1085100052018018807B000702D50888FAF778FEA0
:1085200010BD0000A403002010B5054839210068E3
:1085300049014018807B800601D5FAF7D3FE10BDB3
:10854000A403002010B506483922006852018018A3
:10855000807B400603D50878491CFAF7C0FF10BDA0
:10856000A403002010B50748392200685201801882
:10857000C07B400604D5084689780088FBF7FFF8E1
:1085800010BD0000A403002010B505483921006883
:1085900049014018807BC00701D0FBF707F910BDE7
:1085A000A403002010B50748392200685201801842
:1085B000C07B800604D5084649680088FBF760F94F
:1085C00010BD0000A403002010B507483922006840
:1085D00052018018807B800705D50846CA788978C3
:1085E0000088FBF795F910BDA403002010B50648DC
:1085F0003922006852018018807B400702D5088824
:10860000FBF7CCF910BD0000A403002010B508480A
:108610003922006852018018807B000606D50B467F
:108620008A7818784978DB1CFBF72AFA10BD00001D
:10863000A403002010B505483921006849014018FD
:10864000807BC00601D5FBF714FE10BDA4030020FB
:1086500008B509483922006852018018007CC0071B
:1086600008D0084608310091C38882884188008874
:10867000FCF715FB08BD0000A403002010B5084856
:108680003922006852018018807C800706D50B468D
:108690000A79188849885B1DFCF77BFD10BD000036
:1086A000A403002010B50848392200685201801840
:1086B000407C000606D508468B798A888978008830
:1086C000FCF7CEFD10BD0000A403002010B5084843
:1086D0003922006852018018407C800606D50B467E
:1086E0000A79188849885B1DFCF7C6FE10BD00009A
:1086F000A403002010B508483922006852018018F0
:10870000407C400606D50B460A79188849885B1DCF
:10871000FCF73CFF10BD0000A403002008B508468C
:10872000C91D00918379828841880088FCF7A2FFE7
:1087300008BD000010B507483922006852018018B2
:10874000807CC00704D0084689780088FCF7B9FF10
:1087500010BD0000A403002010B5064839220068AF
:1087600052018018007C800702D50888FCF7EEFFD4
:1087700010BD0000A403002010B50A4610888978B7
:10878000121DFDF71AF910BD10B508468A884988F0
:108790000088FDF7A9F910BD10B50888FDF744FA67
:1087A00010BD10B5084649880088FDF739FB10BD9B
:1087B00010B50B460A79188849885B1DFDF7C3FC84
:1087C00010BD10B50A4610784978921CFDF793FD4C
:1087D00010BD000010B50848392200685201801809
:1087E000407EC00706D00A46002010564978921CE9
:1087F000FDF795FF10BD0000A403002008B5084652
:10880000002100918288817800880023FEF778F9A2
:1088100008BD00000EB50B483922006852018018CF
:10882000C07BC0070CD008468B894A89098902930E
:1088300001920091C388828881780088FEF722FA2D
:108840000EBD0000A403002010B5074839220068BF
:1088500052018018C07B800704D5084649880088EB
:10886000FEF77CFA10BD0000A403002010B50748F5
:108870003922006852018018C07B400704D508885F
:1088800000221146FEF784FA10BD0000A403002068
:108890007047000010B507480722006812028018D0
:1088A000807FC00605D508460A794988007800F01F
:1088B00040FF10BDA403002010B507480722006840
:1088C00012028018807F000605D508460A7949887B
:1088D000007800F040FF10BDA403002010B5074849
:1088E0003922006852018018C078000604D5084675
:1088F0004988007800F070FF10BD0000A40300203C
:1089000010B50748026839204001101842799206D4
:1089100005D58079800702D5012001F09EF810BDB1
:10892000A4030020084610B50E4986B00A68392114
:10893000490151184A79920611D58979C9070ED093
:10894000847C038AC2898189049401AC0EC4811D90
:108950000091437902794188007801F04FF906B01F
:1089600010BD0000A403002008B50A4802683920A1
:1089700040011018427992060BD58079400708D53E
:10898000084609890091C38882884188007801F0EF
:10899000C0F908BDA403002008B50A4802683920C0
:1089A00040011018427992060BD58079400608D50F
:1089B000084609890091C38882884188008801F0AF
:1089C00038FB08BDA403002010B507480268392011
:1089D000400110184279920605D5C079400702D5AA
:1089E000012001F03EFB10BDA4030020084610B595
:1089F000104988B00A683921490151184A7992060C
:108A000016D5C979890713D5847F838B428B018B57
:108A1000069403AC0EC4014612318A1F831D0093D5
:108A200001920291437902794188007801F0C6FBF6
:108A300008B010BDA403002010B508480268392012
:108A4000400110184279920606D5C079C00703D0BC
:108A50000878491C01F032FC10BD0000A40300207E
:108A600010B5084802683920400110184279920672
:108A700007D58079C00604D54A890888891C01F089
:108A800051FC10BDA403002010B50848026839202D
:108A9000400110184279920606D58079000603D568
:108AA0000878491C01F0A2FD10BD0000A4030020BD
:108AB00010B5094802683920400110184279920621
:108AC00008D58079000705D50A4610784988121D17
:108AD00001F0B4FE10BD0000A403002010B5012079
:108AE00002F092FC10BD000008B50848072200689B
:108AF00012028018C07F000707D5C88800908B88B5
:108B00008A780988002002F00DFE08BDA403002029
:108B100008B50846891D00918388C278817800884D
:108B200002F014FF08BD002805D00C2805D00D2840
:108B300005D2401E06E025207047262070472728D2
:108B4000FCD2801EC0B2704704E003780B70401C5A
:108B5000491C521E002AF8D170470000F0B50446A7
:108B600061088C4661400A4649081143930819433D
:108B7000CB080B430120D943890100D000205200CB
:108B80002349134657089508D60812090B400A4096
:108B90000F40D2180D40D2190E4052199219D30E1F
:108BA000022B00D2002053099A18930A9A18130D29
:108BB0009A187C231A405C2A00D90020154BE2B297
:108BC0005A43944200D10020134A23465340134D88
:108BD00062466A40124EA5087540E608114F240906
:108BE0007E407F107C400B400A400D400E400C4000
:108BF00099184919891909194A0951188A0A5118E5
:108C00000A0D51187C221140042900D80020F0BD23
:108C10008410420801010101D6BE898E6BDF4447F2
:108C2000B56FA223DA37D111FEB56846F0F7F4FB31
:108C30003A4A402411783A48002910D08473517878
:108C400000290FD01B21017591784C2300290BD0EE
:108C500001290ED0C37220210172B22107E0442104
:108C60008173ECE75B21EEE7C3720472BE214174AD
:108C700001E06C21C172517B34230422012944D0CC
:108C8000022944D0032945D000218170302141714F
:108C9000244CA16A244B0D0C9D4208D1C57D8F2622
:108CA0003540C575C57D4907490E0D43C575616AD7
:108CB0000C0C9C4208D14479CF252C404471447956
:108CC0008907890E0C43447116494039096B0C0C15
:108CD0009C4208D1C37D9B089B00C375C37D890757
:108CE000890F0B43C375C17AFB231940C1726B46D0
:108CF00059789B7809011943122905D3C17D114385
:108D0000C175C07DEAF72AFCFEBD372103E0827001
:108D10004371BDE738218170FAE70000D0030020DD
:108D200018030020C007001055AA00000CB505A2CA
:108D300006CA00917F210192082801D2694609568E
:108D400008460CBDF2F5F8FBFE020408CA68026092
:108D50008A6842604A6882600968C160704770B57D
:108D6000002407E00D5D002B07D0161B3618203EAF
:108D7000F577641C9442F5D370BD0555F9E7000002
:108D8000F8B50C46CA88098A4030521A80891026E4
:108D900095B2A84205D20546E07C4006400EE0743C
:108DA00003E02068002800D10026002904D1207BA0
:108DB000800701D5022000E00120CF060643FF0E08
:108DC000E81982B20E48A169036809200002181848
:108DD000406F001DF3F7D0FF60610948A57401687A
:108DE000092000020818416FB81C0E54044801689D
:108DF000092000020818406FFF1CC555F8BD00008F
:108E0000A4030020012070477047000018B40168D7
:108E1000184ACB6813608C68012354604C689460D6
:108E20000968D1604168144ACC6814608C68546049
:108E30004C6894600968D16064216A461170092207
:108E4000D2066C462178491E21705169C90402D4AA
:108E500021780029F5D122782270084A8168D468E7
:108E60000C6094684C6054688C601268CA6003732C
:108E700018BC704718000048280000483800004817
:108E8000F0B54488491CA4B2E5B2A40809B21C801C
:108E90008EB287883619BE4204D9A6B2891B6D1CD2
:108EA00009B2EDB2A4002418083414601C88AD0780
:108EB0006418A400AD0F2C43A4B21C800388E31AED
:108EC0009C07A40F012C02D803D1002B01DD002345
:108ED0000AE00123002907DA11688C78A408A400AD
:108EE000641C8C70083010601846F0BD00220280AF
:108EF00042808180704710B50446007B491E4118AE
:108F0000401E81438AB221886088814201D3091AB8
:108F100002E0A388411A591A914206DBA188801801
:108F2000E9F72AF96180002010BD012010BD38B595
:108F300004466A46022100F00CF8002804D1684675
:108F400001882046FFF7D7FF38BD0021418001800E
:108F5000704710B54388F9F7E7F910BD30B5037BCA
:108F6000491E59185B1E99438CB2038841888B4275
:108F700001D35B1A02E08588CB1AEB1AA34204DB0B
:108F8000806840181060002030BD012030BD30B531
:108F90000D4614460221FFF7E1FF002802D12168A7
:108FA0000988298030BD70B514460D460A4606462C
:108FB0000221FFF7CEFF002808D1738829883046A8
:108FC0002246002B00D18388F9F7AEF970BD10B5A9
:108FD00000244480048081808260037310BDF7B553
:108FE000694604468988007B491E4218411E401C80
:108FF0008A43884396B2C5B2208862880027A18838
:10900000904201D3821A01E0121A8A1A9219521957
:109010008A4216DAA1680222081801A9F4F749F970
:109020002188A068401869468A8840190299F4F797
:1090300040F9208871194018A188E9F79DF821802E
:1090400000E001273846FEBD028841888A4201D3EC
:10905000501A02E08088891A401A80B270470000D6
:1090600003480249C16003494161704715DC05109E
:1090700080030020D1C10510034881220068A03080
:10908000417C114041747047A403002010B50B4689
:109090000178CA09014608311846FEF741F910BDAA
:1090A00070B5104809240268FD20C0001018037D27
:1090B0002402082000211419A032157B0EE0DA07E3
:1090C00009D060224A43A66E921CB25C5207520F2E
:1090D000012A00D108465B08491CC9B28D42EED86E
:1090E00070BD0000A4030020F8B507461F480926FC
:1090F0000568FD20C0002C182846363036023F0592
:1091000084463F0DAE19237D08200022A03500972C
:10911000B6462D7B0EE0DE0709D07646B66E602798
:109120005743F6197689009FB74200D110465B0875
:10913000521CD2B29542EED82034A27E1207120FF2
:10914000824202D1CB0700D10820824207D062467A
:109150001278130707D45207520F824203D1C9076E
:1091600000D10820F8BD8907FBD5F8BDA403002075
:1091700010B50B4800210368FD20C0001818027DBF
:109180000820A0331B7B05E0D40700D10846520815
:10919000491CC9B28B4201D90828F5D010BD000086
:1091A000A403002010B50B4601784906CA0F811CA4
:1091B0001846FEF7B5F810BD70B5104809240268CE
:1091C000FD20C00011180B7D240208200021151974
:1091D000A032127B0EE060244C43AE6EA41C345DC2
:1091E0006407640F032C02D1DC0700D008465B083B
:1091F000491CC9B28A42EED870BD0000A403002009
:10920000FFB50D4607468DB000200921C906169E00
:109210001446486038460E3005F006F90790B97CD0
:10922000F87C0202387D0004104308430990787DE1
:1092300006903846163005F0EDF80A90384618309A
:1092400005F0E8F80B9038461A3005F0E3F80C907A
:1092500038461C3005F0DEF8039038461E302037C3
:109260000090F878C106C90E47090920C006089188
:109270008068A86400203146E8642131052202910B
:109280000098FFF761FC0221E17000202222505576
:10929000E0730B980C22504360610020312210557E
:1092A000039801230001A0612846217140300390FA
:1092B00083710B987149400240187149896A814253
:1092C00000D208460021686521810C98A0812046C3
:1092D00040300B9A02800A9A01235200921CEA64E1
:1092E000039A9783039A9780A17121612380A26AD0
:1092F0001280A26A548001771B27FF2147804931E1
:109300002B460182C0331A8A1B2A02D15A8A8A420A
:1093100001D0102202771A8B8280C7800781478193
:109320008781C7815A8B42828182C18201834183B6
:10933000288C5449401C80B2884202D949424018C6
:1093400080B260812884C7200190A16AC87205227A
:1093500002990098FFF7F8FB0020F072218D31820E
:10936000F0750798B0610998F06120210898885538
:10937000FFF748FD8021012800D1B17542200290FD
:109380000590414804902F461098404B80370028A4
:109390003AD0B86B0080B96B0198C872388F708270
:1093A00010983B49006828611098406868610698E9
:1093B0004843FF30F530A865039901208877188865
:1093C0001946344A400712684123400F5B01D21806
:1093D00090706079C022104360710020B072A07854
:1093E000C008C000801CA070BA6B1B209072088857
:1093F000A16A4001083088720020C0433882B96BEE
:109400000322C91D029825E0786B00807A6B0198D1
:10941000D072B88E70826079C02210436071B172D0
:10942000A0781D4DC008C000401DA07018884101E3
:10943000A06A19318172796B0A20887208F04CFD9C
:10944000796B0322C91D029806F044F8796B032258
:109450002846091D06F03EF80120FEF711FAA16A20
:109460000322C91D059806F035F8A16A0322091DDB
:10947000049806F02FF811B0F0BD00009AFDFFFF30
:10948000640D0020FF0E0000FA003000C000002034
:10949000E2040000A40300202C01B000F0B50D464A
:1094A00089B000270921C9060E9E14464F60827BB1
:1094B000C17B94460B02017C0A04417C09061143DE
:1094C0001943624611430491827CC17C0B02017DE9
:1094D0000904194311430591027E417E090211439B
:1094E0000691827EC17E090211430891027F417F6D
:1094F00009021143009101461E3102912030C078CB
:109500003146C006C00E2131079005220391029812
:10951000FFF71AFB2220475531200755E773022039
:10952000E07006990C22514361610099FF22090104
:10953000A161207127810899A181204640300699B8
:109540000180A771276107771B21418049322B4693
:109550000282C0331F8A1B2F02D15F8A974201D03B
:10956000102707771F8B8780C1800181418181810E
:10957000C181598B41828282C2820283428301204F
:109580002080A06A0080A06A4480288C2F49401C5B
:1095900080B2884202D94942401880B26081288452
:1095A000A06AC727C772052203990298FFF7CCFA71
:1095B0000020F072218D3182F0750498B061059819
:1095C000F061202107988855FFF71CFC80210128B5
:1095D00000D1B1754220039080350290686B008005
:1095E000686BC772A88E7082C0206071B172A0785B
:1095F000174EC008C000401DA07016480088A16A20
:10960000400119308872696B0A20887208F064FC86
:10961000696B0322C91D039805F05CFF696B032287
:109620003046091D05F056FF0120FEF729F9A16A11
:109630000322C91D029805F04DFFA16A03220648C6
:10964000091D05F047FF09B0F0BD0000FF0E000046
:109650002C01B000C0000020FA0030003EB50B48DD
:1096600001AA0468694602A8683400F01FF80028BF
:109670000BD06846007AE18801228240114204D072
:1096800069460978019AFCF71CFE3EBDA403002040
:109690000548002100686830017141710268D208F4
:1096A000D2000260C1807047A403002070B5144648
:1096B0000D4A136872B668331A79002A01D0012561
:1096C00000E0002500221A715A79027018784007CC
:1096D000400F087018684001000AF8F71FF9206071
:1096E00062B6284670BD0000A403002010B5F1F753
:1096F00001FA10BD70B5D51C1446072B01D200200D
:1097000070BD032901D0122006E0427881780378E9
:1097100010021843FFF7EAFF2870042020700F2181
:109720006170A0700121217106216171A071072073
:1097300070BD00B5C1B06B46D87099809A71042095
:10974000187005215970987007210022684605F0AD
:10975000A9FD41B000BD00B5C1B06B46D87099807D
:109760009A710420187008215970987007210122FD
:10977000684605F097FD41B000BD0000F8B51D46F4
:109780000F4602230446C10612481646006803D558
:109790000322BF210C4008E0072109024118897FFC
:1097A000090601D40020F8BD01222107890E0818FE
:1097B0000121C9024018C06C2146F9F70BFC0100D9
:1097C00006D00F71CE800D722046F9F7EFFBE9E766
:1097D0000720F8BDA403002000B5C1B06A46D070D0
:1097E000918004201070302050700320907006216A
:1097F0000722684605F056FD41B000BD70B50E4623
:1098000001230446C10612481546006803D5042208
:10981000BF210C4008E0392149014118C9780906E7
:1098200001D4002070BD02222107890E08180121F1
:10983000C9024018C06C2146F9F7CCFB010005D0E5
:109840000E71CD802046F9F7B1FBEAE7072070BD25
:10985000A403002000B5C1B06A46D0700421117085
:1098600010205070012090700522684605F01AFD06
:1098700041B000BDF3B5384C06460025207881B0D4
:109880002F4600285AD1678058E030786188334AE3
:109890005318491C618018702178761C002916D055
:1098A000012920D0022920D0032920D0042920D04A
:1098B000052921D0062926D0072929D0082929D011
:1098C000092929D00A292AD00B2937D12CE00128CF
:1098D00023D0022803D0FF2803D027702EE00720D2
:1098E0001BE0032019E0022017E0062015E0042009
:1098F00013E02081052010E021890002401880B289
:1099000001E00B2009E02081E780002813D0F8E770
:10991000082002E0092000E00A2020700EE0107903
:10992000D17800020843EEE7E088401C80B2E08076
:109930002189884202D3277005F0ECF86188FF2066
:109940000430814205D228466D1C0299EDB288424E
:109950009BD32078FEBD00003203002008040020C5
:1099600010B500F001F810BD70B58AB01D4616465E
:10997000002804D0012802D012200AB070BD6A4627
:1099800010706C460622601CF3F793FC10223146DF
:10999000E01DF3F78EFC05A8102229460330F3F7EB
:1099A00088FC6846F1F756FDE7E770B5951D14464B
:1099B000072B01D2002070BD272901D0122007E01B
:1099C00006780346C21D411C17333046FFF7C8FF17
:1099D0002870042020700E216170A0700120E070BA
:1099E0002720207120206071072070BD7CB50446BF
:1099F0000D46012803D0002C01D012207CBD084662
:109A0000E8F710FC000220430090E81CE8F70AFC8D
:109A10000002000A01906846F1F7D2FD7CBD70B5E6
:109A2000951D1446072B01D2002070BD072901D0D7
:109A3000122004E00278411C1046FFF7D7FF28707F
:109A4000042020700E216170A0700120E0701120B0
:109A5000207120206071072070BDF3B5C3B002A84B
:109A6000009000276946439808723E4625E000981A
:109A70003146C5191420414344980622405C687061
:109A80004498BF1C0C186078A870A11CE81CF3F760
:109A900010FC207A687228460A30227A0546FF1D9B
:109AA000E168F3F706FC207A2146C7191031401906
:109AB0000122F3F7FEFB761C7F1C43988642D6DB1F
:109AC00004206A4610713E205071BF1CF9B291719A
:109AD0000220D0712D2201A8C91C05F0E3FB45B07E
:109AE000F0BD0000FFB581B006460A98032113308F
:109AF0000843401C83081F48F106006803D507226D
:109B0000BF210E400CE03921490141184A799206E3
:109B100002D58979890702D4002005B0F0BD05225D
:109B20003107890E08180121C9024018C06C31465E
:109B3000F9F750FA05001AD0029828710398687155
:109B40002C462F1D18340622A81D0499F3F7B1FBEB
:109B50000A983872FC6020460A9A0B99F3F7A9FB21
:109B60000C98387429463046F9F720FAD4E70720D4
:109B7000D3E70000A403002010B500F001F810BDE9
:109B800010B5F1F755FD10BD70B5951D1446072BA6
:109B900001D2002070BD002901D0122001E0FFF7A2
:109BA000EBFF2870042020700E216170A07001204E
:109BB000E0702920207120206071072070BD10B551
:109BC000F1F78CFD10BD70B5951D1446072B01D221
:109BD000002070BD002901D0122001E0FFF7EFFF47
:109BE0002870042020700E216170A0700120E070A8
:109BF0001020207120206071072070BDF0B5C1B029
:109C00000E466F46499D469938717E71300AB8718B
:109C1000FA7102A83B7206220130F3F74AFB47981B
:109C2000F873000A387448987874000AB874FD74A0
:109C3000280A38754A987875042038703E20787064
:109C40001320B8700120F87016212C22384605F038
:109C500029FB41B0F0BD0000FFB51F4605230646B5
:109C6000C1061E4881B0006803D50522BF210E4001
:109C700009E03921490141184A79920629D58979A3
:109C8000C90726D003223107890E08180121C9020D
:109C90004018C06C3146F9F79DF904001CD00298B9
:109CA00020710398E08027720A9860722046251D73
:109CB00006220A300B99F3F7FCFA0C98A8810D984C
:109CC000E8810E9828820F98A87421463046F9F74B
:109CD0006DF9002005B0F0BD0720FBE7A4030020CC
:109CE000FEB508AF70CF6F4670C700F001F8FEBD3B
:109CF000F0B589B00EAF70CF04AF03976F4670C751
:109D000000F05EF8002802D104A8F2F75FFB09B06A
:109D1000F0BD30B5C1B06D46449C28716971080A28
:109D2000A871EA71100A28726B72180AA872EC7294
:109D3000200A2873042028703E2068700A20A8702A
:109D40000320E8700D212E22284605F0ABFA41B021
:109D500030BD0000F8B51D460F4603230446C1067A
:109D600016481646006803D51022BF210C400BE0B0
:109D70003921490141184A79920602D58979490762
:109D800001D40020F8BD0D222107890E08180121F9
:109D9000C9024018C06C2146F9F71CF901000AD02D
:109DA0000F71CE800D81069A4A81079A8A812046DA
:109DB000F9F7FCF8E5E70720F8BD0000A403002050
:109DC000F0B50646089C124F1220059D2680BE4223
:109DD00001D90220F0BD0F4E8F1F6180B742F9D22A
:109DE000971FA280B742F5D28A42F3D3FF21F43104
:109DF000E3808B42EED82581311F0A3D8D42E9D2A6
:109E000006996181079AA2818A42E3D30020F0BDBE
:109E1000FF0E00007B0C0000FEB5D51C1446072B7E
:109E200001D20020FEBD0E2901D0122020E0417B8E
:109E3000027B09021143C27A867A13023343427AC3
:109E4000067A12023243019300920291C17982791B
:109E50000B024179134306790A023243C1788678AE
:109E6000090231434678077830023843FFF738FF5C
:109E70002870042020700F216170A07001202071D3
:109E8000132060712020A0710720FEBDFFB589B0AE
:109E900016A871C894468E460796159F129A139974
:109EA00004AE31C614980092019102900397624665
:109EB0007146099800F002F80DB0F0BDF0B58DB014
:109EC00084461D46164616A88DC8139C049701AFFC
:109ED0000DC7159800900A46614605A8149B01F02D
:109EE00061FA002806D108A80671002E04D0012EC0
:109EF00002D012200DB0F0BD4571012D05D0002D0E
:109F000003D0022D01D0032DF3D109A8062202307F
:109F10001299F3F7CEF908A80473E0B2012806D02D
:109F2000002C10D0022C0ED0032CE2D103E0012C27
:109F300001D0032C07D16846EFF7E6F96846EFF742
:109F40008FFE0028D5D005A8F0F70CFCD2E710B59D
:109F500000F001F810BD10B5F0F752FD10BD70B55E
:109F6000951D1446072B01D2002070BD002901D099
:109F7000122001E0FFF7EBFF2870042121700E2072
:109F80006070A1700121E1702071202060710720B4
:109F900070BDF0B5D51C89B01446072B02D2002045
:109FA00009B0F0BD192901D0122034E0C11C8E4641
:109FB000027EC37D11021943827D437D12021A4342
:109FC0007646737C367C1B02471C3343BC46867C3A
:109FD000477C36023E4304960791059306927146EC
:109FE0004A7B097B12020A436746797B3B7B090265
:109FF0001943037B861D0096019303920291C17859
:10A00000867809023143467843790279077830022D
:10A010003843FFF73BFF2870042020700F21617048
:10A02000A070012020710D2060712020A0710720F8
:10A03000B6E730B5C1B06D46449CA880E9802A815E
:10A040006B81AC81042028703E2068700B20A870C2
:10A050000720E8700E213122684605F023F941B04F
:10A0600030BDF3B5C3B002A80090002769464398FD
:10A0700008723E461DE044983101425C0098BF1CC6
:10A080000C186270449806220D186878A070A91CFC
:10A09000E01CF3F70EF9287A607229462046093150
:10A0A0000A300622FF1DF3F704F9E87B761C2074C2
:10A0B000FF1D43988642DEDB04206A4610713E2075
:10A0C0005071BF1CF9B291710B20D071352201A8DB
:10A0D000C91C05F0E7F845B0F0BD0000FFB504234A
:10A0E0000546C1061F4881B00C9E006803D50C22AE
:10A0F000BF210D400CE03921490141184A799206EF
:10A1000002D5C979490702D4002005B0F0BD0A2262
:10A110002907890E08180121C9024018C06C294678
:10A12000F8F758FF040019D0029820710398607165
:10A13000271D0622A01D0499F3F7BBF80A98387270
:10A140003846062209300B99F3F7B3F8FE7321461F
:10A150002846F8F72BFF002005B0F0BD072005B01A
:10A16000F0BD0000A403002010B50023F0F76CFF41
:10A1700010BD7FB5951D1446172B02D2002004B0E8
:10A1800070BD202902D0122028700AE001466A46DC
:10A190001031FFF7E9FF287010226946681CF3F7B9
:10A1A00088F8042020700E2060701420A070012018
:10A1B000E0701720207120216171E0E7F0B5C1B097
:10A1C0000E466F46489D469938717E71300AB871C7
:10A1D000FA7102A83B720622013001ACF3F769F86C
:10A1E000204606220B304799F3F763F820460622F3
:10A1F00029461130F3F75DF84998F876000A387768
:10A200004A987877000AB8774B98F877000A08AF31
:10A2100038704C98787004206F4638703E20787003
:10A220001F20B8700A20F87022213422684605F0F9
:10A2300039F841B0F0BD10B500F002F810BD0000D3
:10A24000F1B51D4C072520682D024119097F002614
:10A2500090B0890701D53A262BE0F927FF00C219F3
:10A260002021002001F05DFD002801D01F2620E004
:10A27000402268461099F3F71CF820680223411920
:10A280000A7FC0191A430A776946E9F7F9F80028E6
:10A2900007D0206812264019017FFD221140017766
:10A2A00007E072B620684030C1794906490EC17195
:10A2B00062B6304611B0F0BDA403002000B5C1B0B5
:10A2C0006A46107101A820220130F2F7F2FF042043
:10A2D0006A4610703E205070222090700920D07085
:10A2E00025213322684604F0DDFF41B000BD70B582
:10A2F000D51C1446072B01D2002070BD402901D087
:10A30000122001E0FFF797FF2870042020700F2132
:10A310006170A07001202071262060712020A07142
:10A32000072070BD10B5C2B014466A46908001A8DF
:10A3300008220230F2F7BDFF6A46D4810420107073
:10A340003E2050700D2090700520D07010213022DA
:10A35000684604F0A7FF42B010BD0A4610B501469A
:10A360000020F1F74FFF10BD70B5951D144606464D
:10A37000092B01D2002070BD122902D012202870B2
:10A380000EE07078317800020843B11CFFF7E5FF5A
:10A39000287070783178000208436870000AA8704D
:10A3A000042020700E2060700620A0700120E07054
:10A3B0001A20207120206071092070BD10B501465F
:10A3C00000224120F1F71EFF10BD70B5951D144607
:10A3D0000646092B01D2002070BD022902D01220AE
:10A3E00028700DE07078317800020843FFF7E6FF2F
:10A3F000287070783178000208436870000AA870ED
:10A40000042020700E2060700620A0700120E070F3
:10A410001B20207120206071092070BD10B5F0F75D
:10A42000F5FE10BD7CB5951D14460F2B01D2002002
:10A430007CBD002902D01220287008E06846FFF792
:10A44000EDFF287008226946681CF2F732FF0420ED
:10A4500020700E2060700C20A0700120E070182089
:10A460002071202060710F207CBD10B5F0F746FEF2
:10A4700010BD38B5951D144600206A461070082B93
:10A4800000D238BD002902D01220287006E0104604
:10A49000FFF7EBFF28706846007868700420207092
:10A4A0000E2060700520A0700120E0700720207150
:10A4B00020206071082038BD10B50C46FB210180BA
:10A4C000FEF7A0FC01280ED01B201F3040094100E0
:10A4D000411806484078401A0921C01EE7F74CFE93
:10A4E0002070002010BDFB20EFE70000840D00204D
:10A4F0007CB5951D144600206A46108010710A2B09
:10A5000000D27CBD002902D0122028700BE001A9E6
:10A510001046FFF7D1FF2870684601886970090A64
:10A52000A9700079E870042020700E206070072068
:10A53000A0700120E07002202071202060710A20AC
:10A540007CBD10B5F0F714FE10BD7CB5951D14460A
:10A5500006460E2B01D200207CBD022902D012201B
:10A56000287013E070783178000208436946FFF7DD
:10A57000E8FF287070783278010211436970090A87
:10A58000A97005226946E81CF2F793FE04202070AA
:10A590000E2060700B21A1700121E1701521217145
:10A5A000202161717CBD10B500F002F810BD0000E3
:10A5B00010B50D4807210068090241180A7F0024E0
:10A5C00093070DD402231A430A7772B64030C1793B
:10A5D0004906490EC17162B6E8F77AFF002800D03B
:10A5E0003A24204610BD0000A403002000B5C1B0ED
:10A5F0006A46107101A840220130F2F75AFE042089
:10A600006A4610703E205070422090700820D07032
:10A6100045213222684604F045FE41B000BD70B5C8
:10A62000D51C1446072B01D2002070BD002901D093
:10A63000122001E0FFF7B7FF2870042020700F21DF
:10A640006170A07001202071252060712020A07110
:10A65000072070BD10B500F001F810BD1CB5144600
:10A660006A46107000A806220130F2F722FE224648
:10A6700069460120F1F746F8FF2801D000201CBDF3
:10A6800002201CBD7CB5951D14460D2B01D2002067
:10A690007CBD072902D0122028700BE00378411CF2
:10A6A0006A461846FFF7D6FF287006226946681CDE
:10A6B000F2F7FFFD042020700E2060700A20A070C9
:10A6C0000120E0702C202071202060710D207CBDC5
:10A6D00010B5F0F7C9FD002010BD7CB5951D1446DE
:10A6E0000F2B01D200207CBD002902D0122028703F
:10A6F00008E06846FFF7ECFF287008226946681CEE
:10A70000F2F7D7FD042020700E2060700C20A0709E
:10A710000120E07003202071202060710F207CBD9B
:10A7200010B500F001F810BD10B5F0F75BFD10BDDD
:10A730007FB5951D144600206A46108090801081D8
:10A7400090810F2B01D204B070BD002902D01220DD
:10A7500028701AE003AB02AA01A96846FFF7E0FFE0
:10A760002870694609886970090AA970694689884C
:10A77000E970090A2971694609896971090AA9718B
:10A7800069468889E871000A2872042020700E202A
:10A7900060700C20A0700120E0702F20207120201C
:10A7A00060710F20CFE710B500F001F810BD1CB5A7
:10A7B00014466A46107000A806220130F2F779FDAF
:10A7C000224669460020F0F79DFFFF2801D00020B7
:10A7D0001CBD02201CBD7CB5951D14460D2B01D25D
:10A7E00000207CBD072902D0122028700BE00378DE
:10A7F000411C6A461846FFF7D6FF287006226946B4
:10A80000681CF2F756FD042020700E2060700A20AC
:10A81000A0700120E0702B202071202060710D209D
:10A820007CBD0000044910B5884201D9022010BD4A
:10A83000F1F786F810BD0000FF0E000010B5C2B0A1
:10A8400014466A4610715171080A907101A80822D5
:10A8500021460330F2F72DFD04206A4610703E2198
:10A8600051700C219170D0700F212F22684604F096
:10A8700019FD42B010BD70B5D51C1446072B01D28E
:10A88000002070BD022901D0122005E04178027835
:10A8900008021043FFF7C6FF2870042020700F2124
:10A8A0006170A07001202071162060712020A071BD
:10A8B000072070BD10B500F001F810BD10B50446BA
:10A8C000F0F74EFF2070002010BD38B5951D1446DE
:10A8D00000206A461070082B00D238BD002902D033
:10A8E0001220287006E01046FFF7E4FF2870684643
:10A8F00000786870042020700E2060700520A07021
:10A900000120E0702A20207120206071082038BDCD
:10A9100010B500F001F810BD10B5F0F743FC10BD04
:10A920007CB5951D144600206A46108090800B2B44
:10A9300000D27CBD002902D0122028700DE001A9B0
:10A940001046FFF7E5FF2870684601886970090A1C
:10A95000A9708088E870000A2871042020700E20F9
:10A9600060700820A0700120E0702320207120205A
:10A9700060710B207CBD10B5F0F795FC002010BD78
:10A980007CB5951D14460F2B01D200207CBD0029FB
:10A9900002D01220287008E06846FFF7ECFF28700C
:10A9A00008226946681CF2F784FC042020700E20FF
:10A9B00060700C20A0700120E0701C20207120200D
:10A9C00060710F207CBD0D22D243027008200870F8
:10A9D000002070477CB5951D144600206A46107013
:10A9E0001071092B00D27CBD002902D012202870E2
:10A9F0000AE001A91046FFF7E6FF287068460078D4
:10AA0000687068460079A870042020700E2060707D
:10AA10000620A0700120E0704B2020712020607182
:10AA200009207CBD10B50446F0F79CFE2070002084
:10AA300010BD38B5951D144600206A461070082BCD
:10AA400000D238BD002902D01220287006E010463E
:10AA5000FFF7E8FF287068460078687004202070CF
:10AA60000E2060700520A0700120E0700F20207182
:10AA700020206071082038BD10B5272801D9122088
:10AA800010BDF1F7D1FD0028FAD1054901230A686C
:10AA90000721090251180A7F1A430A7710BD0000E6
:10AAA000A403002070B5951D1446072B01D2002089
:10AAB00070BD012901D0122002E00078FFF7DCFF11
:10AAC0002870042020700E216170A0700120E070B9
:10AAD0001D20207120206071072070BD10B500F08E
:10AAE00001F810BD1CB56A46107000A8062201309E
:10AAF000F2F7DFFB6846F0F737FE1CBD70B5951D19
:10AB00001446072B01D2002070BD072901D0122066
:10AB100004E00278411C1046FFF7E0FF2870042093
:10AB200020700E216170A0700120E070282020713B
:10AB300020206071072070BD1CB5012803D00028BB
:10AB400001D012201CBD6A46107000A806220130F8
:10AB5000F2F7AFFB6846F0F74DFE1CBD70B5951DD2
:10AB60001446072B01D2002070BD1226072901D000
:10AB70002E7005E00278411C1046FFF7DDFF2870BB
:10AB8000042020700E216170A0700120E0702671F9
:10AB900020206071072070BD10B500F001F810BDD5
:10ABA00010B5002803D0012801D0122010BDF0F705
:10ABB0004DFE10BD70B5951D1446072B01D2002027
:10ABC00070BD012901D0122002E00078FFF7E4FFF8
:10ABD0002870042020700E216170A0700120E070A8
:10ABE0002D20207120206071072070BD1CB5044607
:10ABF0000D4801682320400108184079012801D040
:10AC0000032807D16846EEF77FFB6846EFF728F880
:10AC1000002803D0012C03D0002C01D012201CBD31
:10AC20002046EFF785FF1CBDA403002070B5951DDD
:10AC30001446072B01D2002070BD012901D012203B
:10AC400002E00078FFF7D2FF2870042020700E2168
:10AC50006170A0700120E0700A20207120206071D6
:10AC6000072070BD10B50A461F2801D9122010BD5B
:10AC700001461046F1F75AF810BD70B5951D1446FF
:10AC8000072B01D2002070BD202901D0122004E042
:10AC90000278411C1046FFF7E5FF28700420207061
:10ACA0000E216170A0700120E0700820207120202A
:10ACB0006071072070BD0000F0B585B06F460A9E38
:10ACC0000D9D0C9C388079803A71052A02D31220A0
:10ACD00005B0F0BDFB713E723846062209300B9973
:10ACE000F2F7E7FA6846447185710079012804D0CB
:10ACF000042802D0032DEAD807E06946097A012921
:10AD000001D00029E3D1012810D0684601880F4AFC
:10AD1000084620389042DAD2684640882028D6D3A8
:10AD2000012292039042D2D88142D0D86846C0799D
:10AD3000002805D0012803D0022801D00328C6D15D
:10AD40006007C4D06846F1F795F8C1E7E13F00001D
:10AD5000F0B5951D85B01446072B02D2002005B032
:10AD6000F0BD0F2901D0122011E08179867B437B51
:10AD7000C21D6F464EC7C1788678090231434678B6
:10AD800043790279077830023843FFF795FF28703E
:10AD9000042020700E216170A0700120E070062058
:10ADA0002071202060710720D9E710B500F001F86C
:10ADB00010BD70B514460D460646FEF723F8002870
:10ADC00005D0224629463046F1F7A0F970BD112082
:10ADD00070BD70B5961D14460546092B01D20020A2
:10ADE00070BD062902D01220307015E068792979EB
:10ADF0000202E8780A43AB780102194368782B789D
:10AE000000021843FFF7D1FF3070687829780002FC
:10AE100008437070000AB070042020700E2060702B
:10AE20000620A0700120E070222020712020607197
:10AE3000092070BD70B505460024407826460228DA
:10AE400001D0042803D1F2F7FBFF00280DD00848F9
:10AE500039210068490103192A5D5B18641CE4B2BA
:10AE60009A71082CF7D3304670BD1126FBE700001D
:10AE7000A403002070B5951D1446072B01D20020B5
:10AE800070BD082901D0122001E0FFF7D3FF287020
:10AE9000042020700E216170A0700120E0702071EC
:10AEA00020206071072070BD10B500F001F810BDC2
:10AEB00010B5F1F7C9F810BD70B5951D1446072BF4
:10AEC00001D2002070BD052901D0122001E0FFF75A
:10AED000EBFF2870042020700E216170A07001200B
:10AEE000E0701420207120206071072070BD10B523
:10AEF00000F001F810BD17B583B06A4610706C46BB
:10AF00000622601CF2F7D5F9012205A9E01DF2F72F
:10AF1000D0F96846F0F7AAFC06B010BD70B5951DD3
:10AF20001446072B01D2002070BD082901D0122041
:10AF300005E00378C279411C1846FFF7D8FF287056
:10AF4000042020700E216170A0700120E0704E205E
:10AF5000207120206071072070BD000070B504468C
:10AF60000025FEF729F90646FEF79AF8082E01D1CA
:10AF7000082801D00C2070BD0C4E0D4B3068062205
:10AF80002146C018F2F795F92046E7F74BF9012161
:10AF90003268000289025618401CF065E01CE7F791
:10AFA00041F90002000A3066284670BDA403002063
:10AFB0003307000070B5951D1446072B01D2002001
:10AFC00070BD062901D0122001E0FFF7C7FF2870ED
:10AFD000042020700E216170A0700120E070052017
:10AFE000207120206071072070BD10B500F001F8BD
:10AFF00010BD10B5F0F778FC10BD70B5951D144666
:10B00000072B01D2002070BD022901D0122005E0DB
:10B010004178027808021043FFF7E7FF2870042008
:10B0200020700E216170A0700120E0702E20207130
:10B0300020206071072070BD10B500F001F810BD30
:10B040007CB5054610480C460168232040010818CD
:10B050004079012801D0032807D16846EEF754F95A
:10B060006846EEF7FDFD002803D0012D03D0002D2A
:10B0700001D012207CBD012C01D0002CF9D1214639
:10B080002846EFF767FE7CBDA403002070B5951D30
:10B090001446072B01D2002070BD022901D01220D6
:10B0A00003E041780078FFF7C7FF28700420207084
:10B0B0000E216170A0700120E0700C202071202012
:10B0C0006071072070BD38B5049C009400F002F850
:10B0D00038BD00007CB5069C002803D0012801D0B3
:10B0E00012207CBD104D0E1FAE42F9D2161FAE428B
:10B0F000F6D2002C05D0012C03D0022C01D0032C59
:10B10000EED1012B05D0002B03D0022B01D0032B55
:10B11000E6D16D46287129806A80AB716C716846F2
:10B12000F1F7D0F87CBD0000FD3F0000F8B5951D9B
:10B130001446072B01D20020F8BD072901D01220A8
:10B140000DE0817900910279C178120286780A4374
:10B1500047784379310239430078FFF7B4FF28700C
:10B16000042020700E216170A0700120E0700B207F
:10B170002071202060710720F8BD10B50A461F28F5
:10B1800001D9122010BD01461046F1F7C5F810BDD7
:10B1900070B5951D1446072B01D2002070BD2029E3
:10B1A00001D0122004E00278411C1046FFF7E5FFB1
:10B1B0002870042020700E216170A0700120E070C2
:10B1C0000920207120206071072070BD10B500F0AB
:10B1D00001F810BD1FB5054A904202D9022004B003
:10B1E00010BD02AAF1F7B2F9F9E70000FF0E000066
:10B1F00070B5D51C1446072B01D2002070BD1C2948
:10B2000001D012200DE0C17A837A0A0241781A43F4
:10B2100003780E021E430346811C0C333046FFF7B1
:10B22000D5FF2870042020700F216170A0700120CC
:10B230002071192060712020A071072070BD0000CE
:10B2400010B5F1F795FA002808D105490A680721D9
:10B25000090251180A7F520852000A7710BD0000F7
:10B26000A403002038B5951D144600206A461080BE
:10B27000092B00D238BD002902D01220287008E026
:10B280001046FFF7DDFF2870684600886870000AE6
:10B29000A870042020700E2060700620A07001208D
:10B2A000E0701F20207120206071092038BD00004F
:10B2B000F8B515460E4607462524FDF7A3FD0128DF
:10B2C00000D1FF24272F03D8A64201D8072D01D98A
:10B2D0001220F8BD2A4631463846F1F777FA0028A1
:10B2E000F7D1054901230A680721090251180A7F8D
:10B2F0001A430A77F8BD0000A403002070B5951D1D
:10B300001446072B01D2002070BD032901D0122062
:10B3100004E0827841780078FFF7CAFF28700420A3
:10B3200020700E216170A0700120E0701E2020713D
:10B3300020206071072070BD10B500F001F810BD2D
:10B3400070B50C460546FDF75DFD002804D021468A
:10B350002846F1F7BFFB70BD112070BD70B5951D7B
:10B360001446072B01D2002070BD042901D0122001
:10B3700009E0C1788278090211434278037810020B
:10B380001843FFF7D9FF2870042020700E21617048
:10B39000A0700120E070242020712020607107201F
:10B3A00070BD0000F0B5069E079D059C0180144FFE
:10B3B000091FB9421FD24280121FBA421BD2114943
:10B3C0009A1F83808A4216D2A21FC4808A4212D258
:10B3D0009C4210D3FF21F43106818E420BD80949DB
:10B3E0004581091F0A3D8D4205D208998181099A3C
:10B3F000C2818A4201D21220F0BD0020F0BD0000BF
:10B40000FD3F00007B0C0000F0B5C1B0002300AA96
:10B41000033294466A46D0701A460DE094006546A1
:10B420000E5B67197E70360ABE7064186488FC7003
:10B43000240A521C3C711B1D8242EFDB04206A4629
:10B440001070132050705B1CD9B2917006226846B0
:10B45000C91C03F027FF41B0F0BD000010B504493E
:10B46000062209687831F1F724FF002010BD0000A2
:10B47000A40300207CB5951D14460D2B01D200209D
:10B480007CBD002902D01220287008E06846FFF732
:10B49000E5FF287006226946681CF1F70AFF0420C0
:10B4A00020700E2060700A20A0700120E07009203A
:10B4B0002071102060710D207CBDF8B5044640223B
:10B4C0000021F1F7FAFEF2F7BBFC054603F0B2F9F2
:10B4D000074603F0DDFE0646202020708020A07085
:10B4E000C02060710420A0722820A0732220E07385
:10B4F000F720607638463C214843C3210843A076B4
:10B5000038460C214843F3210843E0767E20074368
:10B510002777FDF777FCC021484320346070FDF7A2
:10B5200071FC06214E43F821304369430843A07063
:10B53000FDF768FCE900C000491B0843E07080206B
:10B54000A071A800E0710020F8BD30B5951D91B044
:10B550001446472B02D2002011B030BD002902D082
:10B560001220287008E06846FFF7A7FF28704022E5
:10B570006946681CF1F79DFE042020700E20607063
:10B580004420A0700120E070022020711020607122
:10B590004720E1E710B5044608220021F1F78DFEAF
:10B5A00060202071002010BD7CB5951D14460F2B26
:10B5B00001D200207CBD002902D01220287008E0B2
:10B5C0006846FFF7E7FF287008226946681CF1F714
:10B5D00070FE042020700E2060700C20A0700120EE
:10B5E000E07003202071102060710F207CBD0000EE
:10B5F00030B50B24039D0470054800688030408CF2
:10B60000088014703020188016202880002030BD5B
:10B61000A403002030B5941D89B0154600206A4669
:10B62000107110811073108290820F2B01D209B01B
:10B6300030BD002902D0122020702DE005A8009016
:10B6400004AB03AA02A901A8FFF7D2FF207006A845
:10B65000EDF7E2FE6A461089517E927E09031207D9
:10B66000120D11436A46127E00071207120E114393
:10B67000000F01436A461181107960701089A07033
:10B68000000AE070107B2071118A6171090AA171B2
:10B69000908AE071000A2072042028700E206870E1
:10B6A0000C20A8700120E8702871102068710F200C
:10B6B000BDE70000F8B50646002000906946304618
:10B6C000F0F796F9050002D0452D26D026E0144863
:10B6D0000721006809024118C97F0227009C090759
:10B6E0001CD502218B020830C0180C22C06C0B46FE
:10B6F000F7F770FC010011D08E8022788A71627891
:10B70000A3781B0213430B81E37822793846120297
:10B710001A434A81F7F74AFC00E000252846F8BDA5
:10B72000A403002030B5C1B06D46449CE870A980E8
:10B73000AA71EB71180A28726C72200AA872042090
:10B7400028700C2068700820A8700B21022228465F
:10B7500003F0A8FD41B030BD70B5D51C1446072BD1
:10B7600001D2002070BD022901D0122005E04178ED
:10B77000027808021043FFF79DFF28700420207014
:10B780000F216170A070012121711D216171A071D3
:10B79000072070BD10B50C4601462046F0F7B6F8FC
:10B7A000002801D07E21217010BDF8B50646951DF8
:10B7B000144600206A4610700A2B00D2F8BD0229F8
:10B7C00002D01220287011E070783178000208430E
:10B7D0001146FFF7DFFF28707078327801021143BD
:10B7E0006970090AA97068460078E8700420207022
:10B7F0000E2060700720A0700120E07005202071ED
:10B80000142060710A20F8BD70B50E46154600245C
:10B810000321FDF769FC7F21082807D0012E07D0FE
:10B82000002E08D012242970204670BD0224FAE7A9
:10B8300008202870F8E72946EFF7C4FC0446F3E730
:10B84000F8B50646951D144600206A4610700A2B6E
:10B8500000D2F8BD032902D01220287012E07078BF
:10B86000327800021043B1786A46FFF7CDFF2870A6
:10B8700070783278010211436970090AA97068462C
:10B880000078E870042020700E2060700720A070FF
:10B890000120E0702D2020710C2060710A20F8BD7D
:10B8A00010B5F6F79BFB002010BD70B5951D144632
:10B8B000072B01D2002070BD002901D0122001E029
:10B8C000FFF7EEFF2870042020700E216170A07039
:10B8D0000120E070032020710C206071072070BDF2
:10B8E000FEB5064602200190B0880090B57903218C
:10B8F000681D0843401C83081348022100688C021D
:10B9000008300019377B1122C06CF7F763FB040085
:10B9100017D00098A0800020A771E071014623464F
:10B9200025812A4630460A33F1F7A2FE21460198C6
:10B93000F7F73CFB002401213046F1F73DFF20469C
:10B94000FEBD0724FBE70000A40300207FB5C0B0C4
:10B950006D460223489C2B7068700005000F09019A
:10B96000084391010843A8701A4643A92E46E81CD3
:10B97000F1F79FFC40ADAA892146701DF1F799FCB3
:10B98000A8890022401D81B2D243684603F08EFC94
:10B99000002044B070BD000070B5084A0021034685
:10B9A000072412680846240256185D5C3619491CA3
:10B9B000C9B2B5770829F7D370BD0000A4030020F1
:10B9C00070B5951D1446072B01D2002070BD0829C3
:10B9D00001D0122001E0FFF7DFFF28700420207063
:10B9E0000E216170A0700120E07020710C20607148
:10B9F000072070BDF8B50446002000902B481D4676
:10BA000000680E46A0300079C0070DD02848844257
:10BA100047D803212046FDF767FB0746082840D298
:10BA2000F00703D0012602E00C202CE00226002DB6
:10BA30002BD0FB2D00D9FB252A4621460020F1F70B
:10BA40005FFE04002FD0E5802A460021069BF1F717
:10BA500007FF16480168072000020A18507F0121DD
:10BA6000B940084202D0022688435077267301204D
:10BA7000E0742046E7F7F8F9002812D000212046AC
:10BA8000F1F79AFE022000900BE0022E09D1074840
:10BA900001220168072000020818417FBA401143C3
:10BAA00041770098F8BD0720EDE70000A4030020CF
:10BAB000FF0E0000F8B5074685880E481022006882
:10BAC000D40108300226001901233146C06CF7F773
:10BAD00081FA01000CD08D8001220024CA803046FA
:10BAE000F7F764FA00213846F1F766FE2046F8BD04
:10BAF0000724FBE7A40300200170090A4170704786
:10BB000001700A0A4270090C8170704701700A0ABC
:10BB100042700A0C8270090EC170704701700A0AE7
:10BB200042700A0C8270090EC170704701700A0AD7
:10BB300042700A0C8270090EC170704701700A0AC7
:10BB400042700A0C8270090EC170704710B5C2783D
:10BB50000D4C08682168A0310979C90705D0FFF7A5
:10BB6000BFFE002806D0432010BD01461046EEF768
:10BB7000C5FAF6E772B64B212268490152181178CE
:10BB8000491E117062B610BDA403002070B50346B3
:10BB90004322DC780026086810E005680660C17C56
:10BBA000C90702D0FFF786FF03E001462046EEF703
:10BBB000A5FA020001D043220EE028460028ECD16D
:10BBC000002A09D172B6054801684B2040010918C6
:10BBD0004878401E487062B6104670BDA40300202D
:10BBE00070B5C57804460E462846EEF796FA3146FB
:10BBF0002846E9F7A9FC0020E070A078BF210840A2
:10BC0000A070452070BD10B50446C078EEF785FAE7
:10BC10000120E070A078BF210840A070452010BD31
:10BC200010B50446C078EEF778FA0220E070A078EC
:10BC3000BF210840A070452010BD10B50446C07853
:10BC4000E9F782FC002806D00520E070A078BF212B
:10BC50000840A070452010BD70B5C57804460E465A
:10BC60002846EEF75AFA31462846E9F76DFC0320DC
:10BC7000E070A078BF210840A070452070BD06216B
:10BC8000C1708178BF22114081704520704710B586
:10BC90000446C078E9F758FC002806D00A20E07076
:10BCA000A078BF210840A070452010BD70B5C578B0
:10BCB00004460E462846EEF730FA31462846E9F7A4
:10BCC00043FC0920E070A078BF210840A070452007
:10BCD00070BD10B50446084605F044FD0820E0702C
:10BCE000A078BF210840A070452010BD10B5C078D5
:10BCF000EEF713FA002010BD10B50446084605F013
:10BD000053FD0720E070A078BF210840A0704520B7
:10BD100010BD0021012802D0002800D0472108468C
:10BD2000704730B504460120002306E0D55CA542EB
:10BD300001D0002030BD5B1CDBB28B42F6D330BD9E
:10BD400070B51148092402683F2040011018037F94
:10BD5000002024021419A0320146157B10E0DA07F6
:10BD60000BD06022A66E4A43B21892785207520F47
:10BD7000052A01D0022A00D101205B08491CC9B262
:10BD80008D42ECD870BD0000A40300200B49FD22B9
:10BD90000968D2008A182032927E36311207120FBB
:10BDA000824206D009780A0705D44907490F814223
:10BDB00001D101207047002070470000A40300203B
:10BDC000064801684B2040010818017880788142BC
:10BDD00001D901207047002070470000A403002013
:10BDE000064801684B20400108184178C07881421C
:10BDF00001D901207047002070470000A4030020F3
:10BE0000F0B5EF48EF49006895B04418EE49411885
:10BE10000391EE498968CA017ED54A03EB49096955
:10BE20007BD4C889012252078018408885188889E8
:10BE30008018408806A9871828780607360F2846F4
:10BE4000FDF7B0F9E1488068002867DA022012ABFC
:10BE5000032E02D0052E69D07AE1DC4EF178C906B6
:10BE60005CD501217171D6490968E031097C00294E
:10BE700021D008A9087003980C90099510A80E907D
:10BE80000A970B930D940846F2F7E6FA3071307971
:10BE9000012843D001200006B0613069018A2046A4
:10BEA0008030026A1180018C30690182817A80229F
:10BEB000114381724CE104A92846FDF7E7F8A81C5C
:10BEC00001460A786B7910464A78120210438A7844
:10BED000C97812041043090608432978000249066C
:10BEE000C90F08431946AB792A7A1B021943EB792B
:10BEF00012061B04194311430902F1F795FF049937
:10BF000022689142C3D1059962689142BFD101284C
:10BF100006D0F078400602E049E19FE088E002D5D3
:10BF200000203071B6E70120307111E1A749C978CE
:10BF300009077DD5012600210922D2065160A049BA
:10BF40000968E031097C00292ED008A908700398FF
:10BF50000C90099510A80E900A970B930D94084623
:10BF6000F2F77AFA01469948017110A8F0F71BFE22
:10BF700001286DD0954E3079012869D03069009044
:10BF800006AB21462846F268FDF73AF98C490020B5
:10BF900009682031C8742046C030C17BB278914214
:10BFA00046D10821C173D3E00027089704A9284689
:10BFB0000997FDF76BF8A81C01460A7810464A78E5
:10BFC000120210438A78C978120410430906084304
:10BFD000297800024906C90F084308906A79297A2E
:10BFE0001046AA79090612021043EA791204104396
:10BFF00008430002000A099008A8F0F7D4FD0128C0
:10C0000000D10026099801020898F1F70DFF0146BA
:10C010006E4801220271049A23689A4216D1059A49
:10C0200063689A4212D1012904D0C178090600E060
:10C030008EE00BD5C178890607D50699A268914292
:10C0400004D10799E268914200D10771002E91D185
:10C05000A420015B5D480069018279E05B4A8B891D
:10C06000A021095B89B28B4201D101219171232169
:10C07000490141188979524D012969D1112189015C
:10C080004218927DFF2A63D037214A431218FF32AB
:10C0900041320394507B002836D11321C9012E6808
:10C0A00013787618B76806462A36BB552E68521C98
:10C0B0007618B76806465236BB552E687618B768AC
:10C0C00006467A36BB552E687618B7680646A236FD
:10C0D000401CC0B2BB550628E1D328684022401856
:10C0E000816820310B7A13430B72816840310B7CDD
:10C0F00013430B74816860310B7E13430B768068A9
:10C10000A0300178114301700398007E012819D1F5
:10C110001121286889014118897D37225143091866
:10C12000FF202F30405C00280CD10398FF31406B7A
:10C1300048310830F6F740F803988022406B0178C8
:10C140001143017023212A68002049015118887188
:10C150001E480369997A090629D51D8A224680322C
:10C16000918C89B28D4222D12F21158A095DD97215
:10C1700000210923DB065960FF23691E55339942CC
:10C1800000D81182002D04D1012181618078FBF754
:10C1900067FF0B484921006849014018407E00288C
:10C1A00002D0012003F09EF90120FBF769FB07484C
:10C1B0008068400302D5204601F020FD15B0F0BD97
:10C1C000A4030020580800003C0900005803002088
:10C1D000F0B5FF48FF49006801254418FD21C9005A
:10C1E0004318FD49ED0308468A68C06883B0AA4237
:10C1F00004D0856AAE7AEE273E40AE72D7010026A3
:10C200000125002F52DA570336D4570104D50922ED
:10C21000D20656600D7021E0570012D5C278521E2A
:10C220001206120EC27003D10922D20656600D709A
:10C230004279170612D55206520E42718269426146
:10C240000CE0E64F3A4203D0222215558269426142
:10C250000279C27042795206520E42710927FF06D6
:10C26000DB6B3A699A1A130201221B0AD205934228
:10C270001CD90D707E6019E00A699389012252076A
:10C280009B185B889A18436B93420AD19278142AC0
:10C2900007D1024640321346127FDF273A402A4335
:10C2A0001A7701220369D20393430361CA498B6859
:10C2B000590213D5C8490A69978901225207BF1844
:10C2C0007F88BA184A61416B914207D191780D2954
:10C2D00004D101220169120491430161002B6FDA3C
:10C2E000B42109594A8801214907BB4F5118F96106
:10C2F0000921C9064969C90DC90707D009207D7000
:10C30000C00646603D70B648B861E4E0008A80042B
:10C310000AD5FCF777FD01282FD01C22F96948784F
:10C32000024201D0001F4870AB49C869C968027851
:10C330008B6A5F8801235B07FB181B781343DB06BE
:10C3400004D4A54B1D700923DB065E60D24392071F
:10C3500015D00869A04FC00377D5FCF753FD01281D
:10C3600074D01F20F969497808426ED009207D7089
:10C37000C00646603D709A48ACE0FC22CEE7877864
:10C3800043783A469C461A2F72D2964B9A5CFF2A03
:10C390006ED062456CD1042F13D0052F16D0062F16
:10C3A0002BD0022F32D00D2F37D00A69D3033BD5C3
:10C3B000894809214570C9064E600570884931E0F9
:10C3C00089E0894A08691043086184E08249086964
:10C3D00006704671467086718670C671C6700672A8
:10C3E000802202714672C96801230A695B021A43FE
:10C3F0000A61C17D0822114334E041230A699B028E
:10C400009A430A610121744889030BE0496B724821
:10C410000D60C068272141715DE06F48012281698C
:10C42000D2051143816156E00B2F10D00E2F1BD087
:10C43000092F1ED00C2F20D002466C4B394600200D
:10C44000E8F74EF8002846D12CE03BE038E0684B96
:10C4500061481A430523DB029A430A610069C17DE2
:10C46000F7221140C17536E0102002430A6132E024
:10C4700020E0012109035848D4E797070423002F3F
:10C4800007DA554FBB6102239A430823CE273B5559
:10C4900000E01A432A430A610522C01C2C31FCF734
:10C4A00053FB18E04C480822C06801691143016140
:10C4B000C77110E00869082210430861CF710AE0D3
:10C4C000FF204FE72146FB683A69F869F0F770FBF7
:10C4D000B9690843B861404AD0681169076A8B8915
:10C4E000012149075B1800935B88591800235161AB
:10C4F0000193926811239B041A421ED153011CD44C
:10C50000436B8B4201D0012300E000230293884259
:10C5100001D0012300E000239C46002F0DD0029B98
:10C52000002B0AD06346002B07D0FB7CDB0904D02C
:10C530003B68002B01D001230193520202D4019ADF
:10C54000002A72D04279930701D5002F17D05208E4
:10C550005200436B8B422BD14271D2060BD51E4A3F
:10C5600055700922D20656601B4A224B15709269FB
:10C570001A43194B9A618978152903D04AE02A4356
:10C580004271E6E7014640318C460A46097FFD23A9
:10C59000194011770A073DD50F4A012392695B06BE
:10C5A0001A430D4B9A61F72211406246117731E030
:10C5B00081422FD03A8ABB7C0021D2183A827A6914
:10C5C000BA61BE743A8AFB889A4217D2FB7C13E0A8
:10C5D000A4030020580800005803002000004080F9
:10C5E00008801000742B0610000101007003002069
:10C5F0008054010008800100DB0902D03F6820213F
:10C6000004E0D20602D1BA691268BA619F4A9369FE
:10C610001943916101690291002101914179C90792
:10C6200004D09A49406B48612EE048E0002F06D0C4
:10C63000FFF7D6FB002802D1029840050FD593489A
:10C64000C16841618068002802DB1120088000E099
:10C650000D8001220869D2031043086114E0012013
:10C6600001908B49387C096809221202C00689189A
:10C67000C00E496F801C854A40185061009948805F
:10C680003946D068FCF77CFB804F8121F86889012E
:10C69000006908420AD0FCF7B5FB01280AD01F2226
:10C6A00079694878024201D0001D4870019800283D
:10C6B00002D004E0FF22F3E70099B88A4880734F64
:10C6C00021463B69FA68F86901F010FA38780128C8
:10C6D0007ED13B46D8681B69417980229A720389D2
:10C6E0004022125A5B1C0381234620339F7852005C
:10C6F000002F02D14769BF1A476100269E70836AE6
:10C700009E7A11273E439E722646604BC036B77B09
:10C710009B789F4209D173899A1A728105D55B4A29
:10C720005C4F557093693B4393614369574A002BB3
:10C7300004DC5570584F93693B4393618B060AD5CF
:10C740004B0705D45570554B91691943916102E02F
:10C75000FB23194041710179C1708179C90742D029
:10C7600027464037798E0089081A012180B2C90313
:10C77000884205D345484A4A45708169114331E0F2
:10C78000002830D1474800884007400FFBF7B6FB30
:10C7900000903E484022C068817949084900817173
:10C7A000317A4908490031729C21095B1152FA8D96
:10C7B000798D1205120C944682898A4205D18369CB
:10C7C000634502D1009A002A07D0304A402600E093
:10C7D0005AE093693343936101E00822B273818187
:10C7E000F98D0901816129482F4FC1688A79930722
:10C7F00028D576231B5B0E899B1B01269BB2F60373
:10C80000B34205D34570264A8169114381611CE01A
:10C81000002B17D1FD231A408A7180220169125919
:10C8200021310A70130A4B70130C8B70120ECA70F0
:10C8300060340169A27E20314A710122816952056A
:10C84000114381614178002912D0C06800218170B4
:10C850000920C0064160134800884007400FFBF7DD
:10C86000FFFB0B480168C819407E002806D108E08C
:10C8700007480168C819407E002802D0012002F054
:10C8800031FE0120FAF7FCFF03B0F0BD5803002091
:10C89000A4030020088040000880040008800200F3
:10C8A00008800800C000002020090000F0B5FF4803
:10C8B00085B00168FE480C18FE4EB168C8017DD5F0
:10C8C000204680300090806B827AEE231A4082727C
:10C8D00030464A030125C068002A42DB4A0105D5DB
:10C8E00000200921C9064860357036E04A0012D59B
:10C8F000C178491E0906090EC17003D10922D2066A
:10C900005160357041790A0627D54906490E4171B3
:10C910008169416121E0E84A11420AD02246203271
:10C920009570490202D50321917000E095708169EC
:10C93000416101792246C17040329179002908D0C5
:10C940000921C9068968A16400210223E164937763
:10C95000A16541794906490E4171002046210855DB
:10C9600043E031698A890121490752185288436B93
:10C970005218934213D19378142B03D09278042A3F
:10C9800008D00CE0034640331A7FDF273A402A43A1
:10C990001A7704E0012302699B021A430261806A4C
:10C9A000408840187D210078095D0843C00606D400
:10C9B000002009213570C906486010E07CE2606DF6
:10C9C00001F0E8FE01460920C0060269236DD21A73
:10C9D0001202120A914202D2357000214160F068C1
:10C9E00001220169D20391430161B168480213D564
:10C9F0003069808901225207801840888018706150
:10CA0000F268536B834207D180780D2804D141230B
:10CA100010699B0298431061002948DA0098806BE6
:10CA2000418801204007A34F0818F8610920C0067B
:10CA30004069C00DC00707D0002009217D70C906DC
:10CA400048603D709D48F3E0F86841210069490164
:10CA500008420AD0FCF7D6F9012829D01C22F8692F
:10CA600041780A4201D0091F4170F8697D2201789E
:10CA70001155C94389071DD0F8680069C00370D5F6
:10CA8000FCF7C0F901286DD01F20F96949780842E8
:10CA900067D0002009217D70C90648603D70874835
:10CAA000B861F8680121026909048A430261C0E0A3
:10CAB000FC22D4E7867841781A2E76D2804A925D9D
:10CAC000FF2A72D08A4270D1022E15D0F9684A79B5
:10CAD000D2065BD4062E16D00A69D30328D50022CD
:10CAE00009237D70DB065A603D70744ABA610120EB
:10CAF0000A69000482435CE0F868406B0560F968ED
:10CB00002320487195E00122B86992031043B8616F
:10CB10006C4A0869104015225202104308612046F1
:10CB2000C030C17BBA78914230D10821C17380E016
:10CB3000002E18D0012E2AD0032E2DD00A2E35D04B
:10CB40000B2E38D0082E39D0092E3AD00C2E3BD0DF
:10CB500002465D4B31460120E7F7C2FC002868D150
:10CB60004BE05DE05AE00A463E46214605F005FCF2
:10CB7000F0698179C07900020843544940024018A5
:10CB80005349896A814200D80846606551E00A46E7
:10CB9000214605F0DBFB4CE0BB6980263343412096
:10CBA00000040243BB610A6143E028E08920C00120
:10CBB00005E00A613DE047480240FAE710200243E1
:10CBC000F7E70121090327E03B4697070426002FDA
:10CBD00008DA9F6937439F6102239A430823CF26CF
:10CBE000335502E0D30700D132432A430A610522BC
:10CBF000C01C2C31FBF7A8FF1BE0072E06D0F868FD
:10CC00000822016911430161C67112E0F969C9780E
:10CC10000E290ED101218906B9610AE0FF2034E70F
:10CC20002146FB683A69F869EFF7C2FFB969084322
:10CC3000B861204BD8681969066A0F8A0122520729
:10CC4000BF1801977F88BA1800275A6102979B681E
:10CC50001127BF043B421ED15F011CD4476B974292
:10CC600001D0012700E000270397904201D001275F
:10CC700000E00027BC46002E0DD0039F002F0AD0F5
:10CC80006746002F07D0F77CFF0904D03768002FD4
:10CC900001D0012702975B0202D4029B002B78D0BF
:10CCA00043799F0701D5002E20D015E0A403002072
:10CCB00058080000580300200000408008001000C1
:10CCC000742B0610DFFBFEFF700300209AFDFFFFB0
:10CCD000640D0020BFFFFEFF5B085B00476B9742BF
:10CCE00043D143719378042B05D016E02B431F46A4
:10CCF0002F434771F2E72346C033DF7B082F05D16E
:10CD0000DC4FBF78DF737D277F029F81D94B0127DE
:10CD10009B69FF063B43D74FBB614379DB060CD5CC
:10CD2000D44B09275D700023FF067B60D14BD24FA7
:10CD30001D709B693B43CF4FBB619278152A32D15E
:10CD4000074640373A7FFD231A40BC463A7713071F
:10CD500029D5C84B01279B697F063B43C54FBB6163
:10CD6000F7231A4063461A771DE082421BD0338AAC
:10CD7000B77C0022DB1933827369B361B274338AE2
:10CD8000F788BB4202D2F77CFF0903D03668202225
:10CD900005E068E0DB0602D1B3691B68B361B54BFF
:10CDA0009F693A439A6142790027D20717D0B14A66
:10CDB000436B53619A78052A3BD1026920231A43B9
:10CDC0000261002008704871487088718870C871CD
:10CDD000C8700872087148728020487229E0002EDD
:10CDE0000AD0FEF7FDFF002806D1A2483322C16811
:10CDF00052010969114209D09E490122C86848615F
:10CE000005800169D2031143016112E09B4A317C24
:10CE1000126809231B02C906D218C90E526F0127D6
:10CE2000891C89184161019A51803146C068FBF71D
:10CE3000A7FF904E2121F0688901006908420AD0BD
:10CE4000FBF7E0FF012809D01F22716948780242F0
:10CE500001D0001D4870002F02D004E0FF22F4E74B
:10CE60000199B08A4880834EF26810694106890FA3
:10CE700013D080063178C00F012902D0B168490370
:10CE80001CD5002804D03069C17D0823194303E074
:10CE90003069C17DF7231940C17521463369F069B6
:10CEA00000F024FE307801280BD000997448896B7B
:10CEB0000322091D02F00EFB05B0F0BD0028E7D1EA
:10CEC000E1E76C480121C26800695379C67A01968E
:10CED0002026365C0027877220462030029080781A
:10CEE00003281CD197796348002F18D19F06BF0FE4
:10CEF00015D1624F3F682037FF7C002F0FD1176A92
:10CF0000002F0CD1CF273F5D8078874207D09089D2
:10CF1000411C7043019E89B2801980B2019040206B
:10CF2000805A168940004843711811810299897806
:10CF3000002902D15169091A51610099896B8E7AD1
:10CF400011273E438E7226464A49C036F77B8978C0
:10CF50008F420AD1B189091AB1810FD54549494F8C
:10CF60004D708E693E438E6108E056694149002E3E
:10CF700004DC4D70444F8E693E438E61990605D5A1
:10CF80003C49424E4D708B6933438B611179274682
:10CF9000D1704037BD71E16C80B20818E0649079BF
:10CFA000FB210840334E9071C00717D0B88E11890D
:10CFB000401A012180B2C903884205D375703449F3
:10CFC000B0690843B06109E0002807D101230021BE
:10CFD0002046EFF737FEB1690843B061F068817908
:10CFE0008A0723D53A8F0389D21A521C012392B2A1
:10CFF000DB039A4205D375702549B0690843B061D7
:10D0000014E0002A12D1FD2211408171306900998B
:10D010002130496801700A0A42700A0C8270090EB8
:10D02000C17060343069E17E20304171019801F0B7
:10D0300063FC3169C87202980027877070780028F5
:10D0400002D0B078FBF70CF80C4C582120680D5436
:10D05000492149014018407E002802D0012002F0F9
:10D0600041FA0120FAF70CFC20684030077605B041
:10D07000F0BD00005803002008000100A4030020B8
:10D08000FA00300008804000080004000800020098
:10D0900008000800FFB506468DB050890690F94893
:10D0A0000921006809020A904018806E14460C900D
:10D0B00052792046403051061D460B90002901DB75
:10D0C000E8076FD0002008900B9800880190A08995
:10D0D000A1698446A0784007400F05282FD0032877
:10D0E0002DD001200990BF20024062710E9FEA07F7
:10D0F000384640301037002A09D03C2108910021E1
:10D100000E9F0691019181838C46818008373922D8
:10D110000A9B52019B185A79920612D5DA79920726
:10D120000FD58088019B6246019203900093029183
:10D130003946069B089A0998F1F7D6FC32E00020A0
:10D14000D0E700790903090C6246019B0293039220
:10D1500004910590786801970002000E00900A98EB
:10D16000A0300079C00701D0002000E010208030FE
:10D17000099B069A0899FCF76FFDE8070899C00F0C
:10D1800008430FD178680622C003C10FBE4800686B
:10D19000816339463930F0F78CF8BB480068383085
:10D1A000EFF7E2FC0E9F28070122C037002872DA51
:10D1B00020698446E80301D5162017E0A80301D5AD
:10D1C000132013E0280301D528200FE0E80201D541
:10D1D0003D200BE0680201D5222007E0680334D52A
:10D1E0006079000601D4082000E03E200290B87B60
:10D1F000602148430C994018A04201D10820B8731F
:10D20000F87B602148430C994018A04201D10820C6
:10D21000F8739E48008843079A485B0F00680146F0
:10D2200040314F7B9A4097434F73052261469202EB
:10D23000114220D029041ED5218A49040ED5A030E0
:10D240000079C00703D0002002E01F20CEE71020A5
:10D250008030069A0299FCF7D1FA0CE0A0300079F0
:10D26000C00701D0002000E0102000238030069A83
:10D270000299FCF783FA206A002801D0E5F726FE20
:10D280000020206260627F48A4210068095CC90711
:10D2900002D0002501E039E010250299069F022303
:10D2A00080350791E90603D50222BF210D4006E033
:10D2B000072109024118897FC90614D500222907D0
:10D2C000890E09180120C0020818C06C2946F5F71C
:10D2D00081FE010007D000220A71CF80079A0A72EE
:10D2E0002846F5F763FE20463830EFF74DFC00275F
:10D2F0002761E0693D46002807D0828806998A4266
:10D3000003D10121F0F758FAE76187E1680621D5DA
:10D31000A0784007400F052801D1A1696161002173
:10D3200005280CD0208BA2890004000D01900092EA
:10D330000B98069A03888020FCF70CFD6EE1606B69
:10D340004389028901930092C3888020069AFCF7E2
:10D3500001FD6AE0680723D5802004904948072131
:10D36000006809024118C97F0223069F0907CCD52E
:10D37000990240180C22C06C0499F5F72BFE0100AD
:10D38000C3D08F80F2788A713379727912021A438E
:10D390000A81B379F27912021A434A8104983BE177
:10D3A0002805800F06D00E98694631C1684600F006
:10D3B0009FFA33E1364805423DD0E80401D500200C
:10D3C00000E01A20079006980290F01C8021089037
:10D3D00005912C4839210068490141184A790323F5
:10D3E00092061AD58979090717D50121C902401873
:10D3F0000E22C06C0599F5F7EDFD019000280CD0C8
:10D40000079901710299C180082208300899EFF745
:10D4100050FF01990598F5F7C9FDA0784007400F26
:10D42000052802D0022803D0F8E00820B873F5E000
:10D430000820F873F2E068042CD5208A40041148D3
:10D4400000680CD5A0300079C00701D0002000E0B2
:10D45000102000218030069AFCF7D0F90CE0A030B3
:10D460000079C00701D0002000E010200123002136
:10D470008030069AFCF782F9A0784007400F052813
:10D48000D3D0CBE0A403002064030020C000002020
:10D490000010000428021ED5208A00051AD59348E2
:10D4A000F1780068A0300079C00701D0002000E0CA
:10D4B000102000238030069AFCF760F9A07840071E
:10D4C000400F052801D10820B87343212069890243
:10D4D00088432061A2E00E992A0680318448019198
:10D4E000002A26DA02A9334607910D337F490093BB
:10D4F0000968169F09180822F01C2637FBF724FB41
:10D50000F17A307B0822000208430199C883079909
:10D510000098FBF719FB009B042218463946083097
:10D52000FBF712FB01980299C1630198039901640A
:10D5300074E029013CD56D49A4220968525CD207E8
:10D5400001D0002700E0102708180390019803235A
:10D55000C08B80370590F80603D50622BF20074010
:10D5600009E03920400108184279920656D58079A1
:10D57000C00653D504223807800E41180120C0028E
:10D580000818C06C3946F5F725FD0190002845D0F4
:10D59000001D02900699018002980822801C0399C0
:10D5A000EFF787FE0298059941813846019933E0EB
:10D5B000A80200D539E7A80130D5802001900B984A
:10D5C000069F408902900B983921008B07900B9899
:10D5D0004901C08906900B980323408B049043486F
:10D5E000006841184A79920618D58979490615D5F7
:10D5F0000121C90240180622C06C0199F5F7EAFC26
:10D6000001000BD08F80029ACA80079A0A81069A7D
:10D610004A81049A8A810198F5F7C8FCA8060AD5C0
:10D62000206A0168216200210160226A002A00D17B
:10D630006162E5F74BFCE8061AD5FBF7E3FB01282E
:10D6400052D01F277078B11C0740E0693A468068C5
:10D65000EFF7B6FBE069C780E06900270760307824
:10D66000E1698007800F0873E069E5F7DFFBE76198
:10D67000E80137D51698C189012040070918498863
:10D68000081801784906CD0F06A9FBF78BFDA120EC
:10D690000090A67B069808900798099013483921B6
:10D6A000006849014118497E0223C9071AD099022E
:10D6B000001D40180F22C06C0099F5F78BFC040088
:10D6C00010D02671271D6571042208A9A01DEFF74F
:10D6D000F0FD042209A9B81DEFF7EBFD21460098E3
:10D6E000F5F764FC11B0F0BDFF27ABE7A403002001
:10D6F0009C090000F0B58FB0076841680A9179492C
:10D70000794A0968008989180B9101210991002142
:10D710000891400514D50B988469C6692078617B0F
:10D7200005072D0F8909012903D1C00901D0012066
:10D7300000E000200890022D0CD9062D08D109E048
:10D740000B983C6B066A207805072D0F042D01D03D
:10D7500000200990E0798009012804D12078400652
:10D7600001D5012100E0002160480170E020C05D8A
:10D7700000283DD0012086460020844630781321C1
:10D7800000901DE000200D9042182318B25C9B7899
:10D790009A4201D001220D92401CC0B20628F3D358
:10D7A0007046002804D00D98002801D0012000E028
:10D7B00000208646891F6046401CC0B2C9B284461C
:10D7C00000988445DED3704600287AD00098401C2B
:10D7D000C0B2042800D9042030701222711CF01D40
:10D7E000FBF7B2F9314606221331A01CFBF7ACF966
:10D7F000062D02D0022D02D002E0022500E0032512
:10D8000020784006C00F0490012D0AD06078801F58
:10D81000C606F60E3348F0210068095C012914D0D1
:10D820002FE0002669462046FBF730FC2D480068B3
:10D83000E030007C0028EDD10098396888424FD153
:10D840000198796888424BD11BE011218901411868
:10D850000A7DFF2A15D025490B78012B01D102231F
:10D860004B7037235A431218FF320132927E4978A7
:10D87000D2001018232252018018007B4018C0B239
:10D880000490099800282BD00A982037807B0296B4
:10D890000094019038792A46049B0899F1F718F80A
:10D8A00000281DD10A982146807B029008310D483E
:10D8B000009601910068A0300079C00702D00020D6
:10D8C00001E00DE01020A1210843A31C2946049A81
:10D8D000FCF708F9002803D00B980021006A0170BA
:10D8E0000FB0F0BDA40300203C090000A0030020FD
:10D8F00010B5FFF7FFFE10BDFEB550791569800722
:10D90000566B1F461446800F0DD1A8050CD501207B
:10D9100040028543000105436C4830606079012175
:10D92000084360711561FEBD280609D55120C0016C
:10D930008543E80401D4402005436548256198E00B
:10D94000E80439D5ECF7C1F80090ECF7BEF8019087
:10D95000ECF7BBF80290012000038543032080020E
:10D96000054325616079012108436071606B394688
:10D970002E3110220C30FBF7E7F82637029838706A
:10D98000010A7970010CB970000EF87051483060CE
:10D99000616B0822081DC91CFBF7D6F8616B0222D7
:10D9A00008461C300B31FBF7CFF8616B0C22684640
:10D9B0000D31FBF7C9F8FEBD680235D5ECF785F8E7
:10D9C0000190ECF782F80090ECF77FF8014601AA8D
:10D9D00000203D1813782035AB72401CC0B2521C99
:10D9E0000428F6D300983C4A00068018306000985E
:10D9F0000A06000A1043706001980A0A03061A43D7
:10DA0000000AB260F0603548009A03681320C00134
:10DA100018184262816260790121084360712069AF
:10DA2000890588432061FEBD6805FCD4680716D5CA
:10DA300021462031487C00280DD1294830602748F4
:10DA400000688030408C00043030706062790120C2
:10DA5000024362714874042085432561FEBD280796
:10DA6000082700280BDAE079BD431E49000640185C
:10DA7000256130606079012108435071FEBDE806E0
:10DA800010D5102085432561FBF7BCF916494007E6
:10DA90004018306000207060B06060790121084358
:10DAA0006071FEBD6803FCD51046ECF7EEFF002860
:10DAB00004D020464030017F3943017701208004A3
:10DAC000854325616089EEF729F9FEBD0301060053
:10DAD00003010B0003170300130D0400A40300202F
:10DAE00003060C0B0302070003090909FFB51569BA
:10DAF0001E46A8032E3689B01C461746002833DA86
:10DB0000102269463046FBF71FF80924E406039803
:10DB1000A0610298E0610198206200986062354837
:10DB200001681320C0010818816AA162406AE0629E
:10DB30000A988030016C2163C06B606304F053FC71
:10DB4000A06B0390E06B02902B4801680191406844
:10DB50000090102231466846FAF7F6FF0120400493
:10DB600085433D610DB0F0BDE8053CD505A80146F3
:10DB7000009010223046FAF7E7FFFF20013085437E
:10DB80004120800205433D610998082201A9C01C7B
:10DB9000FAF7DAFF0998214604222A310B30FAF706
:10DBA000D3FF154805A92838FBF7D0F80924E40667
:10DBB0000298A0620198E062786B082203A90D30F8
:10DBC000FAF7C2FF049820630398606304F00BFC2B
:10DBD000094905A80839FBF7B9F810223146009821
:10DBE000FAF7B2FFBEE7A07A0006BBD40A9800F0AD
:10DBF00005F8B7E7A40300204000004810B504462C
:10DC00008034606C002803D0FBF700F900206064CA
:10DC100010BD0000F0B599B001200E90FD48FE49FE
:10DC20000068FF4E4518FD21C9004418FB494718FC
:10DC30000121109100210F910497F949B2680969F7
:10DC4000D30116D5530314D5B8680A8A80B282422C
:10DC50000DD10091386A00232946F268FBF71EFCBB
:10DC6000C035A87BB178884201D10820A87319B0CB
:10DC7000F0BD002A7EDACA8901235B07D2185288D8
:10DC8000D6182A4620320D92D278022A73D03378E1
:10DC90001B071B0F1193012A05D1022B03D0012B67
:10DCA00001D0042B54D101220F9200228A72FA680B
:10DCB0004A82FA68927AE36B94460922D206126984
:10DCC0009A1A130201221B0AD205934238D9002264
:10DCD0000923DB065A60049A9446D268927A492353
:10DCE0005B01C0180790807E00280BD0604601239E
:10DCF000C0681A438272C87A84462438C0B20328A6
:10DD000006D006E0112002436046C06882721CE023
:10DD10000020079A0123927E83401A42049209D17F
:10DD2000401CC0B2032800D100200123049A834084
:10DD30001A4202D02530C0B284466046C87204E060
:10DD40006046EE210840F96888722846FFF756FFC2
:10DD5000B048F0210068095C002905D12321490160
:10DD60004118097A002922D01321C901401880687E
:10DD7000002101E06AE22CE16A461173059016A8C1
:10DD80000690049614A809900797089503A8F0F741
:10DD900063FBA3490871A248007901287ED011983D
:10DDA00004280D98C0787AD0012879D0FBE030782B
:10DDB0000AA90007000F09903046FBF7F3F904A900
:10DDC0003046FBF763F9B01C01460A7810464A78E2
:10DDD000120210438A78C9781204104309060843D6
:10DDE000317800024906C90F084306907279317AEA
:10DDF0001046B279090612021043F2791204104358
:10DE000008430002000A010207900698F0F70CF898
:10DE10000146834A002010710998032804D0052880
:10DE200002D0012804D00BE07D4A0120107107E0E8
:10DE300004982A689042F7D105986A689042F3D115
:10DE40000D980079002804D0002902D174490120DE
:10DE50000871099804289ED16E4801681320C001FA
:10DE600008188068082142181378194653781B0255
:10DE700019439378D2781B041943120611430B02FD
:10DE80000178C01CC9090B43082141180A781046C3
:10DE90004A78120210438A78120402E0ACE192E060
:10DEA00010E0C97810430906084300020699000AE9
:10DEB000994203D10799814200D16CE7584901206A
:10DEC0000871C0E10AA93046FBF76CF951481323E9
:10DED0000168DB01C81880680B9A0178D2034906F3
:10DEE000D20F490ED201114301704A48062201683F
:10DEF000C81881680AA80831FAF726FE4548F021BB
:10DF00000068095C012905D0232149014118097ADB
:10DF1000002927D011239B01C118097DFF2921D099
:10DF2000372251430918FF314131497B012919D06A
:10DF30001321C90140188068402302781A430270F7
:10DF4000344811220068920182184118127D37234B
:10DF50005A4310188968FF3006224130891CFAF7AD
:10DF6000F3FD20E01323DB01C0188068BF22017895
:10DF700011406A68D203D20F920111430170254803
:10DF80000168C818816828688870020ACA70020C83
:10DF90000A71000E48711F480168C8188168A88876
:10DFA0008871000AC87101211D48890281610D989C
:10DFB000C07801287ED1119802287BD0012879D021
:10DFC00000201090A0E0012875D1C10214488161A1
:10DFD00039E1F021095C002905D1232149014018CC
:10DFE000007A00281ED001206946087300200590A1
:10DFF00016A80690049614A809900797089503A8F8
:10E00000F0F72AFA0649087114A8EEF7CCFD0128AA
:10E0100078D079E0A4030020580800003C090000F3
:10E0200058030020307806A90207120F30461392D9
:10E03000FBF7B8F804A93046FBF728F8B01C0146F6
:10E040000A7810464A78120210438A78C978120476
:10E05000104309060843317800024906C90F0843F6
:10E0600008907279317A1046B2790906120210438B
:10E07000F2791204104308430002000A01020990D9
:10E080000898EFF7D1FE844638697969AB4B0022D6
:10E090001A71139A032A15D0042A13D0052A11D015
:10E0A000022A0FD0062A0DD00D9A1279002A0CD020
:10E0B000604601E028E02BE000280CD013980128EE
:10E0C0000CD017E001221A71EEE7069A824202D1C3
:10E0D00007988842F2D001201871EFE70498296868
:10E0E000884203D105986968884203D001201871DD
:10E0F000A9E007E0187901287ED008A8EEF753FDC3
:10E10000012801D100200E908C480079012874D09C
:10E110000D98C078022870D10E9800286DD0B8688C
:10E12000864909690882386A0590801C0490092094
:10E13000C006216C8068081A000207128048006837
:10E14000806A0390874209DAA06900F023FBC719AF
:10E15000208C401C208403988742F5DB384603F06E
:10E160008BFEC001040C059880210078744A430698
:10E1700030785B0E4000084003430598F02103709F
:10E180001068095C012905D0232149014118097A49
:10E1900000293BD01121890147187F7DFF2F19D01D
:10E1A000372257433818FF304130407B012811D0C7
:10E1B0004020034305980370614800684118497D79
:10E1C000514308180599FF3006224130891CFAF79F
:10E1D000BBFC1BE00498296801700A0A42700A0C13
:10E1E0008270090EC1700499A8880871000A4871EC
:10E1F0000598BF21007801E025E021E0084069682A
:10E20000C903C90F89010843059908700AA9304656
:10E21000FAF7C8FF05980A9901720A0A42720A0CB5
:10E220008272090EC1720B990173090A41738475D8
:10E23000210AC1750A9828610B98686119B0F0BD70
:10E2400010980028FAD00F98002845D13B480021AB
:10E2500002699172F8685082F868817A0920C006D4
:10E26000E36B06699B1B1E020123360ADB059E42F7
:10E2700038D9002141603248036832481818C16813
:10E28000897A492676019B199E7E002E0AD00126A6
:10E29000C06831438172D07A01462439C9B203295A
:10E2A00005D005E01122C0681143817211E0002100
:10E2B0009B7E37468E40334208D1491CC9B20329A0
:10E2C00000D100213E468E40334201D02531C8B2F4
:10E2D000D0722846FFF792FC0925ED0668680028F1
:10E2E00004D011E0EE200140F868DEE71448016830
:10E2F000492040010818407E002802D0012001F08A
:10E30000F1F80120F9F7BCFA206C29690126401ABE
:10E310000002000AF605B04290D3A06900F03AFA74
:10E32000216C40182064218C491C21842969401AE1
:10E330000002000AB042F0D219B0F0BD580300202C
:10E34000A40300203C0900000A480B49006840185B
:10E350000921C9060A69026500228030406A82727A
:10E360000868002804DA0548C1680889401C08814B
:10E3700070470000A4030020580800005803002044
:10E3800010B51648164900684418A4200059817A2F
:10E39000490849008172FAF735FD012814D0FF20A1
:10E3A000013000F0F7F9216D40180002000A2065E5
:10E3B0000121490640180921C90648600948C16879
:10E3C0000889401C088110BDE06C00F0E3F9216D64
:10E3D00040180002000A2065EAE70000A4030020BC
:10E3E000580800005803002010B500200921C90674
:10E3F000486007484921006849014018407E0028CC
:10E4000002D0012001F06EF80120F9F739FA10BDB1
:10E41000A403002001784078000208437047017887
:10E4200040780002084370470178427813028278EE
:10E43000C07812040006104318430843704701785F
:10E44000427813028278C078120400061043184301
:10E45000084370470178427813028278C07812042A
:10E4600000061043184308437047017842781302AE
:10E470008278C0781204000610431843084370479E
:10E48000F8B51C4615460E460746FAF7BBFC0028B1
:10E4900005D0FDF755FC002803D00C20F8BD112055
:10E4A000F8BD1249124A0968002089183A461B3AF9
:10E4B000E12A00D330203346FF3B0E4A493B9342CA
:10E4C00000D330202B461B3BE12B00D330202346CA
:10E4D000FF3B493B934200D3302072B6C0318F825C
:10E4E000CE820D834C8362B6F8BD0000A4030020E9
:10E4F000580800000107000010B5FFF7C1FF10BD6C
:10E5000070B5049E069D059C017102804380867152
:10E510004471002901D0012912D10B48121F8242F7
:10E520000ED21B1F83420BD2002C05D0012C03D02E
:10E53000022C01D0032C03D1012D03D0002D01D0DA
:10E54000422070BD002070BDFD3F0000F3B58DB0CE
:10E55000044600206946088308840990E669A0689B
:10E56000F788FFF75CFF0790A068801CFFF757FF54
:10E570000590A068001DFFF752FF0090A068801D65
:10E58000FFF74DFF0546B06801220146037B0831C5
:10E590009202012B27D0172B67D02169480404D59C
:10E5A0004120099010018143216121880220F3F765
:10E5B000DDFF774913220968D201002089180882FB
:10E5C0000921206949038843206121880220099A92
:10E5D000F7F790F80121E069EFF7EEF80020E0612D
:10E5E00000200FB0F0BD052F17D041200990206901
:10E5F000410602D510432061F2E7002DD9D02188D1
:10E6000020220020EFF77CF8050074D0012021695A
:10E610008003014300222161B0E0407B18281ED016
:10E6200020694106E6D4002DC3D021882022002095
:10E63000EFF766F80500E8D0012021698003014367
:10E640002161002229462046E4F70BFD2846E7F722
:10E6500017FD218832460220F6F71CFEBAE7218812
:10E6600032460220F6F716FEA3E720694306C1D41E
:10E67000022208A8491DEEF71CFEB168022206A876
:10E680000F31EEF716FE7F1F0E98BFB2012807D19B
:10E6900060693B46411909223046EFF787F801903F
:10E6A000059841196846008B81420AD16846018C61
:10E6B0000798814205D10E9801281DD101980028A4
:10E6C0001AD0218820220020EFF71AF805005DD02B
:10E6D000218832460220F4F729F9012021698003BC
:10E6E00001432161002229462046E4F7BAFC28466E
:10E6F000E7F7C6FC5DE734E0E81985B2A068294673
:10E70000801DFDF7F9F90098218885422AD2202240
:10E710000020EEF7F5FF070038D06088401F81B277
:10E720000098401B80B2814200D208466169019086
:10E730004919009105983946401983B22046079A35
:10E74000E4F70BFD642808D03846E7F799FC2188E8
:10E7500032460220F4F7EAF83CE700213846EFF7AA
:10E760002BF813E020220020EEF7CAFF05000DD0A1
:10E77000218832460220F4F7D9F8012229462046A2
:10E78000E4F76FFC2846E7F77BFC23E7452028E702
:10E79000A40300200649C20B09684004096A400C22
:10E7A000CB0958435143000A0818203080097047AC
:10E7B000A403002092B0E5F75BFDE5F71FFD03F031
:10E7C000A7FB08A8EAF71CFE0124F2F7D1FE810797
:10E7D00001D5052406E0410701D5062402E0000723
:10E7E00000D507240898124D000CA84200D1082437
:10E7F0002046F4F7C5FB0898010CA94210D100216E
:10E80000119B109A06910791059304920CA91EC9B9
:10E81000009101A91CC109A90EC9C0B2F4F761FB9E
:10E82000E4F7AEFFE4F7BAFE03F01AFCF8E70000E5
:10E83000ECBC000001207047F0B52B48132402689F
:10E84000E4011019C0681121C901034651180C33A5
:10E85000CB670923054688671B021835D1180D6060
:10E860000C354D600C358D600C35CD600C350D616F
:10E870000C35CD630C350D640C354D6478308864EF
:10E8800000201419D21811E0D16F45014D196021F3
:10E8900041430F46966E3437F5510C254543E668E3
:10E8A000843575192831966E401C75500F498D7F3F
:10E8B0008542E9D80C4A002014681322D201A51819
:10E8C000E31807E02C680601A61944010834DF6E3E
:10E8D000401C3E518C7F8442F4D80348C9680068CC
:10E8E00080188161F0BD0000A4030020640D0020A9
:10E8F0004101401880097047054925224143090C10
:10E900005143401A80B2252800D32538C0B2704741
:10E91000EB0600000448FD210068C9004118A03042
:10E92000007B896C08547047A403002010B5054A89
:10E93000FD231268DB00D218936C5C5C1C54926C53
:10E94000505410BDA4030020F7B5074615462D48C6
:10E95000FD220168D2008E188AB00022AF600792B3
:10E960000292A031097B6A46117129700168B26C6C
:10E97000A031097B545C23E0706A6100405A800139
:10E980000090B06A405A0299800104900098411AA0
:10E990000520C0010391814201D3081A039005AB01
:10E9A0002A4601A90B9800F06DF8049900984118C7
:10E9B0000520C0010818029068460471B06C045D1F
:10E9C00010480068A030007BA042D5D10298391AC7
:10E9D0000520C0010391814201D2002000E0081A05
:10E9E000039005AB2A4601A90B9800F04BF8A868E4
:10E9F000381A03D00B99A9600DB0F0BD05AC0ECC50
:10EA00000EC5F9E7A4030020FEB586461C48016840
:10EA1000FD20C0000B180020A03101900C7B69463E
:10EA20000C70996C0A5D8C460521C90117E05D6A7E
:10EA300056009F6AAD5BBE5B019FAD01EF1BB60147
:10EA400002978F4201D37F1A0297874200D338463C
:10EA5000AD196D1801956D462A706546AA5C944201
:10EA6000E5D1019B7246D21A02928A4201D200215C
:10EA700000E0511A0291814200D30846FEBD000019
:10EA8000A4030020F0B58C689D68A54203D860C936
:10EA90002746E0C30839A04204D89068A04201D9B3
:10EAA0000BC90BC2F0BD0000F1B5194BFD21186870
:10EAB000C9000246363241189646A030027B886C67
:10EAC000805C0C462034A4461BE08D6C2C5C009EC0
:10EAD000B04212D06646B67E3607360F86420CD05C
:10EAE0007646367877077F0F874201D1360704D5FF
:10EAF00001260F7D86403E4201D1AC5400E0024623
:10EB000020461C68A034247B8442DED1F8BD00007E
:10EB1000A403002038B5184C184D2178012923D0C2
:10EB200002290FD0FF290CD1E21D6988FC32204652
:10EB300000F026F8A8800146E01D0122FC3000F01C
:10EB4000B1FB38BDA27861781007000D401821791B
:10EB5000E3780902C9188BB29106641D890F9209E6
:10EB60000094FCF747FF38BD6888401E81B2601CE6
:10EB700000F090FB38BD00000804002032030020A4
:10EB800010B5FF2301461370012454704B78002008
:10EB9000137150714978034601290AD004290DD018
:10EBA00005290DD053705471801C9070D370001DD6
:10EBB00010BD94710620D0710220F5E7EEF75CFBE2
:10EBC000024901480860F9E7010101013000002015
:10EBD000FFB581B094461C460E466A460020144993
:10EBE00097880A9B0125C2008A5ABA420FD1C000F9
:10EBF00040184768224661463046B84769468988CA
:10EC00000C4A914201D10C490D7005B0F0BD401C79
:10EC1000A428E8D3042020700F216170A070E57053
:10EC20002571022201A9601DEEF743FB0720ECE7E6
:10EC3000D0250610030C00004003002018B51C4925
:10EC40000922096812028A186023926E584312182A
:10EC500064206B4618700923DB066C462078401E42
:10EC60002070D868C00302D520780028F5D120781C
:10EC7000086D496D030C180A0002C9B20843D9B2E5
:10EC8000002801D00B2901D97F200EE0062359432B
:10EC90007F3901E04008891D1E28FBD8FF23A233DD
:10ECA0005843044BC018800A4018907318BD0000E8
:10ECB000A4030020A04600007FB51A4986B0096869
:10ECC000FD22D2008C1805460F9805A910AA04ABA6
:10ECD00000930292039101900EAB09AA00212846ED
:10ECE000F8F7EEF906001AD1606A6900405A80010F
:10ECF000FFF750FD21684518002020840E98A06180
:10ED00006846808AA083109860846846008AE08301
:10ED10000548FFF73FFD281A0002000A206430462C
:10ED20000AB070BDA403002035020000F0B507460C
:10ED300021488BB000681E46FD23099100250891EB
:10ED4000DB006946C4188D82900807920D83082F56
:10ED50000FD006A907AA05AB009302920391019078
:10ED600008AB09AA07213846F8F7AAF9010002D032
:10ED70001EE082211CE008986060A0616A46636A18
:10ED8000128B78001A52A36A079A1A52E26A155235
:10ED90006A46236B928A1A5207980C2801D2832163
:10EDA00002E0102800D91020044A50438008306047
:10EDB00008460BB0F0BD0000A40300207102000063
:10EDC000FFB5304F06468FB0FD223868D200189D3F
:10EDD0001A998418082E21D00591A030027B09A829
:10EDE000521CA16CEEF765FA07A812A906AA0092B8
:10EDF0000291039005AB019500213046199AF8F76E
:10EE00005FF905000CD0386809A9A030027BA06C1E
:10EE1000521CEEF74EFA284613B0F0BD4120FBE736
:10EE20006846858BA5811298E0816846008B6082D8
:10EE30000598A0608446206B7100405A109B421CCC
:10EE40005A43E36AAD015B5AD21892B2531CC01800
:10EE5000636A87B2595A00208E0161680B46794374
:10EE6000119F53437F08BE198E19E91802E0401C18
:10EE700080B26144B142FAD320821B98891B0160A1
:10EE80000020C9E7A403002010B50346521E985C79
:10EE90008C5C001B01D1002AF8D110BD10B5FAF727
:10EEA0008BF9082803D3FAF7FBF8082801D20120D0
:10EEB00010BD002010BD0000FFB5294E074689B0E7
:10EEC000FD213068C9004518264905AB07AA06A8E8
:10EED0006C4607910FC40CAB0BAA01213846F8F71A
:10EEE000EFF80090002838D10C98686069466A6A8B
:10EEF000898A78001152AA6A07991152EA6A002198
:10EF0000115269462A6B098B11520920326800029E
:10EF100012183C466023926E5C430021631DD1545D
:10EF200032680A991218926EA31CD15432680021DB
:10EF30001218926EC9430833D1523268002110185A
:10EF4000806E0F34015572B6297D0120B840084308
:10EF5000287562B6084602F061FE00980DB0F0BD5B
:10EF6000A403002070170000F0B5FFB0FFB085B01B
:10EF70000020009001900290534E039013203168BE
:10EF8000C00108180025C76A04952C460595384627
:10EF900000F036F9FC280ED0FE2812D000280CD044
:10EFA00013203168C0010818C06AE5F706FC7FB07D
:10EFB0007FB005B0F0BD641CE4B26D1C14370C2D9D
:10EFC000E5D32546042C00D90424281BC0B20690A2
:10EFD0003D48002701681320C0010818C66A0CE0EC
:10EFE000304600F00DF9FC2806D10698002816D00E
:10EFF000401EC0B206907F1C1436AF42F0D3324D93
:10F0000013262868F6018019C06AC001000CE5F7D4
:10F01000C5FD2868801900263546C76A4FE0049967
:10F0200050204143B3A8081801460890304600F02C
:10F03000D5F855210598C9000A1A04986946800038
:10F0400007900A50059A09A98B1869464218089832
:10F05000014640783E31C007C00F00F037F8002865
:10F0600007D0079900206A4650500498401C04902D
:10F07000C1E7079869460958059808180590F4E70C
:10F08000502029464143B3A809180022384604916C
:10F0900000F0C0F8A9006846059142581437002ACC
:10F0A00008D009A80499831948783E31C007C00FD9
:10F0B000F2F782FD05986946085886196D1CA5422D
:10F0C000DED3002073E70000A4030020FFB585B065
:10F0D00000F05EF8044607980026006803900C20B4
:10F0E0000290204600F08CF80546FE2835D0FC2D15
:10F0F00004D0002D02D0FA2009B0F0BD204600F067
:10F1000063F82249A200521813686A461F0A177052
:10F110001F0C57701B0E9370641CA20052181368CA
:10F120006A46D3701F0A17711B0C5371641CA2002E
:10F1300051180F68FC2D09D10599884206D1062285
:10F1400068460699EEF7B1F8002808D0B808041907
:10F150000298641C761C8642C3D35C20CCE70398DB
:10F16000874201D94820C7E707980025074E076066
:10F1700008E0641CA0008019016808984019FCF799
:10F18000DDFC2D1DBD42F4D30020B5E700000410C6
:10F19000044801681320C0010818C16A006B0818F0
:10F1A00070470000A4030020810010B505480C182A
:10F1B0002068010A09022046E5F708FD20680020C2
:10F1C00010BD0000000004100349800040180068D2
:10F1D000C007C00F7047000000000410F8B5074FCB
:10F1E0000E4604460025A000C01901687019FCF7FE
:10F1F000A5FC641C2D1D502DF5D3F8BD0000041096
:10F2000003498000401800680006400E4000704727
:10F2100000000410F7B5002450260546002A20D02F
:10F2200000270920C006016942685201520F032AD3
:10F230000ED042685201520F0AD04068401A0002B4
:10F24000000A02F019FE01461048814209D803E085
:10F25000FF20F530E5F748F97D20C0007F1C87428C
:10F26000DFDB01980019077841780B028178C078BC
:10F270000A0401061143194339432846E5F70AFFFA
:10F28000241D6D1CB442ECD30020FEBDCC04000054
:10F290000120704710B502460148F9F7A0FE10BDE5
:10F2A000340D002010B500F001F810BD70B5154602
:10F2B00002460B48F9F793FE00280FD0402D0DD2DF
:10F2C000074E012420363470B01DE2F7B5FFAC4084
:10F2D000E21711432043B21DE2F7C5FF70BD0000E5
:10F2E000240D0020134610B50207920F05D00A46E0
:10F2F00019460220F3F7FEFC10BD820605D50A462A
:10F3000019460220F3F778FA10BD820705D50A46A0
:10F3100019460220F3F7E8F910BDC007FCD00A46F1
:10F3200019460220F3F72CFC10BD0000F8B5054685
:10F330003E481E460068079F0024AE301346002951
:10F3400005D002222A7001226A70A9700324002EBF
:10F3500010D080788006800F0CD13019401C1F28F7
:10F3600054D82E55641C281932461946EDF7A1FFD2
:10F37000A019C4B2002F0DD03819401C1F2845D841
:10F380002F55641CE4B228193A460699EDF791FF0F
:10F39000E019C4B26846008C00281BD06846808CF7
:10F3A000002817D0601D1F2830D805202855641C60
:10F3B000E0B212212954401CC4B228190646022288
:10F3C00008A9EDF776FFB01C022209A9EDF771FF3D
:10F3D000241DE4B20C98002812D0E01C1F2815D878
:10F3E00002202855641CE0B20A212954401CC4B2F2
:10F3F0006846EBF783FE684600782855641CE4B243
:10F400000B9800280CD000191F2801D94220F8BD04
:10F4100028190B9A0A99EDF74CFF0B982018C4B2E3
:10F4200021462846ECF782FCF8BD0000A40300202A
:10F4300070B51A4A1A4CD37B2268002B11D01A4E91
:10F44000184B8009CDB2584375430B0A2D0A7343FC
:10F4500010355B19154D80305B09000A6943090CB2
:10F4600004E0192312481B04FF21E931114D1186D4
:10F4700069805362106209482038008EFFF78AF9CC
:10F48000E914884200D3481E40052168000E20314F
:10F4900008752988090700D4687270BD840D0020A2
:10F4A000A403002053070000F6BC08005505000027
:10F4B000C2F52800C00000201FB5054C40071ECC37
:10F4C00003946C460EC4000F6946085A04B010BD80
:10F4D000682D061003E00870000A491C521E002A1D
:10F4E000F9D17047F0B57E4C05467E49206891B051
:10F4F0004018089000200D9072B6ECF73BFF0028F2
:10F5000001D1002D07D0764800250168492040012F
:10F510000818467EDFE062B60D9811B0F0BDF00726
:10F520007ED07149A80140180E906D4801680920ED
:10F5300000020818816E602068430C18A178206AC8
:10F540004907490F02294BD1A179490748D400281E
:10F5500046D04020005B400009900002FFF71AF9F6
:10F56000039000200F905E4836210068095C0A076E
:10F570000AD44907490FA94206D1012180300F91D1
:10F58000416C0191806C06E00899C96C01910121E0
:10F59000C9024018C0690090FF205F30FFF7FAF8F9
:10F5A00051490C39497AC90041180098411A039809
:10F5B000081A07900E980B214156203005910078CB
:10F5C0000A9000200290208906900920C006016957
:10F5D0000798401A070201203F0AC00587422AD334
:10F5E0006CE001200D9007990398081A0790029982
:10F5F00003980818029009990198401A01906169CE
:10F6000009980818606105990A98081A40B205908F
:10F610000698401E80B206900598002804DA00E0A3
:10F6200056E0253040B205900920C00601690798D0
:10F63000401A07023F0A6420FFF7ACF82A490C3948
:10F64000497AC900411826480068806A0818B842FB
:10F6500007D20120C005874203D209990198884248
:10F66000BFD802990098401A01020D98090A002893
:10F670000CD01B4811220068D2018018806A081A39
:10F6800000020012002801DD00200D900F980028D4
:10F6900006D01348019A006880304264816408E013
:10F6A000089A0198D0640E4802680120C002101820
:10F6B000C1610E990598C8720698208108480122F8
:10F6C0000168492040010818417EAA4091434176D3
:10F6D0006D1CEDB27608002E00D020E71BE700007D
:10F6E000A403002058080000CC000020FFB593B010
:10F6F00014460FAA0BA9139800F076F810220021E7
:10F7000002A8EDF7DAFD002502AE06AF1DE0281DC8
:10F7100081B206AB10221498EDF7AAFF0020315CED
:10F720003A5C51403154401CC0B21028F7D306AAAD
:10F7300002A91398FAF718FD102206A902A8EDF7FE
:10F74000B8FD1035103CADB2E4B2102CDFD827D094
:10F750001022002106A8EDF7B0FD002C08D01020E3
:10F76000001BC3192D1DA9B222461498EDF780FF86
:10F7700080200F21091B78540FAC0020395C225CDB
:10F780005140325C51403154401CC0B21028F5D376
:10F7900002A9169A1398FAF7E7FC002017B0F0BDFB
:10F7A0002D1D0BACA9B206AB10221498EDF760FF2B
:10F7B000E3E770B588B016460C46054610220021D6
:10F7C0006846EDF77AFD032221466846EDF771FDA4
:10F7D00004AA69462846FAF7C7FC032204A9304662
:10F7E000EDF767FD08B070BDF0B589B003460020A5
:10F7F00015460C46009001900290039004AA6946B9
:10F800001846FAF7B1FC6846C07F87270006002833
:10F810006E46214604A80DDA00F025F86846077008
:10F820000020215C325C51402154401CC0B20F28A2
:10F83000F7D301E000F017F8E07B294600062046E8
:10F840000ED500F010F8684607700020295C325C85
:10F8500051402954401CC0B20F28F7D309B0F0BD65
:10F8600000F001F8FAE730B5027852000A70012280
:10F870001446835C85185B061B0E8B54203DED7F80
:10F880002D0601D523438B54521CD2B20F2AF0D936
:10F8900030BDC007C907C00F490F0843D107090F82
:10F8A0000843D907C90E084370470000F0B5072484
:10F8B000059E069DC4808468D2072173084C816828
:10F8C0002468D20F277E4F7381688A738168CB7357
:10F8D0008168E27B0A7481684E7480688574F0BD2B
:10F8E000AC0300200146896800204A7B042A05D821
:10F8F0008A7B012A02D8CA7B920701D50A20704769
:10F90000044A097C1268927B914201D31029F6D9EE
:10F9100006207047AC030020F0B587B004461C22D7
:10F9200022496846E2F73EFC227E0321D04383074A
:10F930001F48002B006804D0E37A1D0705D5D507C2
:10F9400001D0E1771CE09207FBD4E27E05252A4234
:10F9500012D0627E057E960096196F46F619AD5D4F
:10F96000E577002D0CD11B0708D4012A02D1027EB5
:10F97000012A01D0022202E0012200E00422E27703
:10F98000407BC007C00F02D0E07F012806D0E07A9C
:10F99000000709D5E07F022804D005E0E177472081
:10F9A00007B0F0BD0020E0730020F9E7902B0610AF
:10F9B000AC030020F0B50446807A2646603695B048
:10F9C000102820D0D1287BD0D22879D0D32877D046
:10F9D000D42875D0D52873D0F02875D0FE2877D0DC
:10F9E000A2287FD0B2287DD0B42868D0BF28204676
:10F9F00077D000F0C8F8E07A000702D5204600F082
:10FA0000FFF815B0F0BD60786A46C107C90FA01CA9
:10FA1000F0F7F6F90227474D00282AD0E6F7CCFC8C
:10FA2000002824D0307DC00721D0F0F751FAFA2801
:10FA30001DD000281BD0E079400618D50220149074
:10FA40003921286849014118C97B26890123090702
:10FA50000DD5DD02083040191A223946C06CF3F783
:10FA6000B9FA010003D08E801498F3F79FFA0020B2
:10FA70004AE069462046F0F7A3FA20890104BAD586
:10FA80000221149106053921286849014118897B12
:10FA9000360D01230907AED5DD02083040191522C5
:10FAA0003946C06CF3F796FA0100A4D08E80149802
:10FAB000F3F77CFA9FE703E006E009E012E027E0B5
:10FAC000204600F06BF996E7204601F05BFB92E7D9
:10FAD000307D00068FD57C2200212046EDF7EDFB1E
:10FAE00089E724E0E07A000704D5204600F0B8F862
:10FAF000002880D0E07F022802D1E07EC006D9D560
:10FB0000307DC00702D0B420A07274E7A420FBE7C8
:10FB1000204610216430E9F763FCE07A000703D542
:10FB2000204601F06FFD66E7B521A17263E701F0A1
:10FB3000B1FA60E7A403002010B57421095CC9077D
:10FB40000BD1817AA42909D0AC2916D0AF2904D1D0
:10FB5000417F002914D0D021817210BD04461021AC
:10FB60005430E9F73DFCE07A0007204602D501F069
:10FB7000BDFC10BD00F0E2FC10BD00F027FB10BD85
:10FB800001F088FA10BD10B5FFF7D6FF10BD10B513
:10FB90000146807AA92802D1002000F08FFC10BD18
:10FBA00010B5FFF7F4FF10BD10B50446807AAA28FF
:10FBB0000BD0BA2809D0B92810D07420005DC00736
:10FBC00002D12046FFF7ECFF10BD204601F030FFC8
:10FBD0000028F9D0012300220B210DE0E07F04284A
:10FBE000F2D1E07E410602D5BA20A07210BD000617
:10FBF000FCD5012300220C21204601F00AFB10BD98
:10FC000010B5FFF7D1FF10BD70B5044613480025AD
:10FC10000268402128463C32FCF783F8002804D0D3
:10FC200001F058FF01F0F2FC0DE0E07A4106890F87
:10FC300003290AD07421095DC90708D0400602D5FE
:10FC4000204601F085FE284670BD0125FBE78106B0
:10FC5000F9D49B210840E072F2E70000AC030020D9
:10FC600010B5FFF7D1FF10BDFEB50446002000908F
:10FC700025462646A07A2A3532360F46BC2821D0A2
:10FC8000F12810D1E07A00071CD42046203001AAC8
:10FC900029460290F0F7C8FB0222314601A8EDF791
:10FCA00004FB002806D0224629463046F0F762F8C9
:10FCB0004120FEBD09482B4600686A460299803003
:10FCC000F0F75EFA102200213846EDF7F6FA227FAF
:10FCD00029463846EDF7EDFA0020FEBDA4030020CA
:10FCE00010B58268527B4A768268927B012A03D1E2
:10FCF0000A7E02231A430A761A4B82681B68D27B5B
:10FD000080331A728468647C5C728468A47C9C7200
:10FD10008B7ED407E40F23438B76CB7E04242240D2
:10FD20001343CB768268127C0A777422525CD20726
:10FD300012D08B7F0522DC08E4008C7783689B7CE3
:10FD40005B075B0F23438B7780680830801800794E
:10FD50004007400F487710BD836806225B7C5B0735
:10FD60005B0FF0E7AC03002010B57421095CCA07F3
:10FD7000417F07D0002902D0D021817210BD01F04F
:10FD800001FA10BDC906FAD5817B8A06F7D504228F
:10FD90001143817300F01AFA10BD0000F0B58DB068
:10FDA000002705460797008920220105090D3846DE
:10FDB000EDF7A6FC04006DD02E466036307DC106FE
:10FDC000284620300290002906DB0221E9F708FBD3
:10FDD000307D102108433075A87A2E462236D1286E
:10FDE00008D0D2281AD0D3282CD0D42835D0D52862
:10FDF00052D047E008213046E9F7F2FA2C4803AB2D
:10FE0000006807AA02998030F0F7BAF9A0680621C5
:10FE100001731120E0802A7F03AB1CE00B20E080FF
:10FE2000A0680721017307AA31460298F0F7FCFA8F
:10FE300007AB022205212046EDF712FD08223346CA
:10FE400007211CE01120E080A0680821017308A8A8
:10FE5000F0F7BCF929E0052111E069460F7108A906
:10FE600001A801F0D3F80820E0800921A06806224B
:10FE700001736946A0680979417308AB11462046B1
:10FE8000EDF7EEFC2946204601F090FE002801D156
:10FE9000DD20A8720DB0F0BD1120E080A0680A211D
:10FEA000017308A92846F0F77FF908AB1022D2E7C2
:10FEB000A4030020F0B599B016460D4604463C2236
:10FEC00000216846EDF7F9F91022294604A8EDF75C
:10FED000F0F9E07F464D022802D0032806D00BE05F
:10FEE000286801696846FBF719FE05E029681022B9
:10FEF00068461C31EDF7DDF9012108A801702A6878
:10FF0000117E4170207EC107C90F08A8817011467B
:10FF10008031CB7AC370D27B027107224271827129
:10FF20000222C271627E0272207E8007C20F08A880
:10FF300042720A7A8272227FC2724A7A0273897A84
:10FF400041730F30471E05463946EBF781F860785C
:10FF50000622C107C90F08A841751630A11C1790C9
:10FF6000EDF7A7F911A807220130F91FEDF7A1F964
:10FF70000FAC0722A01C08A9EDF79BF90122601C19
:10FF8000E11FEDF796F9012239460FA8EDF791F937
:10FF90000020694613AF0A18127C235C5A403A5479
:10FFA000401CC0B21028F6D3324639466846FAF7EC
:10FFB000DBF8102200210FA8EDF77FF90622294671
:10FFC000A01DEDF776F906220FA81799EDF771F944
:10FFD0000021705C625C50407854491CC9B2102901
:10FFE000F7D3324613A96846FAF7BEF819B0F0BD48
:10FFF000AC030020F0B599B016460D4604463C22ED
:020000041006E4
:1000000000216846EDF759F91022294604A8EDF7BA
:1000100050F9E07F4A4D022802D0032806D00BE0B9
:10002000286801696846FBF779FD05E02968102218
:1000300068461C31EDF73DF9012108A80170617E89
:100040004170207E8007C10F08A881702A68114680
:1000500080310B7AC370237F03714B7A43718B7AA3
:1000600083710223C371137E0372207EC307DB0FEB
:1000700008A84372C97A8172D17BC172607F41073F
:10008000490F08A80173A07F4107490F08A84173D1
:100090001630471E05463946EAF7DAFF6078062231
:1000A000C107C90F08A881730F30A11C1790EDF785
:1000B00000F911A809A9072201300331EDF7F9F879
:1000C0000FAC0722A01C08A9EDF7F3F8012239466E
:1000D000601CEDF7EEF801220FA8F91FEDF7E9F823
:1000E0000020694613AF0A18127C235C5A403A5428
:1000F000401CC0B21028F6D3324639466846FAF79B
:1001000033F8102200210FA8EDF7D7F80622A01D22
:100110001799EDF7CEF8062229460FA8EDF7C9F892
:100120000020315C225C51403954401CC0B2102880
:10013000F7D3324613A96846FAF716F819B0F0BD9E
:10014000AC0300207FB5AC218172817B05468A0714
:100150002A350446002A09DA102200216846EDF704
:10016000ACF869462B460A46AD250FE0C80701D119
:10017000480719D521464A312246E07A5232000713
:1001800001D52B4601E023463A33AE2520890005F0
:10019000000DECF7DBF900280BD03A2801D00C2831
:1001A00000D1002004B070BDC808C000A073462074
:1001B000F8E7A17BCA0703D010221143A173F125F0
:1001C000C9B2C908C900A173A572EBE710B5FFF762
:1001D000B9FF10BDF8B5026841689268FD20137B35
:1001E0000E2B13D1CB7ADB0610D5CB7F022B0DD192
:1001F0004B7E022B0AD174235B5CDB078B7A06D023
:10020000B22B0AD0B42B08D0B52B06D0F8BDA22B48
:1002100003D0A42B01D0A52BF8D1088939210505DD
:100220000D484901006802264118C97B2D0D547BF9
:10023000012349060ED502218F020830C0191C2265
:10024000C06CF2F7C7FE010004D08D808C7130467F
:10025000F2F7ACFE0020F8BDA403002010B5FFF7B4
:10026000B9FF10BD10B5036841689A68FD20127B84
:100270000B2A07D0022A0ED0032A13D0042A1ED03C
:10028000FC2010BD8A7A002A01D0F12AF9D1184643
:1002900000F036FA10BD8A7AA12AFBD1184600F088
:1002A000F9F910BD8A7AA52A05D0A22A01D0A42A7C
:1002B000F7D1FF2010BD184600F000F910BD8A7A72
:1002C000A62AFBD1184600F073F910BD10B5FFF750
:1002D000C9FF10BDF8B507468068FD25007B0C46B8
:1002E000012806D003285AD0042870D0FC252846BF
:1002F000F8BDA07A00280AD0F12808D0FB28F6D152
:10030000012300220921204600F083FF65E000263A
:10031000208900F02DFE02460021314B0846F0F7FF
:100320006FFE207BC14389070AD0810714D50121C4
:1003300008432073207B0107890F012911D00BE0AE
:100340000C210840D4D00428F4D0082825D00C284B
:1003500000D10126002ECAD02146384600F0C2FB4B
:100360003BE0FB2108400821084320731D48392148
:10037000006849014118897B022489060DD50221B4
:100380008B020830C0181722C06C0023F2F722FE3F
:10039000010002D02046F2F709FE4320F8BDA07A02
:1003A000B5280FD0B22801D0B428A0D1C87F022828
:1003B0009DD10D480068007E022801D0042896D106
:1003C000FE2594E7384600F0C5FA06E0FFE7A07A7C
:1003D000B6288CD1384600F0FBFA054687E70000C6
:1003E00030750000A4030020AC03002010B50268A3
:1003F00041689368FF201B7B0C2B03D00D2B14D07E
:10040000FC2010BD8B7AA22B01D0B22BF9D1742322
:100410005B5CDB07CB7A05D05B06F2D4104601F0BB
:1004200055FA10BD9B06F9D410BD8B7AAB2B01D0C9
:10043000BB2BF9D1104601F0C1FA10BD10B5FFF782
:10044000D5FF10BDF8B504460025FFF765FA47282B
:1004500003D0E07F022802D026E0E57F24E01548A3
:100460000068007D002821D00220009020893921D9
:100470000605114849010068360D4118897B0123A2
:1004800049070DD502218F020830C0191422C06C13
:10049000F2F7A0FD010003D08E800098F2F786FDF0
:1004A000E07EEF210840E0762846F8BDE07E10218E
:1004B0000843F8E7AC030020A4030020F8B5074682
:1004C00008890C460105090D20220020EDF718F9D6
:1004D00005000DD026462A36002F05D033461022BF
:1004E00005213846EDF7C4F8E07F022802D009E084
:1004F0006420F8BD2046102231466430ECF7D5FE6A
:10050000002814D01120E880A86804210173234634
:100510005433102205212846EDF7A2F9214628463A
:1005200001F044FB0028E4D1A621A172F8BD01230B
:100530002A460821204600F06CFEF8BD30B504467E
:10054000008989B00105090D20220020EDF7D8F8B7
:10055000050009D0E07A000709D5684605900494A3
:1005600004A800F02DFF08E0642009B030BD21464A
:100570006A4654312046FFF79DFC1120E880A868A8
:10058000032101736B46102205212846EDF768F917
:100590002146284601F00AFB050007D1204610221B
:1005A00069466430ECF785FEA520A0722846DCE79A
:1005B000F0B50B4693B00C4664330025102205219C
:1005C0000993EDF755F8E07A00070BD504A80F90D2
:1005D0000E940EA800F01AFF0546EB2807D1002064
:1005E00013B0F0BD04AA20460999FFF763FC214629
:1005F0002A3110220F4604A8ECF757FE002806D037
:1006000000231A460421204600F003FE3CE0204E61
:10061000217F3068C07B814200D92077E07A0007D3
:1006200003D5204600F02AFF2FE010220021684663
:10063000ECF743FEE07F022802D0032806D00BE04F
:10064000306801696846FBF769FA05E031681022F5
:1006500068461C31ECF72DFE22460AAB5432684640
:100660000999EFF7C7FD102200213846ECF725FE67
:10067000227F0AA93846ECF71CFEA07B0221084322
:10068000A0732046FFF7A2FD05462846A8E7000014
:10069000AC0300207CB50C460646A425FFF722F9E2
:1006A00000281BD1E07A000707D568460096019420
:1006B00000F002FF002811D1A225A07EFB214008F6
:1006C0004000A076E07E0840E07621463046FFF705
:1006D00007FB2046FFF7B6FE002808D0642805D0A7
:1006E000014601230022204600F093FD7CBDE17FFE
:1006F000022903D1E17EC90600D4A225A5727CBDE2
:10070000F8B50C46897A0026A039502901D8002076
:10071000F8BD80681D4F457B3868807D022803D175
:10072000280701D4032024E0A07B80210843A07384
:10073000208900F01DFC02460021154B0846F0F709
:100740005FFCA07AF12806D1680704D5208940040F
:10075000800F00D101263868E906C90E8030017388
:10076000208900220005000D3146EFF7F1FE002838
:10077000CED0A17B4906490EA1736428C8D001469A
:1007800001230022204600F044FDF8BDAC03002008
:100790003075000070B50546008920220105090D5D
:1007A0000020ECF7ADFF040018D01120E080A06815
:1007B0000D2101730D481022036805212046E03306
:1007C000EDF74EF87420405DC00709D0BC262946DD
:1007D000204601F0EBF9002804D004E0642070BD4D
:1007E000AB26F4E7AE72002070BD0000AC03002021
:1007F000F7B594B00D46002708A90F7204460F7391
:100800001022394606A8ECF758FDE07F444E022836
:1008100009D13068694600690876020A4A76020CF6
:100820008A76000EC876012D0ED03068627E0146B1
:1008300080314A72227E9207D20F8A720A7ACA7275
:10084000E17F032919D01EE03068017E80304172BB
:10085000217EC907C90F8172E07F032813D120468A
:1008600000F034FC00280ED00EAB012200212046FF
:1008700000F04AFC10220E9902E0102201461C31C1
:1008800006A8ECF716FD7420025D21462046D3072A
:1008900054316430002B02D0002D0AD001E0012D2C
:1008A00007D0D3072B4307D0D30710D0012D03D097
:1008B0000DE00D910C9001E00C910D90012D08D0F0
:1008C000D00728430BD0D00701D0002D07D04727F1
:1008D00022E011A80BAB0FAA0AA9009004E00FA810
:1008E0000AAB11AA0BA90090204600F01BF808AA39
:1008F000107B0FAA169B029211A903AC0BC430689F
:1009000008AA127A014689310192009106ABD030D3
:100910000C9A0D99EFF71AFD384617B0F0BD00009C
:10092000AC03002070B504466030407D049E1D4637
:10093000087013462146062276311846ECF7B9FCBA
:1009400060780622C007C00F2870A11C3046ECF763
:10095000B0FC70BD70B5064608890C4601058AB02A
:10096000090D20220020ECF7CBFE050012D0002E4E
:1009700006D023462A33102205213046ECF778FEB4
:10098000E07A000709D505A80290019401A800F0BB
:10099000CBFD08E064200AB070BD214605AA643191
:1009A0002046FFF727FB1120E880A8680321017388
:1009B00005AB102205212846ECF752FF21462846B8
:1009C00001F0F4F80028E6D1B621A172E3E70000B7
:1009D000F0B5064693B00020059008890C46010545
:1009E000090D20220020ECF78BFE050019D02346CC
:1009F00054331022052130460293ECF739FEE07A99
:100A0000010720462A30019000290DDA0FA808902E
:100A100005A8099006A80A90079407A800F0D6FD3B
:100A200010E0642013B0F0BD0FAA20460299FFF732
:100A3000E1FA10220FA80199ECF737FC0590BC20D1
:100A400069460876264605986436254F002809D061
:100A500001232A460421204600F0DBFB05980028EC
:100A60001BD03AE01120E880A868042101733346C6
:100A7000102205212846ECF7F3FE2146284601F016
:100A800095F80028EAD16846007EA0723868217F78
:100A9000C07B8142E2D92077E0E7E07A00071CD4EE
:100AA000102200210BA8ECF708FCE07F022802D0FE
:100AB000032806D00BE0386801690BA8FBF72EF875
:100AC00005E0396810220BA81C31ECF7F2FB314627
:100AD0000BA8019B029AEFF78DFB0020A2E7000014
:100AE000AC030020F3B55D4E00253068B427807E4E
:100AF00083B0C0430C4680070ED020892022010518
:100B0000090D0020ECF7FCFD0290002807D0A17A27
:100B10000020F12905D032E0082005B0F0BD6420A6
:100B2000FBE7E17E2F221140E1763168237FC97B0C
:100B30008B4204D0039A9268127C8A4207D8039AA7
:100B400092689446127C9A4203D08A4201D8607718
:100B500015E0617F8A0600D50225490601D50421EA
:100B60000D436146497CA94203D001221543A942A5
:100B700002D16077A07702E0204600F099F8B0201B
:100B8000A0723168887EC243920701D0401C8876EB
:100B90000398FEF7A7FE039900288968CD7B4BD107
:100BA0003068817D022903D12A0701D4032043E064
:100BB0004A081143CA07C37D417BD20F007BFEF771
:100BC00068FE0646354018200540E572280705D521
:100BD000204600F053FD00282ED1B227204600F019
:100BE00075FAF00700D00220A0767007C00FE076FB
:100BF00021460398FFF774F82046FFF723FC0028EE
:100C00001AD1E07F022803D1E07EC00600D4B227CB
:100C1000A07F617F40074907400F490F0091019075
:100C2000227E334602210298FEF740FE21460298BA
:100C300000F0BCFF002806D0014601232046029A9E
:100C400000F0E7FA69E72189072212039143218125
:100C5000024909688031CE72A7725EE7AC030020BA
:100C600010B5124C2022216808463C309031ECF738
:100C70001CFB002803D100F0DBFD002809D0206810
:100C80009022817E114202D18906890F03D038203B
:100C900010BD1F2010BD9030F9F7D2FA0028F9D10D
:100CA000216810238A7E1A438A7610BDAC03002087
:100CB00030B50446A17E0020A5B0CA0779D08907C7
:100CC00077D55022002110A8ECF7F7FAFC2110A8E4
:100CD0000170417860780622C007C00F014310A858
:100CE0004170A11C3E30ECF7E4FA217F10A8C170DE
:100CF000607F404DC0066D4419D520464030827C4F
:100D000010A90A71C07C4871214611A808224A31F5
:100D10000230ECF7CEFA214610223A312846ECF7A1
:100D2000C8FA10A948788021084310A94870E07AD1
:100D3000010707D510A98870214610222A312846BC
:100D4000ECF7B7FAA07F052108420BD0214602221A
:100D5000203121A8ECF7ADFA10A9487810210843FA
:100D600010A94870607F80060CD5214617A8102274
:100D700054310230ECF79DFA10A94878202108433D
:100D800010A94870607F40060CD521461BA8102290
:100D900064310230ECF78DFA10A9487840210843FD
:100DA00010A948702089810404D510A9487802212F
:100DB00005E01DE0400405D510A94878042108434A
:100DC00010A948702089000405D510A94878082189
:100DD000084310A94870206922906069239040223E
:100DE00014A96846E1F7DEF910AD0FCDEEF7FCFE71
:100DF00025B030BD4E0000007CB50C46816805462C
:100E0000087B0026821F042A7BD8A27AD02A01D030
:100E100047207CBD062808D0072809D008281DD007
:100E2000092826D00A2852D06CE023463A331AE02B
:100E30004A7B214640318A74A8682346807BC87467
:100E40004A33082207212846ECF712FC607F102164
:100E5000084360774007800F47D053E0607F8007EA
:100E600050D523465433102205212846ECF700FCC8
:100E700048E0607F800745D5002000900623019060
:100E80001A4669462846ECF791FC00281BD0A86852
:100E90000622407B6070A31C11462846ECF7E8FB55
:100EA000607801280BD1E0798009032807D001235D
:100EB00000220821204600F0ACF9064622E0607FBF
:100EC000202108436077607F40070ED51AE0607FDD
:100ED000400717D523466433102205212846ECF736
:100EE000C7FB607F4021084360777420005DC00726
:100EF000204603D000F046F904E002E000F0CAF812
:100F000000E0452630467CBD7CB50546C87A0C46D7
:100F1000000706D5684600950194FFF78FFAFC2874
:100F200022D17420005DC00704D021462846FFF777
:100F3000D1F904E0684600950194FFF7C7F9FC2851
:100F400012D121462846FFF757FF452803D04728EE
:100F50000BD0FC2808D1E17AFD20090704D56846AA
:100F600000950194FFF77AF97CBDFD207CBD00005F
:100F700030B502460D480068A030007B002A0146CB
:100F800012D00B4C130500201B0D22680AE07C24B4
:100F90004443D56F08342C5B2405240D9C4203D0B8
:100FA000401CC0B28142F2D830BD0000A403002032
:100FB000AC030020F8B50C4E05463068F5F7FAFF93
:100FC0002F0504463F0D0CE0A0882568B84207D1E4
:100FD00021463068F6F73BF801212046ECF7ECFBA0
:100FE0002C46002CF0D1F8BDAC03002010B50B4608
:100FF000417F490607D50146102264311846ECF7B7
:1010000058F9002010BD412010BD0000024610B567
:101010000B4800240068407D1070002804D001288F
:101020000AD01F24204610BD08460649062209683A
:101030007831ECF73EF9F5E70846E8F773F9F1E7A0
:10104000AC030020A403002030B5104A0020136830
:101050000F4A01461268A032147B13E07C22DD6F38
:101060004A43AA187425AD5CED07957A06D0B02DD9
:1010700006D3EAB2F02A03D8012030BDA02DF8D261
:10108000491CC9B28C42E9D830BD0000AC03002035
:10109000A4030020C17A0A07817F03D4CA0701D0C4
:1010A000D12102E08A0702D5D32181727047490716
:1010B00001D5D521F9E77421095CC90704D0417F26
:1010C000490701D0D021F0E7F021EEE770B50446E2
:1010D0000C4862780068D20780304068002541786B
:1010E000D20F801C8A420AD10622A11CECF7DDF83F
:1010F000002804D1207E0121084320760D46284691
:1011000070BD0000AC03002070B500241D461646DB
:10111000002804D0FFF7DAFF002802D003E00029FE
:1011200001D042240BE00948002E0AD0012E08D03D
:10113000022EF6D1006880304068183028602046C2
:1011400070BD0068803040680830F7E7AC030020CD
:1011500070B51C461546002908D1008920220105DA
:10116000090D0020ECF7CCFA010009D00220C8805C
:1011700088680573886844730620E9F737F870BDFE
:10118000642070BD7CB50446008905052D0DFFF770
:10119000EFFE0246174B00210120EFF731FF2046FA
:1011A000FFF786FDE07F0026032807D1124828229A
:1011B0000068002180304068ECF77FF82046042268
:1011C00000210C30ECF779F868460094067100F0C5
:1011D00009FDF120A07200231A4629460220F2F7E9
:1011E000AFFB2089010404D50105090D0220F2F7A7
:1011F00025F87CBD30750000AC03002010B50A4610
:10120000897AFB2904D08068417B104600F016F8EB
:1012100010BDF8B51D4614460E460B46074605227E
:101220002146FFF795FF0446642801D1012D03D123
:101230003146384600F002F82046F8BD7CB5044639
:101240000D460089FFF794FE0246144B0021012051
:10125000EFF7D6FE20890005000DFFF7ABFE022058
:10126000694600940871684600F0BCFC20460422E0
:1012700000210C30ECF721F8E07E2F210840E076C9
:10128000204600F00DF8FB20A07220890222010503
:10129000090D2B461046F2F753FB7CBD307500005C
:1012A000F8B5002406460127344D0CE08030016873
:1012B000E000801C08180622B11CEBF7F6FF00289E
:1012C00021D0641CE4B22868417EA142EED8417E60
:1012D00003293FD0491C41762868E7008030016827
:1012E000B81C08180622B11CEBF7E3FF2968802020
:1012F00080310968641C224BC855E2B201210020EC
:10130000EFF77EFEF8BD2868E10080300268802398
:10131000505C184350542A6880321268830705D500
:10132000184EC30712D1384350540FE0C3070AD0F8
:101330000223184350542A68400880321268400043
:101340005054114E02E03843104E5054641CE2B227
:101350003346D3E7002480300068E100415C490651
:10136000BAD4641CE4B2032CF7D3012100243A461A
:1013700033460846EFF744FEAEE70000AC0300201A
:1013800088130000580F0200C8AF0000983A000010
:1013900038B514C8D07F02280FD10848D17B006827
:1013A000491E03690094CB40DB070146DB0F9031F7
:1013B0003C3054328033EEF730FF38BDAC030020B0
:1013C00010B5FFF7E5FF10BD38B514C8D17F002375
:1013D000032904D00C480229006804D00AE0AA209E
:1013E0009072EB2038BDD17B0369491ECB40DB07EF
:1013F000DB0F803301463C31903064320094EEF7CD
:101400000CFF002038BD0000AC03002010B5FFF732
:10141000DBFF10BD1CB50446C07F042806D0AA21FE
:10142000022820D0012800D1A1721CBD01A8009083
:1014300010482346006822460146643354329031F6
:101440003C30EEF7C5FFB920A07201A8FDF702F805
:101450000949E0F791FE20890A460105090D02209D
:10146000F2F72AFA1CBDE07B1428DDD2A420A0727A
:101470001CBD0000AC03002040420F0010B5FFF778
:10148000C9FF10BD10B50B4A016812688968927DCA
:101490004068C97B022A03D10A0701D4032010BD8A
:1014A0001823C27ADB4319430A40C27200F0E6F8FF
:1014B00010BD0000AC03002010B5FFF7E3FF10BD26
:1014C00010B5C17F012908D0042906D0022907D010
:1014D000032901D100F0B4F910BDA521817210BD1E
:1014E000C17B491CC173FFF729F810BD10B5FFF788
:1014F000E7FF10BD38B514C80A48D17F0023006843
:10150000022906D1D17B0369491ECB40DB07DB0FE3
:101510008033014690313C3064320094EEF77DFE1A
:1015200038BD0000AC03002010B5FFF7E3FF10BD8D
:10153000FEB50468416802918668C568BA202870C3
:1015400000203060E17F1F4804291ED002291BD1F2
:101550000068E77B01697A1ED140CB0702990091B0
:101560000146DB0F224654323C3190308033EEF797
:1015700054FE214610222A310298EBF796FE306085
:10158000142F01D2B4202870FEBD01A9009100687B
:10159000234601462246643354323C319030EEF704
:1015A00017FFB920287001A8FCF754FF0649E0F79F
:1015B000E3FD20890A460105090D0220F2F77CF9B6
:1015C000FEBD0000AC03002040420F0010B5FFF745
:1015D000AFFF10BD10B5C17F012908D0042906D086
:1015E000022909D0032901D100F02AF910BD0146D2
:1015F0000020FFF7AFF910BDC17B491CC173B521B5
:10160000817210BD10B5FFF7E5FF10BD10B50A4C93
:101610002068807E41060DD5902108420AD1F8F756
:10162000C7FF002806D12168BF22887E1040802293
:101630001043887610BD0000AC03002010B5FFF702
:10164000E5FF10BD30B50446C07A0025000710D56F
:10165000208900F0CDF8002801D0082509E0E07AC3
:1016600001210843E072044804220068817E11438E
:101670008176284630BD0000AC03002010B5FFF78E
:10168000E1FF10BD10B50648F9230068DB002022F9
:101690000249C018EBF70DFE10BD0000E92B061043
:1016A000A403002038B50F4C0025226840212846AD
:1016B0003C32FAF736FB002801D006250FE02068FF
:1016C00010211C30E7F78CFE2168002308460A46EB
:1016D0002C303C3100901C320846EEF79EFD284627
:1016E00038BD0000AC03002010B5FFF7DBFF10BDD4
:1016F00070B51A4C02782368411C987EC00626D526
:10170000002A05D0164800210068A030027B21E0A5
:1017100018462022D030EBF7CCFD20682022817EB5
:10172000114313E07C20DD6F4843281810D0058951
:10173000002D0DD0C57A2D060AD5012300220B21DC
:10174000FFF767FD2068CF22817E1140817670BD52
:10175000491CC9B28A42E5D870BD0000AC03002024
:10176000A403002010B5FFF7C3FF10BD70B50D4DE9
:101770000178441C2868827E5206520E8276002927
:1017800002D000F0A7F970BD00F052F8002802D096
:10179000FFF778FF70BD2868402221463C30EBF708
:1017A00088FD70BDAC03002010B5FFF7DFFF10BD52
:1017B00010B5012813D10A4C08222068817E1143FC
:1017C0008176202207493C30EBF773FD05492068FC
:1017D000202220315C30EBF76CFDFFF753FF10BD8A
:1017E000AC030020A92B061010B5FFF7E1FF10BDD8
:1017F00070B50D4A054613680C4A00201268014670
:10180000A032147B0DE07C22DE6F4A43B218D67AF8
:10181000F60704D01289AA4201D0012070BD491CEC
:10182000C9B28C42EFD870BDAC030020A4030020E5
:1018300002480068807E0007C00F7047AC0300209C
:1018400070B588B004460025FFF740FC1E4E012805
:1018500023D105AB012200212046FFF755FC06AB42
:10186000022200212046FFF74FFC01A800903168BA
:1018700000239031059A0846EEF7CFFC102201A90B
:101880000698EBF712FD002807D00421012300225F
:101890002046FFF7BEFC054610E0207EC10707D0BA
:1018A000800705D43068102200211C30EBF705FDBD
:1018B0007420005DC00704D0B620A072284608B08E
:1018C00070BDA920F9E70000AC03002070B51E4EE2
:1018D0000D463368997E090601D53A2432E040224C
:1018E00005219033EBF7C4FEFFF7BAF9040004D0EA
:1018F000122C1CD01F2C1ED024E0E87AC0210843F3
:10190000E8723068114920229030EBF7CEFC0028B5
:1019100018D10E49306820312022B030EBF7C5FCD9
:1019200000280FD1E87A04210843E8720AE0012375
:1019300000220B2102E00123002208212846FFF7A4
:1019400068FC0024204670BDAC030020A92B0610C3
:1019500070B50646008941250105090D20220020A9
:10196000EBF7CEFE040025D000214522A068EBF75E
:1019700041FF05001ED14120E080A0680C210173C9
:101980000D4840220368052120463C33EBF768FFF1
:101990003146204600F00AF905000BD1F07A2021EB
:1019A0000843F072FFF744FF002803D0F07A0421C7
:1019B0000843F072284670BDAC03002030B589B0F2
:1019C0000C466B4610220521EBF752FE04AA0021BB
:1019D0002046FEF70DFF050006D1102204A9684637
:1019E000EBF763FC002806D0012300220B212046E0
:1019F000FFF70FFC17E07420005DC00703D02046FE
:101A0000FEF7C8FE10E0207F10210A1A21462A3175
:101A100040180021EBF751FCA07B02210843A07382
:101A20002046FEF7D3FB0546284609B030BD00002E
:101A3000F0B5274D0446296800208A7E93B09206AF
:101A4000920F032A38D1202207A8D031EBF731FCBE
:101A50002868CF22817E2646114081766036307D0F
:101A600011AFC0072AD00FA805AB3A4606A90090CF
:101A70002046FEF757FF6A462968127E2046D0317D
:101A80002A30039104900FA86B4685C36A46137DE4
:101A9000224621466432543107A8EEF7E7FB2A6854
:101AA00001212046E032FEF7A3FE002804D1317D5B
:101AB000C90708D0BB21A17213B0F0BD06AB0FAAB5
:101AC00005A90097D4E72046FEF764FEF4E700007E
:101AD000AC03002004480068817E0A0602D440223C
:101AE0001143817670470000AC03002070B5046894
:101AF0000579E07A00072FD52089FFF779FEE17A92
:101B000049084900E172154C002804D12168FB23E3
:101B10008A7E1A408A762168002D05D0CA7E10324E
:101B2000CA76002804D007E0C87E401CC87603E0CF
:101B3000887ECF221040887620680321C07E050968
:101B40000007000FE0F718FB4019032804D3FFF744
:101B5000C1FF21680020C87670BD0000AC030020E2
:101B600010B5FFF7C3FF10BD70B50F4D064600243A
:101B70002868062280300168E000801C0818314681
:101B8000EBF793FB002805D0641CE4B2032CEFD3E1
:101B9000412070BD2868E10080300068405C00068C
:101BA000F6D5002070BD0000AC03002070B50D46D6
:101BB000064601460620E8F719FB040005D000217F
:101BC0003046EBF7F9FD204670BD2889FFF7D0F9C4
:101BD00002460021024B0846EFF712FAF3E7000035
:101BE0003075000010B501686031097DCA070168D1
:101BF000897A0DD0B02908D3F02906D806490A6899
:101C0000917E8B0701D0491E9176FFF7A9FF10BD89
:101C1000A029F1D2F9E70000AC030020F8B52F4F5E
:101C20000546FD203E68C00034182D48301800904D
:101C30002C483636FCF7AEFD2B494A7AD200801884
:101C4000002D36D031784A078E463A21095D520F71
:101C50004B075B0F94469A4206D10E07360F0122BE
:101C6000B2402E4696430DD09C4521D00B07012152
:101C70001B0F0A469A4073461B071B0F99400A43E5
:101C8000954315D10921C9060969112208180002D6
:101C90000021000A616420603968D2018918896ACC
:101CA000401A00020012002802DC0020F5F7E8FDCF
:101CB000F8BD48220A8011060969002508180002AB
:101CC0000099000A0865656420602846F5F7D8FD8C
:101CD000386868304571F7F7C1FCF8BDA4030020EF
:101CE0005808000066020000C000002010B5F7F799
:101CF000B7F910BD10B51C88A418A4B21C8001232C
:101D00005B029C4203D8EBF7D4FA002010BD4120BF
:101D100010BD0000F8B54C4D4C49286844182646C3
:101D20004036B08BFDF7C8FB29684031098E40185A
:101D300080B2E16CEFF737FF0746B07F00F0C4F8E0
:101D4000A16D3818411807200005014300913F4A52
:101D50002968363A8818363100F089F84121286818
:101D60004901421891784B07014620318E7D5B0F67
:101D700037093F013B4393707207520F8A75334A0C
:101D8000A8313C3A801800F06DF82868A16CC0308A
:101D90000268A26401602868E16CC4300268E264F1
:101DA000016028680099CC221150D030A16D0268E2
:101DB000A26501602868616DD430026862650160C7
:101DC000296820465C30D83100F042F82968204666
:101DD0005E30DA3100F04BF8296820466030DB31A4
:101DE00000F045F8296820466430DC3100F030F816
:101DF000296820466830DE3100F02AF8296820463C
:101E00006C30E03100F024F8296820467030E2316F
:101E100000F01EF8296820467430E43100F018F80C
:101E2000296820467830E63100F012F8296820460B
:101E30007B30E83100F01BF8296820468430EC3113
:101E400000F010F8F8BD0000A403002058080000BE
:101E500002880B8803800A80704702880B88038001
:101E60000A80704702680B6803600A607047027856
:101E70000B7803700A70704708B500216A4611801C
:101E8000694600F001F808BD10B50A4A830B1268D4
:101E90008004526A800C140A60435A438009101867
:101EA00000228A5E821A10464030C009C3019A1A85
:101EB0000A8010BDA4030020032802D06320C04381
:101EC0007047662070470000012801D00148704724
:101ED000002070477A0300000B48FD210068C9000C
:101EE00040180A490988C36A4907028C090F5A52E7
:101EF000036BC28B5A52836A428C5A52436A828B5A
:101F00005A52816941607047A4030020C00000203C
:101F100070B51D481B4941611C490722CB69042546
:101F20001B021B0AFF2644042343CB610024846167
:101F300002612046EFF77CFBEFF70EFE14480078B5
:101F400014498000085880470423134A1902134893
:101F5000F7F73DF81148FF210423114A0A311030E8
:101F6000F7F735F80D4A0A20203214705570967034
:101F7000D07002201071547100200146921DE0F7CC
:101F800072F970BDFF23F40000E000E004ED00E012
:101F9000E0020020502B061010060020240D002027
:101FA000120B002070B50F4D0024EC700E48F7F7AF
:101FB0004BF80D498988081A82B22846AA80143045
:101FC0000270110A41708470C47008490848E2F731
:101FD00067F807482946042214311430E2F760F804
:101FE00070BD000040030020340D00201B0C0020B9
:101FF000580000A070B50446154E0120F0700D4643
:102000002178B01D017061784170A1788170E1780C
:10201000C1701048F7F718F80E498988081AB0807F
:102020002070B088000A6070A570280AE070EFF791
:1020300019F9FF20EFF778F9B28807490748E2F766
:102040002FF806482A1D21461430E2F729F870BD02
:1020500040030020340D00201B0C0020580000A07D
:1020600030B5FFB086B00024684684802248EFF780
:102070008FFD224800782249800008588047214877
:10208000F6F7E2FF002822D01F48007800281ED172
:1020900003AA01A91B48F6F786FF022203A902A89A
:1020A000EBF707F9FF2000906846808803A9C01E5F
:1020B00082B2684644AB03310089FCF789FD0146D2
:1020C000012244A8FDF7EEF80E48F6F73EFF0D4D4D
:1020D0001035287801280CD128466A1C0D2120389B
:1020E000F6F77DFF002804D12C70AA1D0146E0F709
:1020F000BAF87FB006B030BDFD7F0000E0020020DE
:10210000682B0610340D0020400300207CB500250C
:10211000684605803B48F6F797FF3B4C002804D102
:102120002078002801D0EBF7B3F8A0780526032823
:102130000AD03448F6F788FF002820D0A07801287C
:1021400006D0022804D01AE0FFF72CFFA67013E097
:1021500001AA69462B48F6F71AFF00280FD1042080
:10216000A0704002E4F796F8002800D1A6706846F7
:1021700001880198FFF73EFF8020E4F7E7F8234E3F
:10218000A07805280BD13046E1F756FFA188081A40
:10219000042805DD0720A0708020E4F785F87CBDC9
:1021A0002069002804D10120EFF742FAE06820619D
:1021B000E0682169401A0228E2D90020EFF738FAD6
:1021C00008202561A0708020E4F76EF8E0780028F0
:1021D00015D00C480C494588891D83680A785A55E2
:1021E000458883684A785B195A70458883688A787D
:1021F0005B199A7082684088C9781018C1700120F4
:10220000A0707CBD240D002040030020580000A0D9
:102210001CB50020694608801548F6F715FF154CD7
:1022200000280ED1207800280BD08020EFF7A8FBE3
:102230000028FAD00820EFF7A3FB0128FAD0EBF72B
:1022400027F80B48F6F700FF00280FD06078002829
:102250000CD101AA69460648F6F799FE002805D177
:10226000684601880198001D00F040F81CBD000080
:10227000240D0020400300201CB500206946088082
:102280001848F6F7E1FE184C00280ED120780028F7
:102290000BD08020EFF774FB0028FAD00820EFF76E
:1022A0006FFB0128FAD0EAF7F3FF0E48F6F7CCFEF1
:1022B000002815D06078002812D101204003E3F7F0
:1022C000E9FF01280CD101AA69460648F6F75FFE2E
:1022D000002805D1684601880198001D00F018F813
:1022E0001CBD0000240D0020400300200A4610B54C
:1022F00005494B78002B05D101234B70014603485B
:10230000E1F7CEFE10BD0000400300201C0000A03D
:1023100070B505460B480C464178002910D10121C3
:1023200041708020EFF72CFB0028FAD0E3F7F4FE91
:102330004020E3F7B9FF224629460348E1F7B0FE03
:1023400070BD0000400300201C0000A070B50546D1
:1023500016460C46C01CFCF767F884210851E97941
:102360007B20015528460830FCF754F8403420877C
:10237000B07902210843B07170BD70B50C460546B6
:10238000C178602001551646281DFCF743F84034FB
:10239000A084A81DFCF73EF8208528460830FCF7ED
:1023A00039F8A08528460A30FCF734F820862846FC
:1023B0000C30FCF72FF8A086B07901210843B071EA
:1023C00070BD08B56420694608700921C9066A46CF
:1023D0001078401E1070C868C00302D5107800281D
:1023E000F5D1107808BD08B5642069460870092148
:1023F000C9066A461078401E10704869C00402D4AD
:1024000010780028F5D1107808BD0000F8B51B4EF3
:102410003188044609070820090F0443A1422CD142
:10242000174D0021286881631121C9014018092135
:10243000C906806A0969471A6420FCF7ABF9717A0A
:10244000C90040182968896A4018381A0002012119
:10245000000AC905884202D20020F5F711FA09499D
:10246000286832881207120FA24206D1826B8A4274
:1024700003D2826B521C8263F3E7F8BDC0000020D8
:10248000A403002000710200F8B51B4E31880446F9
:1024900009070820090F0443A1422CD1174D002140
:1024A000286881631121C90140180921C906806A81
:1024B0000969471A6420FCF76DF9717AC900401860
:1024C0002968896A4018381A00020121000AC905E2
:1024D000884202D20020F5F7D3F9094928683288EA
:1024E0001207120FA24206D1826B8A4203D2826B7C
:1024F000521C8263F3E7F8BDC0000020A403002053
:1025000000710200F8B51B4E318804460907082007
:10251000090F0443A1422CD1174D00212868816383
:102520001121C90140180921C906806A0969471AA1
:102530006420FCF72FF9717AC90040182968896A6C
:102540004018381A00020121000AC905884202D247
:102550000020F5F795F90949286832881207120F0B
:10256000A24206D1826B8A4203D2826B521C8263E2
:10257000F3E7F8BDC0000020A403002000710200B2
:10258000012180B20904401808B50921C906C860B4
:1025900064206A4610701078401E1070C868C0032E
:1025A00002D510780028F6D1107808BD098E0510E4
:1025B000B562041061630410A5410410098E051072
:1025C000D5400410319704101D9704103197041062
:1025D00006040000F59605101D04000059B705100B
:1025E000010C0000C1B90510030C0000ABB80510C8
:1025F0002D0C000041B805100110000015B60510A3
:10260000021000004BB5051003100000A9B505101D
:102610000910000075B4051005140000ABB70510D3
:102620000120000075AE051002200000F1A4051085
:1026300003200000DBA6051005200000B5AF051043
:102640000620000051AD05100720000073A40510FE
:10265000082000007BAC05100920000091B1051096
:102660000A2000002DAC05100B2000002DB1051034
:102670000C2000008DB005100D200000939F051068
:102680000E2000005F9F05100F20000033AA0510E8
:1026900010200000C79B0510112000001F9A051094
:1026A000122000005DAB051013200000199E0510DC
:1026B00014200000B9AE0510152000004BA5051030
:1026C0001620000077A805101720000073A1051040
:1026D0001820000025A4051019200000F1B10510F4
:1026E0001A20000069A305101B200000CBA30510D1
:1026F0001C20000081A905101D200000A5AA0510BE
:102700001E200000FDB205101F20000065B205105C
:1027100022200000D3AD05102320000021A90510C0
:10272000242000005DB30510252000001FA6051021
:1027300026200000EFA2051027200000AB9905100D
:1027400028200000FDAA051029200000899B051003
:102750002A200000CBA805102B200000D7A70510C9
:102760002C20000085A605102D200000B5AB05101B
:102770002E200000FBAF05102F20000031A7051010
:102780004B200000D5A905104E2000001DAF0510FC
:1027900000FC00005965051001FC00008164051073
:1027A0000CFC0000BF6A05100DFC0000B3660510AC
:1027B0000FFC00000F68051014FC00006566051092
:1027C00015FC00002969051016FC0000A969051018
:1027D00017FC0000F565051018FC0000C96705101E
:1027E00019FC00009D6305101AFC00007D670510B0
:1027F00020FC0000816A05102BFC0000216A0510F6
:1028000081FC00006D41051082FC00007D40051038
:1028100083FC0000053F051084FC00006F3E05109E
:1028200085FC00000340051086FC0000B53C051047
:1028300087FC0000253D051088FC0000E1390510EB
:1028400089FC0000A53205108AFC0000AD36051099
:102850008BFC00001F4105108CFC00002942051074
:102860008DFC00009F4205108EFC0000F34805100F
:102870008FFC0000A734051090FC000023360510E3
:1028800091FC0000B53F051092FC00004F3305108D
:1028900093FC0000A348051094FC000011330510C0
:1028A00095FC0000D331051096FC0000A3450510EF
:1028B00097FC00004945051098FC00006146051092
:1028C00099FC0000314305109AFC0000E744051014
:1028D0009BFC0000B74705109CFC0000FF3305106F
:1028E0009DFC00006B4805109EFC0000394405105B
:1028F0009FFC0000E13B0510A0FC0000893B051097
:10290000A1FC0000A53D0510A2FC00001D4705101C
:10291000A3FC0000F5340510A4FC000043370510AB
:10292000A5FC000041380510A6FC0000413A051046
:10293000A7FC0000A1350510A8FC0000CB41051044
:10294000A9FC000013310510AAFC0000453B05104E
:1029500001FD00005955051002FD0000B14B0510A6
:1029600003FD0000D753051004FD0000B74A051011
:1029700005FD0000BF49051006FD00000D5F0510B4
:1029800007FD00002F4E051008FD0000C94E051080
:1029900009FD00007B4E05100AFD0000415D051099
:1029A0000BFD0000155305100CFD000069270510F4
:1029B0000DFD0000252605100EFD0000252C05103C
:1029C0000FFD0000B12A051010FD00008928051038
:1029D00011FD0000C925051012FD0000075005106B
:1029E00013FD00001951051014FD00005B53051084
:1029F00015FD0000B14F051016FD00006D500510CB
:102A000017FD00005B4F051018FD0000CF570510A3
:102A100019FD00009D5B05101AFD00006D590510A1
:102A20001BFD00007D5A05101CFD000025600510EF
:102A30001DFD0000F16005101EFD0000C75F0510C0
:102A40001FFD00008760051020FD000017590510CC
:102A500021FD0000655F051022FD00008157051073
:102A600023FD00007562051024FD0000D35D0510F4
:102A700025FD0000E94D051026FD00001962051036
:102A800027FD0000614C051028FD0000835D051046
:102A900029FD0000C15C05102AFD000069580510E1
:102AA0002CFD0000975E05102DFD0000134F051052
:102AB0002EFD00005D5C051081FD0000616B0510BE
:102AC00082FD0000056C051000FE00000B6F051074
:102AD00001FE0000696F051002FE0000676E051020
:102AE00003FE0000CB6E051004FE0000F16D051022
:102AF00001020100040201000600010000020100C1
:102B000006000100040201000002010006000100AD
:102B1000400000000600000000200000000000004F
:102B2000400000000600000040000000010000001E
:102B3000002000000000000000080000000000006D
:102B40000000000000200000000000000000000065
:102B5000A19904106197041069980410712F041052
:102B6000112F0410A92F0410112206100D21061098
:102B7000792206100C0802170D0101020909010152
:102B8000060209FFFFFFFFFF0909FFFFFFFF00002B
:102B90000101020102010002010002020201020120
:102BA000010101010200020100E69D350E4801030A
:102BB000CCDBFDF4AC1191F4EFB9A5F9E9A7832CB6
:102BC0005E2CBE97F2D203B0208BD28915D08E1C1A
:102BD000742430ED8FC24563765C15525ABF9A3229
:102BE000636DEB2A65499C80DCBD1A3CCDA6B89983
:102BF0005899B740EB7B60FF4A503F10D2E3B3C90E
:102C000074385FC5A3D4F6493F00000095880510CD
:102C1000B9880510DD88051025890510618A051021
:102C20000189051099890510898A0510398A0510CE
:102C3000ED890510C989051091880510E98A0510EC
:102C400069890510B18A0510D5870510DD8A051040
:102C5000118B051089850510C9850510ED850510B6
:102C6000098505103586051029850510458505104F
:102C70000D860510E9840510A585051065850510EC
:102C8000498805106D88051015880510FD87051009
:102C9000C387051051860510598705104D8305100F
:102CA000B58305109183051055840510A184051086
:102CB000098405107D8405102D840510C584051038
:102CC000DD83051071830510CD860510F58605108E
:102CD00035870510A58605107D860510B18705107E
:102CE0001D8705108987051079870510A3870510B2
:102CF000998705108DBB05104DBB0510E1BB051074
:102D000007BC051021BC051059BC0510EDBC051011
:102D10003BBC05107FBC0510F9BC0510D3BC0510E9
:102D2000ADBC05108FBC051096C298D84539A1F4EA
:102D3000A033EB2D817D0377F240A463E5E6BCF878
:102D400047422CE1F2D1176BF551BF376840B6CB43
:102D5000CE5E316B5733CE2B169E0F7C4AEBE78E3F
:102D60009B7F1AFEE242E34F0D0207019E006900BD
:102D70004F003500200015006C888391AAF5A53816
:102D800060370BDB5A6083BEFB349B5F80000080A2
:102D90000010000000000000637C777BF26B6FC5C1
:102DA0003001672BFED7AB76CA82C97DFA5947F04E
:102DB000ADD4A2AF9CA472C0B7FD9326363FF7CC2A
:102DC00034A5E5F171D8311504C723C31896059AC7
:102DD000071280E2EB27B27509832C1A1B6E5AA0EA
:102DE000523BD6B329E32F8453D100ED20FCB15BD5
:102DF0006ACBBE394A4C58CFD0EFAAFB434D33853E
:102E000045F9027F503C9FA851A3408F929D38F511
:102E1000BCB6DA2110FFF3D2CD0C13EC5F97441748
:102E2000C4A77E3D645D197360814FDC222A9088BF
:102E300046EEB814DE5E0BDBE0323A0A4906245C4B
:102E4000C2D3AC629195E479E7C8376D8DD54EA9B0
:102E50006C56F4EA657AAE08BA78252E1CA6B4C67C
:102E6000E8DD741F4BBD8B8A703EB5664803F60ED5
:102E7000613557B986C11D9EE1F8981169D98E94C4
:102E80009B1E87E9CE5528DF8CA1890DBFE64268DD
:102E900041992D0FB054BB16000000010000000244
:102EA00000000004000000080000001000000020E6
:102EB00000000040000000800000001B0000003601
:102EC000602F06100800002004000000AC2205104E
:102ED000642F06100C00002004000000AC22051036
:102EE000682F06101000002004000000AC2205101E
:102EF0006C2F06101400002004000000AC22051006
:102F0000702F06101800002004000000AC220510ED
:102F1000742F06101C00002008000000AC220510D1
:102F20007C2F06103000002004000000AC220510A9
:102F3000802F0610C00000200C020000A822041000
:102F4000882F0610CC020020E4000000AC220510FF
:102F50006C300610B0030020E8090000BC22051008
:102F6000000000000000000000200410000000002D
:102F70000000000000000000000000000000000051
:102F800001FF01FFE1000000000000000000000060
:102F90000000000000000000000000000000000031
:102FA00000F00710000400000004000000F8071003
:102FB000980D002078450000440008003804020005
:102FC0000987F700B0030020FFFFFFFFF4010000B6
:102FD00048010000023F00023E30023C20023B4C10
:102FE000023A400239B202345B02350B00000000A5
:102FF00000000000000000000000000000000000D1
:1030000000000000000000000000000000000000C0
:1030100000000000000000000000000000000000B0
:1030200000000000000000000000000000000000A0
:10303000000000000000000000000000E9E30510AF
:1030400001BE0510ADC80510E9E30510E9E3051060
:10305000E9E3051081E3051049E3051000000000D5
:0C30600000000000000000000000000064
:040000051004216161
:00000001FF
