:020000041004E6
:1000000000600020890B0410A90A0410B30A041030
:10001000AA5555AA000000000000000000000000E2
:10002000000000000000000000000000BD0A0410F5
:100030000000000000000000C30A0410CF0A0410F2
:10004000D50A0410F30A04100000000000000000AC
:10005000ED0A0410E70A0410DB0A0410E10A041098
:100060000000000000000000000000000000000090
:1000700000000000F90A0410FF0A0410050B041028
:10008000000000000B0B0410110B0410170B0410E0
:100090001D0B0410230B0410290B04102F0B04104C
:1000A00010B503680124A3430360C1604260016886
:1000B00001220A43026010BD08206F4908806F4882
:1000C0006F4908608020C0056E49C1626E490163B6
:1000D000C1686E4A0A40C260416880220A43426099
:1000E000016880229143016069480168694A0A40B9
:1000F000872111430160416806220A434260664835
:100100004169664A1140664B0B4343616549C161D1
:1001100003681A40644B1343036081600168012245
:100120000A4302606148017805220A430270704761
:100130007CB50820504908805D49009142036C4617
:10014000A4B214435B4B1C6019681140FCD101211F
:10015000594E3170594D00951C601C681440FCD1FB
:10016000641C574D019501ADADB215431D601D686E
:100170001540FCD1019D2D0C052D02D0E5B2642D5A
:10018000EEDB15224F4B1A704F4A3D4B1A604F4A17
:10019000536A4F4C1C404F4B2343536213684E4CE1
:1001A0001C4014604D4A10812C201073107C602379
:1001B000034313741078702303431370107EC72316
:1001C0000340137650690143516145480168334A41
:1001D0000A40444911430160434981604348017822
:1001E00002220A43027073BDFFB504000D00100027
:1001F0003F4909683F4A914239D101008207920F75
:1002000001D0091D891A3C4A0023D36000266B46A1
:100210000394019500E0361D8E422AD20024019DF0
:100220003719874201D2EF5D00E0FF271F55641C9C
:10023000042CF5DB01953F241461039CA519AC0344
:10024000240C94611F785C7824023C439F783F041F
:100250002743DC7824063C4314643327176017696E
:10026000FF07FCD52D680295029DA542D3D0012041
:1002700000E0002004B0F0BD0400104073C0010095
:1002800020009040044400001041000072F7FFFF7E
:100290000000404020009FFF580000A00F80FFFF9B
:1002A0009010000008004040A020000024004040C2
:1002B000023A44000C0000480800204002341B00B1
:1002C000824300000000C0406BC001000C000040F1
:1002D000F00FFFFF01100000FFF6FFFF1C00304091
:1002E0001C0000A09020000000003040480030407A
:1002F00014000020CCBCECFC00001040F2B5FFB0B4
:1003000095B000216A4611701172117351815173B9
:1003100007910F9101215172049194A909780D91CF
:1003200092490D9A895C0C9152A90C9A89180191F5
:100330000421019A1170FF21019A51700321019A41
:1003400091700121019AD1700021019A11710199D6
:100350004871062005900120694608728448854945
:1003600041180B9184494018069052A80A9010A891
:1003700009909DE2072072E294A80078002803D13A
:100380000898008B9028FBD1BFF34F8FBC48BD4924
:100390000860BFF34F8FFEE7D1680179C907FBD52D
:1003A00011460A78FD2313400B70FF21016043E0E2
:1003B0004A0713681B053CD56B465B7A002B38D186
:1003C00001236C466372049B042B32DB1368802488
:1003D000A3431360BF4A526884225200BD4B5B683E
:1003E0009BB2D21A062A0CDB10AA13780A2B03D16F
:1003F00001226B461A7004E00B2B02D100226B46DF
:100400001A72012204926A46127A002A52D0049A81
:10041000012A4FD152AA0823137001235370059B60
:100420009370059B1B12D370AB4A1378194311705C
:1004300029E0049A032AE6D104A8A8490A680260C0
:10044000842252000999A348FFF72AFE042204A936
:10045000A348FFF725FE8020C005016880220A43DB
:100460000260842040009B49496889B2401A0428F0
:10047000F7DD8020C00501688022914301600720DC
:1004800004901FE0D1680179C907FBD511460A78AD
:10049000FD2313400B70FF21016084225200099953
:1004A0008C48FFF7FDFD059A121D0A998C48FFF74D
:1004B000F7FDD0E70498052804D1D2E76B465A73BC
:1004C0000F910E9068460078012802D16846007BA3
:1004D000002800D0C7E110A882490D9A895C441811
:1004E00052AE0420019A10700E21019A51700199A8
:1004F000887001200199C87020780199087160788E
:10050000019948710020019988710120694608729B
:100510006078FC2800D08BE1A07804280FDBE0781D
:10052000009021790902014300910846617909048C
:10053000014300910846A179090601430091207802
:1005400021380928E6D802A14000095A8F4400BF8B
:100550001400D200DA00EE000601380198013A02D8
:1005600072021C010120694608736DE1A20B0410A0
:1005700000200000140004100000041094A800786B
:1005800000289FD16846427B0F990E9800E0012217
:10059000089B9B8FDB0691D5089B1B88DBB2140060
:1005A00002D100246E4674816C466489661C6F46D5
:1005B0007E8110AF3B55140005D1012BE7D0FF2BF6
:1005C000E6D10322E4E7012A01D10222E0E7022A70
:1005D00001D10622DCE7032A01D10422D8E7042A4C
:1005E00002D118000522D3E7052A06D119024018C6
:1005F00080B20021002806D10EE0062A05D118009D
:100600000021002808D00B22C2E70B2AC0D1491CC8
:100610008BB284B2A342BBD3002201236C46237069
:10062000B6E701988570062026E0062001998870BB
:1006300040200199C87100200199087204E100204E
:100640000090042269460B98FFF7CEFD00283ED0AB
:100650004A20B072F8E0AC480090042269460B983A
:10066000FFF7C2FD002832D04A20EBE001988570E8
:10067000A64800680006000F0199C871E4E000BFB9
:100680000400FA050CED00E0FC2001998871009847
:1006900006998842F2D38005F0D1009908009C4A5F
:1006A00012689C4B9A42E9D13F229B4B1A61890305
:1006B000090C9961112119601969C907FCD5590DF7
:1006C0000023DB4302689A42D8D1001D491E58D04E
:1006D000F8E700BF580000A0800040409C0B0410C9
:1006E0006C0000A0A00B0410FB20019988710098F9
:1006F00006998842C2D3E079217A0E020643032785
:100700000098032505400ED0401B0090761900206C
:1007100007E000990918097822000932431BD154D7
:10072000401CA842F5DB3740032086430ED0320040
:1007300020000930694241180098FFF755FD002854
:100740009CD101998871009880190090002F7BD06E
:100750000020874206D221000931721B1218009B2B
:100760001B788B54401C0428F3DB08950422284690
:1007700041426018811909310098FFF735FD0028C2
:1007800001D100205EE0FB205CE0009806998842E1
:1007900015D3E179207A000208430021F31D08E017
:1007A000009A12780C9C64181A55009A521C0092F8
:1007B000491C8142F4D3001D01998870E1E7FA20B9
:1007C00040E0FA2001998871082001998870FF2083
:1007D000019AD071019A1072019A5072019988722F
:1007E0000098069988422FD3002001998871E079FA
:1007F000C10200230022494D0CE0009880180068D7
:100800005840030020205C00DB0F6B436340401E18
:10081000F9D1121D8A42F0D30199CB71180A0199BE
:100820000872180C01994872180E019988720BE031
:100830000F200199487001200199087120780199D1
:1008400048716078019988716846007A012807D15B
:1008500001988078042800DC8CE5C01C80B20590EB
:1008600000206946087094A80078002820D16846C6
:10087000007A00280CD00798002809D101200790A1
:10088000059A0A992648FFF70BFC00206946087272
:100890002020A02109060968014009D0A0210906ED
:1008A0004860002007901E480168012291430160C2
:1008B0001C4808906846007A002807D16846007BEB
:1008C000002803D00798002800D155E5052594A8F5
:1008D0000078012800D051E6134802214A07126827
:1008E000120500D564E56A46527A002A00D15FE518
:1008F00000226B465A72049A012A00D099E50B4AED
:1009000013781943117048E545554C421C0090403E
:1009100014000020CCBCECFC00001040B71DC1044A
:100920001C0000A000003040080040408000404013
:1009300010B50F22474B1C682409144004701B6833
:100940001A400A700178002901D10121017010BDFF
:10095000F8B584B002A800BF49A10CC90CC03E483C
:100960003E4944180194091D45183D480078002867
:100970000BD13C480088052807DD280000F088F8E6
:10098000216881F308888047FEE700A9891C00A838
:10099000401CFFF7CDFF6846407800016946897822
:1009A0000143122904DB02A8417904220A4342715F
:1009B0002D488021490202AA92B20A4302600268CD
:1009C0000A40FCD129482A4908600020694608707D
:1009D0008020C0050978032906D101688904CA0F5F
:1009E000012151406A46117027A1224A224B1E68FC
:1009F000224FBE420DD11A60684600788000085828
:100A00008047684601780220FFF778FC002005B097
:100A1000F0BD6369934208D06846007880000858AA
:100A20008047684601780320EEE70068000708D594
:100A3000684600788000085880476846017804209E
:100A4000E2E7280000F024F80199096881F308889A
:100A50008047FEE71C0090400020000000000410CA
:100A600008009040080010480C000048CCBCECFC8A
:100A70001400002045554C423000002001010101C6
:100A8000023B4802350B000031010410B90004108C
:100A9000C3788278417800781B021A430902120455
:100AA00008431043704700002248FFF7F1FF8047DA
:100AB000FEE72148FFF7ECFF8047FEE780B51F48BF
:100AC00001E080B51E48FFF7E3FF804701BD80B518
:100AD0001C48F8E780B51C48F5E780B51B48F2E7ED
:100AE00080B51B48EFE780B51A48ECE780B51A4897
:100AF000E9E780B51948E6E780B51948E3E780B52E
:100B00001848E0E780B51848DDE780B51748DAE710
:100B100080B51748D7E780B51648D4E780B51648A2
:100B2000D1E780B51548CEE780B51548CBE780B54D
:100B30001448C8E7082004100C2004102C200410CE
:100B4000382004103C2004104020041058200410C9
:100B50005C20041054200410502004104420041081
:100B600074200410782004107C20041084200410C9
:100B7000882004108C20041090200410942004106D
:100B8000982004109C20041080B5002002490860C1
:100B900072B6FFF7DDFE01BD140000200801000061
:100BA00001060004FFFFFFFFFFFFFFFFFFFFFFFF46
:100BB000FFFFFFFFFFFFFFFFFFFFFFFFFFFFFFFF45
:100BC000FFFFFFFFFFFFFFFFFFFFFFFFFFFFFFFF35
:100BD000FFFFFFFFFFFFFFFFFFFFFFFFFFFFFFFF25
:100BE000FFFFFFFFFFFFFFFFFFFFFFFFFFFFFFFF15
:100BF000FFFFFFFFFFFFFFFFFFFFFFFFFFFFFFFF05
:100C0000FFFFFFFFFFFFFFFFFFFFFFFFFFFFFFFFF4
:100C1000FFFFFFFFFFFFFFFFFFFFFFFFFFFFFFFFE4
:100C2000FFFFFFFFFFFFFFFFFFFFFFFFFFFFFFFFD4
:100C3000FFFFFFFFFFFFFFFFFFFFFFFFFFFFFFFFC4
:100C4000FFFFFFFFFFFFFFFFFFFFFFFFFFFFFFFFB4
:100C5000FFFFFFFFFFFFFFFFFFFFFFFFFFFFFFFFA4
:100C6000FFFFFFFFFFFFFFFFFFFFFFFFFFFFFFFF94
:100C7000FFFFFFFFFFFFFFFFFFFFFFFFFFFFFFFF84
:100C8000FFFFFFFFFFFFFFFFFFFFFFFFFFFFFFFF74
:100C9000FFFFFFFFFFFFFFFFFFFFFFFFFFFFFFFF64
:100CA000FFFFFFFFFFFFFFFFFFFFFFFFFFFFFFFF54
:100CB000FFFFFFFFFFFFFFFFFFFFFFFFFFFFFFFF44
:100CC000FFFFFFFFFFFFFFFFFFFFFFFFFFFFFFFF34
:100CD000FFFFFFFFFFFFFFFFFFFFFFFFFFFFFFFF24
:100CE000FFFFFFFFFFFFFFFFFFFFFFFFFFFFFFFF14
:100CF000FFFFFFFFFFFFFFFFFFFFFFFFFFFFFFFF04
:100D0000FFFFFFFFFFFFFFFFFFFFFFFFFFFFFFFFF3
:100D1000FFFFFFFFFFFFFFFFFFFFFFFFFFFFFFFFE3
:100D2000FFFFFFFFFFFFFFFFFFFFFFFFFFFFFFFFD3
:100D3000FFFFFFFFFFFFFFFFFFFFFFFFFFFFFFFFC3
:100D4000FFFFFFFFFFFFFFFFFFFFFFFFFFFFFFFFB3
:100D5000FFFFFFFFFFFFFFFFFFFFFFFFFFFFFFFFA3
:100D6000FFFFFFFFFFFFFFFFFFFFFFFFFFFFFFFF93
:100D7000FFFFFFFFFFFFFFFFFFFFFFFFFFFFFFFF83
:100D8000FFFFFFFFFFFFFFFFFFFFFFFFFFFFFFFF73
:100D9000FFFFFFFFFFFFFFFFFFFFFFFFFFFFFFFF63
:100DA000FFFFFFFFFFFFFFFFFFFFFFFFFFFFFFFF53
:100DB000FFFFFFFFFFFFFFFFFFFFFFFFFFFFFFFF43
:100DC000FFFFFFFFFFFFFFFFFFFFFFFFFFFFFFFF33
:100DD000FFFFFFFFFFFFFFFFFFFFFFFFFFFFFFFF23
:100DE000FFFFFFFFFFFFFFFFFFFFFFFFFFFFFFFF13
:100DF000FFFFFFFFFFFFFFFFFFFFFFFFFFFFFFFF03
:100E0000FFFFFFFFFFFFFFFFFFFFFFFFFFFFFFFFF2
:100E1000FFFFFFFFFFFFFFFFFFFFFFFFFFFFFFFFE2
:100E2000FFFFFFFFFFFFFFFFFFFFFFFFFFFFFFFFD2
:100E3000FFFFFFFFFFFFFFFFFFFFFFFFFFFFFFFFC2
:100E4000FFFFFFFFFFFFFFFFFFFFFFFFFFFFFFFFB2
:100E5000FFFFFFFFFFFFFFFFFFFFFFFFFFFFFFFFA2
:100E6000FFFFFFFFFFFFFFFFFFFFFFFFFFFFFFFF92
:100E7000FFFFFFFFFFFFFFFFFFFFFFFFFFFFFFFF82
:100E8000FFFFFFFFFFFFFFFFFFFFFFFFFFFFFFFF72
:100E9000FFFFFFFFFFFFFFFFFFFFFFFFFFFFFFFF62
:100EA000FFFFFFFFFFFFFFFFFFFFFFFFFFFFFFFF52
:100EB000FFFFFFFFFFFFFFFFFFFFFFFFFFFFFFFF42
:100EC000FFFFFFFFFFFFFFFFFFFFFFFFFFFFFFFF32
:100ED000FFFFFFFFFFFFFFFFFFFFFFFFFFFFFFFF22
:100EE000FFFFFFFFFFFFFFFFFFFFFFFFFFFFFFFF12
:100EF000FFFFFFFFFFFFFFFFFFFFFFFFFFFFFFFF02
:100F0000FFFFFFFFFFFFFFFFFFFFFFFFFFFFFFFFF1
:100F1000FFFFFFFFFFFFFFFFFFFFFFFFFFFFFFFFE1
:100F2000FFFFFFFFFFFFFFFFFFFFFFFFFFFFFFFFD1
:100F3000FFFFFFFFFFFFFFFFFFFFFFFFFFFFFFFFC1
:100F4000FFFFFFFFFFFFFFFFFFFFFFFFFFFFFFFFB1
:100F5000FFFFFFFFFFFFFFFFFFFFFFFFFFFFFFFFA1
:100F6000FFFFFFFFFFFFFFFFFFFFFFFFFFFFFFFF91
:100F7000FFFFFFFFFFFFFFFFFFFFFFFFFFFFFFFF81
:100F8000FFFFFFFFFFFFFFFFFFFFFFFFFFFFFFFF71
:100F9000FFFFFFFFFFFFFFFFFFFFFFFFFFFFFFFF61
:100FA000FFFFFFFFFFFFFFFFFFFFFFFFFFFFFFFF51
:100FB000FFFFFFFFFFFFFFFFFFFFFFFFFFFFFFFF41
:100FC000FFFFFFFFFFFFFFFFFFFFFFFFFFFFFFFF31
:100FD000FFFFFFFFFFFFFFFFFFFFFFFFFFFFFFFF21
:100FE000FFFFFFFFFFFFFFFFFFFFFFFFFFFFFFFF11
:100FF000FFFFFFFFFFFFFFFFFFFFFFFFFFFFFFFF01
:020000041004E6
:10200000006000207DF7041075D50410459E041073
:10201000AA5555AA45554C4200000000000000009A
:10202000000000000000000000000000251905105D
:10203000000000000000000059F00410711C0510A1
:10204000D1630410FDD60410000000000000000061
:1020500039200510351805104D3B0410B522051028
:102060000000000000000000000000000000000070
:1020700000000000272304105F9E04105D9E0410E2
:1020800000000000EBD00410EDD00410EFD00410DD
:10209000F1D00410A1F7041089D7041031410410C5
:1020A0000000000000000000000000000000000030
:1020B0000000000000000000000000000000000020
:1020C000EFF31482EFF309811C4880F31488BFF307
:1020D0006F8FF0B543464C4655465E466746F8B4AA
:1020E000174CEFF30883236006B4164C2068164C97
:1020F0002060164C2068164C2060164C2068164C48
:102100002060164C276800202060BFF34F8F30BF3F
:1021100027600B4C246884F3088882B003BCF8BCA9
:102120009846A146AA46B346BC46F0BC04BC80F320
:10213000098881F31488BFF36F8F104700000000F7
:102140000800002004ED00E0D002002024ED00E0B3
:10215000D402002000E200E0D80200200800204065
:102160000448854600F0A2F800480047310B0610ED
:10217000C046C0460060002030B50B460146002036
:102180002022012409E00D46D5409D4205D31D467D
:102190009540491B2546954040191546521E002D75
:1021A000F1DC30BD70B500242546002801DA012499
:1021B0004042002901DA01254942FFF7DDFFAC4228
:1021C00000D04042002C00D0494270BD10B5441AE6
:1021D0000346944209D28318891803E0491E0C78FB
:1021E0005B1E1C70521EF9D210BD0C460443A4079E
:1021F00003D009E010C9121F10C3042AFAD203E069
:102200000C781C70491C5B1C521EF9D210BDD2B256
:1022100001E00270401C491EFBD270470022F6E725
:1022200010B513460A4604461946FFF7F0FF20464C
:1022300010BD30B504460020034600E05B1C93420D
:1022400003D2E05CCD5C401BF8D030BD0321001D03
:10225000401E037812021A43491EF9D510467047F2
:10226000034610B508330722040E090221435B1E02
:102270001C7800022043521EF6D510BD03460322EF
:102280000870000A491C521EFAD51846704770B5EE
:1022900004460D46072310700E06000A3043090A53
:1022A000521C5B1EF7D52046294670BD064C012501
:1022B000064E05E0E36807CC2B430C3C98471034EE
:1022C000B442F7D3FFF750FF4C540610EC540610FD
:1022D00070B58C180578401C6B075B0F01D1037833
:1022E000401C2A1106D10278401C03E006780E70CB
:1022F000401C491C5B1EF9D12B0705D40023521E3C
:102300000DD40B70491CFAE70378401CCB1A921CC1
:1023100003E01D780D70491C5B1C521EF9D5A142CB
:10232000D8D3002070BD7047F0B50F46B5B0154644
:10233000002130AA0F23445C5E1A491C94551029D1
:10234000F9DB1022694630A800F012FB0026B40029
:10235000E019401CFFF77AFF395D000208430321B2
:10236000891B89002CAC761C6050042EEFDB2146C3
:1023700010236A46084600F0C5F900200326311AEA
:102380008900635C8200AB54635A52191B0A537074
:102390006358401C1B0C93706158090ED1700428BF
:1023A000EDDB35B0F0BD70B5BAB0054600200C4687
:1023B000009020206946087210200A9038901E462E
:1023C000039201A800F084F92246294601A800F0F2
:1023D00007F86A46314601A800F044F93AB070BDEA
:1023E000F7B592B00F46040004D0002F06D1149820
:1023F000002803DD6120400115B0F0BD14980028CD
:1024000004DB102804DA2079800601D49448F3E72D
:102410002079410701D4810702D59148401CEBE7A0
:102420004021084320712046143000250F901430BD
:1024300001901EE00026B00004904019C0190390DE
:10244000FFF704FF00BA010A03980902C07807AA3F
:1024500001430498761C0019406941400498042EF9
:102460001150E8DB636A07A8019A0F9900F07CFA23
:10247000059D28461030059014998842DADB2079B2
:10248000800620D400291EDD0026B00004904019EB
:10249000C0190390FFF7DAFE00BA010A0398090297
:1024A000C07807AA01430498761C0019406941408E
:1024B0000498042E1150E8DB636A07A8019A0F996B
:1024C00000F052FACAE000200B900C900D900E9094
:1024D0000BA9636A0846019A00F046FA0B98872117
:1024E000C00F48430B990C9A4900D20F11430B912E
:1024F0000C990D9A4900D20F11430C910D990E9A27
:102500004900D20F11430D910E99149A4900414090
:10251000284610300E9190421CD10026B000029047
:102520004019C0190490FFF791FE00BA010A0498FF
:102530000902C0780BAB01430298761C001942696E
:102540000298185842405140029807AA1150042E90
:10255000E4DB79E00B988722C00F50430B9A0C9B69
:102560005200DB0F1A430B920C9A0D9B5200DB0FAB
:102570001A430C920D9ACB0F52001A430D924A0047
:10258000424014980E92401B0390C017820F03988C
:10259000002610188010029019E0B0001090401929
:1025A000C0190490FFF752FE00BA010A049809020C
:1025B000C0780BAB01431098001942691098185865
:1025C00042405140109807AA11500298761CB04220
:1025D000E3DCB00001190BAA49691258514007AA5F
:1025E0001150039B00211B1A42199C4696460BE092
:1025F00072465218BA5CCD0018235B1B9A4007AB99
:102600001D586A401A50491C8C45F1DC002909D03C
:10261000CD00182107AA4D1B13588021A9404B401B
:10262000135005E007A90A580123DB075A400A5056
:1026300007A90BAA05E0B00003195B6915586B40A8
:102640000B50761C042EF6DB636A07A8019A0F99DB
:1026500000F08AF920790421084320710020CBE69C
:102660001D0C0000F8B516460F46040009D0002ED8
:1026700007D025468035E86D401E102804D3134846
:10268000F8BD61204001F8BD2079400604D4002245
:1026900011462046FFF7A4FE20790221084320714D
:1026A000002018210CE0C217920F12189208920015
:1026B000121983075269DB0ECB1ADA403A54401CD8
:1026C000EA6D8242EFDC00203260F8BD1F0C000092
:1026D00010B5040007D002230022A16800F00CFA14
:1026E000010003D00CE06120400110BD10202061EA
:1026F0000020024683001B19401C5A610428F9DBA4
:10270000084610BDFFB5D908490083B0891D029164
:102710000368116854684B4041689568614084685B
:10272000C0686C40A446D4681E0E60408B4CC5B295
:10273000A65D655D3606354367460E023F04360EDC
:102740003F0EA65DE75D36043F023E433543AE468D
:102750000F0EDDB2E75D665D3F063E4365462F0224
:1027600005043F0E2D0EE75D655D3F042D022F43EE
:102770003E43CDB20096665D65462F0EE75D1D04B3
:102780003F063E4307023F0E2D0EE75D655D3F04A9
:102790002D022F433E4301966546EDB2070E665D5E
:1027A000E75D0D043F063E431F023F0EE75D2D0E21
:1027B000645D3F0424022743029C3E43641E1032A2
:1027C0000294002C63DD664C704620404300704646
:1027D0006449C00908401B214843434070465840A3
:1027E0001821C841434070461021C84143407046FB
:1027F0000821C841434010685A4D43400098594F42
:10280000204041000098C00928401B2568434140F2
:10281000009818254840E841414000981025E841BB
:10282000414000980825E84141405068019D4140E1
:102830000198ED0920403D4040001B277D43684042
:10284000019F05467D401827FD416840019D1027E6
:10285000FD416840019D0827FD416840956868403A
:102860008446304620403F4DF4092C4040001B2553
:102870006C436040044674401825EC4160401024CD
:102880003546E54108246840E64170404BE7334C4B
:10289000C5B2665D1D0E645D240626430C02250E3E
:1028A0002E4C645D65462D042F0E2C4D2404ED5DE9
:1028B0002D022C432643294C0096DDB2655D0E0E99
:1028C000A45D2406254364462402260E234CA45D01
:1028D0000604370E214E2404F65D360234432543A8
:1028E000AE461E4CCDB2645D65461C4E2F0EF55DA6
:1028F0002D062C4305022F0EF55D1F042E043D0E00
:10290000164F7F5D65463F023E433443EEB2134DA2
:10291000AF5D050E1148405D000607431802030E27
:102920000E48C05C09040B0E0C490004C95C936896
:102930000902084307431068009E63405168049CE5
:102940007040D268206075460498694041600498E0
:102950007A4083600498C26007B0F0BD245306102B
:102960007F7F7F7F0101010100B5FFF7CBFE00BD36
:10297000F7B50298860800240DE00098A7003D18DE
:102980002846FFF763FC00BA000AE9780002084312
:102990000199641CC851B442EFDB0199029A0846C0
:1029A00000F002F8FEBD0000F0B59208002303E03D
:1029B0009C0005590D515B1C9342F9DB4D4FF81FEC
:1029C000F938042A48D0062A6DD0082A43D10023BA
:1029D000CA6915022D0E140E455D045D2D062C43AB
:1029E00015042D0ED2B2455D825C2D0412021543F2
:1029F0002C439D007D590A686A40544001225B1CAB
:102A00000C62940065180C59EE69521C66402E62E7
:102A1000042AF6DBCA6A150ED4B2455D045D2D06A4
:102A20002C4315022D0E1204455D120E825C2D04FE
:102A3000120215430A692C43544005220C6394008A
:102A400065180C59EE69521C66402E62082AF6DBA6
:102A50002031072BBCDDF0BD0022CB681D022D0EFE
:102A60001C0E455D045D2D062C431D042D0EDBB2AE
:102A7000455DC35C2D041B021D432C4395007D590D
:102A80000B686B405C400123521C0C619C00651874
:102A90000C59EE685B1C66402E61042BF6DB10318E
:102AA000092ADADDF0BD0022CB681D022D0E1C0EB6
:102AB000455D045D2D062C431D042D0EDBB2455DE6
:102AC000C35C2D041B021D432C4395007D590B68EC
:102AD0006B405C400123521C0C619C0065180C5932
:102AE000EE685B1C66402E61042BF6DB1831092A68
:102AF000DADDF0BD24540610F8B59E468C46002859
:102B000007D0002905D059078C0F002A04D1012CC9
:102B100002D061204001F8BD416A102903D0182974
:102B200001D0202905D1012C05D00169491E1029A9
:102B300001D31E48F8BDC2600179F9231940017123
:102B4000012C20D000210B468D002D18491C6B61F3
:102B50000429F9DB0021182712E0CB179B0F5B1823
:102B60009B089B001D182B46143300938B07565C63
:102B7000DB0EFB1A6D699E403543009B491C1D60AE
:102B800003698B42E9DC0179C9070CD16146816098
:102B90007146C90701D0032C05D10146426A28318C
:102BA0006046FFF7E5FE0020F8BD00001F0C0000A6
:102BB0007FB505469868012202739A681C465173D6
:102BC0009868022202A90E300AF0A3FDA168052030
:102BD0000D74E0807FBD000010B508480C46006809
:102BE000074902224118A0685C310273A0680D30C9
:102BF0000AF08FFD0320E08010BD0000A00300203C
:102C00006407000070B5064608881D460C46001D86
:102C100081B21346022230460BF08EF821882B46F3
:102C2000891C2180091D89B2022230460BF084F8EC
:102C30002088801C208070BDFEB500240E462746EB
:102C4000056845E028680290A968022230460D31E7
:102C50000AF05FFD3088B84209D087B2384604F0E8
:102C6000CFFD014601AA384606F05CFC019CA9682C
:102C7000022268460F310AF04CFDE888401F81B2FD
:102C80002220005D002806D001280BD0002811D09A
:102C9000012814D01BE0E08B6A461288401E904247
:102CA00006D307E0208C6A461288401E904206D266
:102CB0000720FEBD684600880818E18B03E06846DF
:102CC00000880818218C884201D90D20FEBD029D84
:102CD000002DB7D100203080FEBDFFB5C88800258B
:102CE000401E83B00E4687B2012427E0B06802225E
:102CF000083001196846091D0AF00BFD6846008876
:102D000004F07EFD01001DD068460A8D00888242D5
:102D100012D001AA06F006FC00280DD10199262048
:102D2000405C400708D506986A00101802221C3142
:102D30000AF0EFFC6D1CADB2A41CA4B2BC42D5D30A
:102D40000C98058007B0F0BDFFB5074683B00020A2
:102D500000900D9804F054FD069905460C31019140
:102D6000002826D00837BD4223D0288D0E998842EE
:102D70001FD80D99884213D30E99884210D829463E
:102D800002222A3101980AF0C4FC10220C990698FC
:102D90000AF0B5FC002809D0298D0E98814208D090
:102DA0002E462C6A2036B4423FD140E005980021DF
:102DB000018007B0F0BDA18B0D98814234D30E98ED
:102DC000814234D8204620300290C078012808D0B3
:102DD0002046083010220C990AF091FC002808D0F7
:102DE00022E021460222083101980AF092FC06985E
:102DF000F0E702988079400716D50098002801D1A5
:102E0000E08B0090E18B814211D10598022200886D
:102E100041000498081821461C310AF07AFC0598F4
:102E200005990088401C08802468B442C3D12D68ED
:102E300099E700000648002102684B204001101865
:102E40000170417003218170C17000207047000043
:102E5000A003002070B50D4D044601232868D90257
:102E6000401890261A46C06C314610F0E7FC01006D
:102E700003D030464C6010F0CDFC4B202968400157
:102E800009180878401C087070BD0000A0030020DD
:102E900010B5044600202082A074A168A161616180
:102EA0002060204608F0C0FF452801D0412010BD19
:102EB000A088032117F086FE04461BF01BF90028AA
:102EC00013D072B60A48012201684920400109184E
:102ED000487EA2401043487662B600201EF03AFDBC
:102EE000002802D0002016F09FF9002010BD00003D
:102EF000A003002070B5C17C0E4D4906490EC17477
:102F0000044601232868D902401890260022C06C8C
:102F1000314610F093FC010003D030464C6010F0B5
:102F200079FC4B202968400109184878401C4870FA
:102F300070BD0000A003002010B504461B480078B7
:102F4000022803D019480078012804D1184817F046
:102F5000E5FD002803DC17480078002801D0002098
:102F600010BD12480078042803D0104800780728C4
:102F700001D10120F4E70D480078022803D00B4866
:102F80000078012810D10A4817F0C8FD00280BD19D
:102F9000022006490870400700690121C902084360
:102FA000C90408610320DBE70020D9E73E030020C5
:102FB000801400203C03002010B504460A48007825
:102FC000002804D1094817F0A9FD002808DC0848AA
:102FD00017F0A4FD002803DC06480078002801D083
:102FE000002010BD0120FCE73D03002080140020DC
:102FF000901400203C03002010B5044614480078CB
:10300000002804D1134817F089FD002808DC124875
:1030100017F084FD002803DC10480078002801D058
:10302000002010BD10200EF0E1FF01280DD140035B
:1030300003F07CFA012808D18007006901214903C7
:103040000843490408610320EBE70120E9E7000099
:103050003D03002080140020901400203C03002039
:10306000F8B516460D46074600240EF0CFF80028A6
:1030700006D032462946384600F0C2FF044604E036
:1030800020356879002802D00E242046F8BD287922
:10309000C10701D1012E09D0810701D4022E03D02E
:1030A0004007F2D4042EF0D10324EEE70224ECE72B
:1030B00088681E2202730120C8800020704710B566
:1030C0008B6818241C738B685A730222CA802122D1
:1030D000016992011143016119218173002010BD22
:1030E000FFB581B00646684680890C9F0C460028D3
:1030F00037D06946098A884233D87088C01FB842E1
:103100002FD3FD1DAAB2002120460BF0B4FF0028EA
:1031100002D0642005B0F0BDA06806210173A0684C
:10312000022203A90D300AF0F4FAA068022204A9D1
:103130000F300AF0EEFAA06802220AA911300AF054
:10314000E8FA3A460B2120460B9B0AF0F5FDE58094
:10315000212130698901084330610720B0730020C4
:10316000D8E74220D6E77FB50546684600890C4679
:1031700000281ED06946898988421AD8A06804218F
:103180000173A068022202A90D300AF0C2FAA068F9
:10319000022203A90F300AF0BCFA0520E0802121A9
:1031A00028698901084328610520A873002004B01C
:1031B00070BD4220FBE7FFB581B0064668468089B6
:1031C0000B9F0D4600282DD07088401FB84229D390
:1031D0007C1DA2B2002128460BF04DFF002802D032
:1031E000642005B0F0BDA86816210173A86802220A
:1031F00003A90D300AF08DFAA868022204A90F3045
:103200000AF087FA3A46092128460A9B0AF094FDFB
:10321000EC80212130698901084330611720B073A7
:103220000020DEE74220DCE77FB5054668460089DE
:103230000C4600281AD0A0680C210173A068022255
:1032400002A90D300AF065FAA068022203A90F3026
:103250000AF05FFA0520E0802121286989010843EE
:1032600028610D20A873002004B070BD4220FBE748
:103270007FB50546684600890C9E0C46002816D08E
:1032800069468989884212D8A06810210173A06814
:10329000022202A90D300AF03CFAA068022203A91A
:1032A0000F300AF036FA012E04D0022E0AD0422046
:1032B00004B070BDA068022208A911300AF029FAF2
:1032C000072006E008AB1022092120460AF034FD51
:1032D0001520E080212128698901084328611120F7
:1032E000A8730020E4E77FB50546684600890C9E78
:1032F0000C46002816D069468989884212D8A068F1
:1033000008210173A068022202A90D300AF001FA17
:10331000A068022203A90F300AF0FBF9012E04D0A5
:10332000022E0AD0422004B070BDA068022208A973
:1033300011300AF0EEF9072006E008AB102209214F
:1033400020460AF0F9FC1520E08021212869890136
:10335000084328610920A8730020E4E7FFB5074669
:103360005804040C788881B0401E0E46A0421FD33A
:10337000042C1DD3651CAAB2002130460BF07BFE45
:10338000002802D0642005B0F0BDB0680E210173A2
:10339000224605213046039B0AF0CEFCF580212011
:1033A0003969800101430F203961B8730020EAE7D1
:1033B0004220E8E737B50546684600890C460028F4
:1033C00013D0A0680A210173A068022202A90D305F
:1033D0000AF09FF90320E080212128698901084330
:1033E00028610B20A87300203EBD42203EBDFFB5E2
:1033F000064681B00C4688680A9DD2210173A068F8
:103400001F46022203A90D300AF083F93B462A46E3
:10341000072120460AF090FCED1CE580308821460B
:103420000005000D0EF00CF9002005B0F0BDFFB551
:1034300081B08C680A9E5220207388680D461F4612
:10344000022203A90D300AF064F93B4632460721F7
:1034500028460AF071FCF61CEE80002005B0F0BD95
:10346000FFB581B00646684680890A9F0D46002850
:1034700027D07088C01EB84223D3FC1CA2B2002102
:1034800028460BF0F8FD002802D0642005B0F0BDFE
:10349000A86812210173A868022203A90D300AF05E
:1034A00038F93A4607212846049B0AF045FCEC808F
:1034B000212130698901084330611320B073002055
:1034C000E4E74220E2E70000034900280A7801D03F
:1034D0000020087010467047A403002070B5124CFD
:1034E0000E462178012500291BD1014601200AF052
:1034F00015FA6070314602200AF010FA617840181F
:1035000060703146203103200AF008FA61784018D3
:103510000006000E607004D10AF090FA02202070BC
:103520000025284670BD0000A403002070B5184D8A
:1035300090B02878002802D0012010B070BD6E46EF
:10354000002406F076FCA100641C7050082CF8DB07
:10355000694601200AF0E2F90128F1D020220D4944
:103560006846FEF733FE0B492022203108A8FEF7FB
:103570002DFE694602200AF0D1F908A903200AF0BD
:10358000CDF90AF05BFA012028700020D5E7000091
:10359000A4030020B45206107EB504460D4616461C
:1035A000684606F0C7F8684600782070684640789C
:1035B00028706846807830707EBD000010B50146E6
:1035C000002004E0114A125C521C1218D0B20F4ABB
:1035D000125C002AF6D1C21C202A0CDA02220B4B04
:1035E0001A543523094C421CA3542346821C995477
:1035F0000023C21CA3540222054B1A7035225A70B4
:103600001A4691700022DA7010BD0000AC03002051
:103610001C00002010B50EF0A7FB1D4C41212068B6
:1036200049014118097F00290DD1A0300079C00758
:1036300005D102F0FDF904F09FFA0DF0D5FA00F083
:103640003BFD01F097F900F011FA20680146403186
:103650000A78C9798A4319D13E21095C002915D11C
:103660000C490A88120711D50922D2061269497A33
:10367000836AC90059181123DB01C018806A801AB7
:1036800000020012814201DA15F022FD10BD000097
:10369000A0030020C000002005480078002804D0C6
:1036A000002003494870012070470020FCE700001B
:1036B000DC030020F8B504460D4616461F460648B2
:1036C0000078012806D13B463246294620460BF0B9
:1036D00095FCF8BD0020FCE7EC0300200246002A20
:1036E00002D00548808A1080002902D00248006973
:1036F0000860014880687047EC03002010B503465D
:103700000C480078002801D00C2010BD002A03D1FD
:103710000120084C207002E00220064C2070054871
:10372000438081800020034CA060E060206100BFE6
:10373000EBE70000EC03002005480078002801D1E9
:103740000C20704700200249087000BFF9E7000014
:10375000EC030020FFB5FFB086B006460F461C46BE
:1037600005A8049019480078002803D00C207FB0E9
:103770000AB0F0BD0121490205A8FEF74FFD002067
:103780001249C8600846C1680498016005A8002174
:103790000094012302940191039039463046879AA0
:1037A00013F0E3FD0546002D0DD1084846808780C3
:1037B00006498798C880084604810120C8600870BF
:1037C00000204870D3E72846D1E70000DC03002042
:1037D0000148C06870470000DC03002005480078FD
:1037E000002801D10C20704700200249087000BF5A
:1037F000F9E70000DC030020F0B5FFB082B0064618
:103800000F46144601A8009015480078002803D000
:103810000C207FB002B0F0BD0121490201A8FEF7E3
:10382000FDFC00200E49C8600846C1680098016090
:10383000E2B201AB3946304614F045F80546002D9A
:103840000BD107484680C780048101200449C86025
:103850000220087000204870DBE72846D9E7000006
:10386000DC03002010B50948407800280CD1074837
:103870000078012802D10EF07FF805E003480078B7
:10388000022801D10EF0B2F810BD0000DC030020C8
:10389000F8B504460D4616461F460648007802282D
:1038A00006D13B463246294620460BF0A7FBF8BD21
:1038B0000020FCE7EC03002010B5837F01220024E8
:1038C00092024168082B03D94224914202D310E0AE
:1038D000914201D242240CE001463422064809F00C
:1038E00018FF00F083F8002801DA482401E00EF008
:1038F00009FF204610BD0000C01400203EB5174D42
:1039000015482968827F0846A0310A730024603078
:10391000047644768476E122C276802202770222FF
:103920004277302008704C7002AA01A96846FFF760
:1039300033FE68460078A22201016846007A891C9D
:1039400000020143684600790003014328681152D0
:10395000A03004713EBD0000C0140020A003002070
:1039600070B50EF0E7F907F06FFE0AF057F9FFF7B0
:1039700061FA06F0BDFC1A4C1A4920681A4D40182D
:10398000811013202A68C0011018C162616889087B
:103990000163A168890841630DF056F829681F206A
:1039A0008001228B08188280628B0F23C280DB018A
:1039B000A28BCB18DA87628C0280224620321278E2
:1039C00082703D22520100208918087301F072FEB6
:1039D00006F002F815F08CFF01F052F870BD0000FF
:1039E000C01400200000FCEFA003002070B50025EB
:1039F000ED4316F00FFF01282ED0002318490322B3
:103A0000888BFF24401E10438A7F593462438218FA
:103A1000088B282460431218488B30246043121806
:103A20000846203040782C24604310180D4A18189E
:103A300084184869A0420DD10B4884420AD90D6907
:103A400016F0E8FEC1B2284600F050FE00F08AFFF2
:103A5000401B251A284670BDFF23B533CEE7000072
:103A6000C014002089190000B8090000F8B52C4FD7
:103A70003C68206E5C34401C002814D00025294886
:103A80000023C07B00283ED00926F6062648002DDC
:103A90001CD000210A460B464169521C994204D1B0
:103AA000002902D004E00125E9E7204B9A42F2D335
:103AB0002160006960603069A1680002090E000A97
:103AC00009060143A16000F033F81DE03169A268E6
:103AD0000902090A150E08D0018BC90712D04169E5
:103AE000216000696060E37210E0881A00027D23A3
:103AF00000121B03984205DD100E00060843A0606B
:103B000000F016F8F8BD6360002DFBD003CC1DF06B
:103B1000C7FEFA201CF0FCFF39688862F8BD00007F
:103B2000A0030020E01400200000104888130000CB
:103B30000449002008610448012100686030C17117
:103B40007047000000001048A003002010B50BF0E3
:103B500007FD03480068401C0149086010BD0000D3
:103B6000DC02002070B5274A00211068034640306F
:103B700041760176492040011818417681760F2060
:103B80002033987513230846DB0114680546E418B2
:103B90006468303521541468E41864686155146809
:103BA0003035E418646861551468E41865680446A3
:103BB0009034401CC0B229552D28E6D31068C31894
:103BC0005C6809231B02C318DC65254630359D65FA
:103BD00090345C65FF234830037043708370C3707A
:103BE0001F23037112684D20815407480180092169
:103BF000417105238371C1710372428100F006F89F
:103C000070BD0000A0030020C000002010B50648D1
:103C100001680648406A002803D0202216F06AFC9A
:103C200010BD0020087010BDA0030020C0140020AB
:103C3000F8B5069C1F4615460646002C13D0A06812
:103C400002220D3009F065FDE81E82B23B460721D5
:103C500020460AF071F8E580A068012E05D01D21EC
:103C600001730020F8BD4720F8BD1B21F8E770B5AF
:103C700015460646FFF7F4F90446082D0BD1052C2E
:103C800009D130460DF0C2FA002804D00089400462
:103C9000800F00D00024204670BD2423184204D099
:103CA000C81F092803D82032D17100207047422054
:103CB00070470000F1B5FFB001248BB060020590A1
:103CC0000027CC4807970168CB48C94D08180390D6
:103CD0008A980AAA0005000D05A90CF067FC069059
:103CE000002872D104260AA805994218203AD27FEA
:103CF0000B2A23D00026002004900AA88119022252
:103D000001A8029109F005FD6846818809AB08AA5F
:103D1000039805F0E9FB012817D002287ED06846F9
:103D20008088854200D30546844200D92046044657
:103D300002988078012872D013363CE1491E761E25
:103D400036040591360CCFD1D5E708980090002FA6
:103D500066D1009902222831029809F0D0FC00288F
:103D60001ED100982030017B02988078814217D1C3
:103D7000012808D10098029902220830C91C09F0D4
:103D8000BEFC002815D002988078022808D100983F
:103D9000029910220830C91C09F0B1FC002808D093
:103DA0000098008DA84200D80546A04200D22046C7
:103DB000044602990AA88978012907D01336059983
:103DC000B6B28E4204D3012707E006E1761DF6E77E
:103DD0008119022201A809F09CFC0399009808317E
:103DE0008E462FE084466946026A8B8820300DE0BB
:103DF000918B994203D3012F7ED199427CD9A9425C
:103E000000D80D46A14200D30C4612688242EFD181
:103E10000498002804D16046006802E015E0BFE085
:103E20008AE070450ED0018D994203D3012F09D14C
:103E3000994207D98D4200D30D468C4200D80C46DA
:103E4000012F59D17045CDD1BAE008980090002FCC
:103E500072D1009902221C31029809F050FC00280E
:103E60001ED100982030C17802988078814217D105
:103E7000012808D10098029902220830C91C09F0D3
:103E80003EFC00281AD002988078022808D10098B9
:103E9000029910220830C91C09F031FC00280DD00D
:103EA0000098808BA84200D80546A04200D2204648
:103EB000044602988078012826D003E00298807892
:103EC000012805D013360798B6B201281ED021E08C
:103ED00000984A490089884216D18A9801F096F8DC
:103EE0000146009800F072FF0099098C4843009940
:103EF00089694018022200E038E00299491D09F062
:103F000008FC01200790D4E7761DDCE7B61C0020F2
:103F1000B6B207900598864201D3012705E00AA8AA
:103F20008119022201A809F0F4FB039A00990832D2
:103F300009980968944630E01AE086466A469388F4
:103F400020300DE08A8B9A4203D3012F0ED19A4282
:103F50000CD9AA4200D81546A24200D314460968DB
:103F60008142EFD1049800282AD102E00120049078
:103F700026E07046006860450FD0028D016A9A42C3
:103F800003D3012F09D19A4207D9954200D3154690
:103F9000944200D81446012FE8D16045CDD10FE0FE
:103FA0000298C078022805D102980079292801D109
:103FB000B61CB6B2761D0598B6B2864200D301276C
:103FC0000598811B042902D3864200D293E6049807
:103FD0000028FBD1A54203D906987FB00CB0F0BDF4
:103FE000224629468A9805F0CFFF0690F5E70000A3
:103FF000FFFF0000A003002064070000022900006A
:1040000070B515460C4606460DF0E8F82034617987
:10401000012D09D00A0702D54207920F0FD0CA0618
:1040200025D5020709D522E0CA0702D04207920F20
:1040300005D08A0705D5020703D4082070BD0520E6
:1040400070BD490707D5C00709D0E17930460DF0AA
:1040500039F85F2805D02079C00704D005E00F208B
:1040600070BD0C2070BD022070BD002070BD89069F
:1040700007D5C007F3D0E17930460DF023F85F286B
:10408000EFD02079810701D4022D07D0410701D458
:10409000042D03D00007E8D4082DE6D1032070BD1D
:1040A00000B500F0B3FF002805D085220169920118
:1040B000114200D0002000BD10B50AF0CBFC09F081
:1040C00017FC16F0A7FB012801D100F03DFAC0460D
:1040D000C04600F0E7FA10BD052149074860704767
:1040E000002905D0026852085200521C026003E009
:1040F00002685208520002607047002A03D0036829
:104100000B43036002E003688B4303607047014682
:10411000486880B2704701460022052040070268C7
:1041200010460840002801D0012070470020FCE71D
:1041300010B5034909788900024A5058804710BDDC
:1041400014030020444B061010B5002202680D4BEA
:104150001A400C6A8B6823430C6923434C69234340
:104160008C692343CC6923434C6A23438C6A2343E1
:104170001A430260CB6843600B6883604B68C3607E
:1041800010BD00000F80FFFF034618684008400084
:104190001860D9605A60186840084000401C1860D8
:1041A000002070470021016041608160C1600161B1
:1041B00041618161C16101624162816270470000B9
:1041C0001FB52020FFF7A7FF00285FD02020FFF7B2
:1041D00083FF00202E49087005204007C069400871
:1041E000400005214907C8610AE02A480068401CD0
:1041F00028490860084600682749884200D909E034
:1042000080200DF0F3FE0028EFD008200DF0EEFE28
:104210000128EAD000BF402002F002FA1F4903C97A
:1042200001910090684602F0DFF8002002F049F8A2
:1042300000BF0120400302F079F90028F9D00120E5
:1042400002F03FF813480068134988421AD2144814
:1042500016F0A0FB124816F061FC002812DD0120C8
:10426000400302F063F901280CD103AA02A90C480B
:1042700016F0E3FB002805D1684601890398001D6C
:1042800020F00AFB00200349086000BF1FBD0000AA
:104290003D03002038030020FFFF0F00D45006101C
:1042A000801400201CB52020FFF735FF002822D005
:1042B0002020FFF711FF00200F490870052040075C
:1042C000C0694008400005214907C8610B4816F045
:1042D00061FB0A4816F022FC00280CDD01AA6946A1
:1042E000064816F0AAFB002805D168460188019807
:1042F000001D20F0BDFA1CBD3D03002080140020ED
:104300000948007803280ED10120800700680121A8
:1043100009030840884203D100200349087002E0E5
:1043200001200149087070471403002010B52D4882
:10433000FDF78CFF2C49884204D90021C9432B4842
:10434000816204E02748FDF781FF284988622549FA
:104350000939C8798979000208432549884204D17E
:10436000FF21F5312148818507E01E490939C879C7
:104370008979000208431D4988851A480938007A5E
:10438000FF2804D1002119482430817205E0154826
:104390000938017A15482430817212480938417869
:1043A00012482430C1720F4909394879097900024D
:1043B000084319214901884202DD0C48018607E0C3
:1043C00008490939487909790002084307490886EC
:1043D0000648FFF771FA0446002C01D000BFFEE743
:1043E00010BD0000D5030020B0031900E00200203A
:1043F000FFFF00003EB5082030498880FFF780FFAE
:104400002F4D0E2229462F48FDF7E0FE2E49097850
:1044100089002E4A5058804716F0DCF82948007869
:10442000002806D12A48007A40084000401C28494C
:104430000872284880B20121090408430921C906ED
:10444000C86000BF0920C006C068012109040840F7
:104450000028F7D1684605F06DF9694648780001F3
:1044600089780843122801DB0DF038FB00BF1A4899
:10447000008B0028FBD00120174908831720888172
:10448000002008610920C006046900BF0920C00699
:1044900000691021084021408842F7D0094800787F
:1044A000002802D115200D4908700D480D490860FB
:1044B0000D480E49086262B63EBD00000000104083
:1044C00000F90710CC03002014030020504B061005
:1044D0000000204015030020000010480000C040EC
:1044E000CCBCECFC1400002066000E0000009040E4
:1044F00070B5134909220968120200208B18AC22FA
:10450000525C19E060249D6E44432C195C252D5D9E
:10451000ED060FD50B480818C030428A018A608921
:1045200007F0B8FF3A2804D04034207FEF2108403C
:10453000207770BD401CC0B28242E3D870BD00003D
:10454000A00300205808000010B5FFF7D1FF10BDF0
:10455000FFB50746464881B000880D464549092207
:104560000968120240078A18400F926E6023584370
:10457000141841480E1816F04DF9002822D0142DB9
:1045800004D0152D20D0072D59D05CE0214603988A
:1045900006F039FC01212069890408432146403195
:1045A0002061087F022210430877820609D56279CC
:1045B000520852006271DF2210400877002F4ED15E
:1045C00051E0012005B0F0BD25464035287FC007E9
:1045D000F7D02146039806F016FC204606F0E4FBCF
:1045E000002825D0A888E988884200D30846E881B9
:1045F000698AA88A814200D2084668832A8AE98AA1
:104600008A4200D2114629836A882889824200D2D0
:104610001046C9080E3989B26881884200D308461D
:10462000A88104980068012149060843049908609C
:10463000287F400840002877002F10D113E003980E
:10464000C078142802D0002005B0F0BD4034207F8F
:1046500004214008400008432077002F03D00820A1
:10466000C036F073ADE70820C036B073A9E700008C
:10467000C0000020A003002058080000F8B5044640
:104680000D4616461F463B46324629462046FFF752
:104690005FFFF8BD002101E000BF491C8142FBD350
:1046A00070470000F8B5104E30682030C57D002DF1
:1046B00019D0002409273F0210E0E9070BD0C019E8
:1046C000816E6020604308184030417F204607F02B
:1046D000D3FB002807D06D08641CE4B23068AC211D
:1046E000095CA142E9D8F8BDA0030020F3B581B070
:1046F000984A012101A808F031FF974C042220605C
:10470000432101A808F02AFF01272168FF02C919E7
:1047100008640422432101A808F020FF2168042234
:10472000C9194864FF21843101A808F017FF2168E6
:104730008A4DC9198864A97F0C2201A80B3108F0A1
:104740000DFF13212268C9015118C860A97F2022DA
:1047500001A808F003FF0926216836028919C867F5
:10476000A97F102201A808F0F9FE13212268C901CF
:10477000511808602822052101A808F0EFFE132136
:104780002268C901511888603022052101A808F06B
:10479000E5FE13212268C90151184860FA10012171
:1047A00001A808F0DBFE13212268C90151184861F5
:1047B000A97F602201A808F0D1FE21682022891972
:1047C0008866A97F01A808F0C9FE21688919C86612
:1047D000AA8B012101A808F0C1FE0F212268C9019E
:1047E00051188863298B282201A808F0B7FE0F21F1
:1047F0002268C90151180863698B302201A808F0AA
:10480000ADFE0F212268C901511848630C22012115
:1048100001A808F0A3FE21680C228919486601212D
:1048200001A808F09BFE216828228919496E88603A
:10483000284620300090417801A808F08FFE2168BA
:1048400004228919496E896888600098417801A816
:10485000491C08F083FE216810228919496E896875
:104860004860A97F01A808F079FE21680222C919D1
:104870004863A97F01A808F071FE21680222C919C6
:10488000C860A97F01A808F069FE21680222C91941
:104890000861A97F01A808F061FE21680222C919F8
:1048A0004861A97F01A808F059FE21680122C919B1
:1048B0008861A97F01A8491C08F050FE21681022D8
:1048C000C91908630B2101A808F048FE07222168D6
:1048D0001202891808650422802101A808F03EFE12
:1048E000216889190867029ADC204243012101A846
:1048F000443208F033FE216889194867029AD820AB
:104900004243012101A82C3208F028FE2168F02240
:1049100089198867012101A808F020FE104C7C222B
:104920002060A97F01A808F019FE21680822C86745
:10493000032101A808F012FE2168282280310860B6
:10494000012101A808F00AFE216880314860019821
:10495000FEBD0000B8090000A0030020C014002024
:10496000A8030020704710B5C001000C00F0ECF95E
:10497000002010BDFEB572B63F4D082328680146E1
:104980004030C2791A43C27162B6002001276C46DA
:10499000FF0282005218D219D26C52884300401C88
:1049A000C0B2E2520328F4D372B6C8190021866B54
:1049B000816362B6F00702D0002016F0E5FCB00774
:1049C00002D5012016F0E0FC700702D5022016F097
:1049D000DBFC300702D5032016F0D6FC002623E0CE
:1049E0000D281AD2211D254A8000125820469047D2
:1049F000002812D072B62868F7224030C1791140E1
:104A0000C17162B630E03A2807D21C49231D8000EC
:104A1000E8390A58194620469047029829684018F4
:104A2000C019C06C2188018071006846415AB000ED
:104A300002902A688018C019C06C028892089200FF
:104A40001418028808348A420ED0A27891070BD03D
:104A50009107890F012901D104460834A078800804
:104A6000C006E078CFD5BBE7761CF6B2032EDBD3C9
:104A700016F062FBFEBD0000A0030020805206106D
:104A800070B516F073FB114D01242868E40200197B
:104A9000006C402115F056FF29680919C864486C5C
:104AA000402115F04FFF296809190865886CFF211E
:104AB000813115F047FF2B68082219194865044811
:104AC0000021181808F02FFE70BD0000A003002080
:104AD00038080000FEB50646294814460068294AF1
:104AE0008518C888032806D0234600220221042006
:104AF000FEF75EF842E08968022268460D3108F050
:104B000008FE326990052ED468460188172903D320
:104B10005C20405B172801D2172002E0814200D2BE
:104B20000846708001204002024302203261019059
:104B3000134839210068490141183788097C768873
:104B4000012349070FD5D902083040182422C06C30
:104B500002210EF073FE002805D08780C680014632
:104B600001980EF057FEA06803260673A068294638
:104B700002225C310D3008F0CCFDE6800020FEBD45
:104B8000A003002064070000F7B590B000206A463B
:104B90000D9090826A4A6B4B12680446D218CB88FB
:104BA000022B08D0002218210420129BFEF700F8E7
:104BB000002013B0F0BD8B6800205E7B0A900B9044
:104BC00088883032019209900027019813F0BAFECC
:104BD000054620E028680890A9880998814219D1E3
:104BE000A968022207A80D3108F093FD002F01D11A
:104BF0006846878B6846808B87420BD1294601988F
:104C000013F0EDFE002028600A98002811D00B98C0
:104C100005600B95089D002DDCD1002FD4D1129892
:104C200019218068017301211298012EC18002D0E0
:104C300081E00A95EDE702A90AA8FDF7FDFF00282B
:104C400079D069460A891821129BFDF7B1FF002629
:104C500071E081680546022202A80D3108F059FD75
:104C6000012E66D16846008902F0CAFD01466846F9
:104C70000EAA008904F056FC0E9C1099204600F004
:104C8000A5F80D9055E02F68012E3FD1002F06D0DA
:104C9000B968022205A80D3108F03BFD02E00020B2
:104CA00069468882A968022204A80F3108F031FD04
:104CB000E8880D99401F80B20090208CA26948437B
:104CC00069461018098A009A43180921284608F0F5
:104CD0003BFF2220005D012804D16846018A00982C
:104CE0000818E08368460189808A81420ED0208CB2
:104CF0000D99A26948431018002101900091109865
:104D0000E38B0188A28B022011F06CF80A990868E5
:104D10000A90002008600A99002900D10B90012117
:104D2000284608F0B5FF69460889898A884202D179
:104D30003D46002DA7D10A9800288AD139E7000006
:104D4000A00300206407000000B501460948006880
:104D5000094B984200D000BD4806020C3F20074B8B
:104D60001881184682611120188000F025F800BFD4
:104D7000F1E7000014000020CCBCECFC0000104067
:104D800000B5024609480068094B984200D000BDB2
:104D90003F20084B18819008986106484030016018
:104DA0003320188000F008F800BFF0E7140000205E
:104DB000CCBCECFC0000104000BF0348008AC007D8
:104DC000C00F0028F9D070470000104030B50246EF
:104DD00023239B5C0020012B1AD112890D4B9A4290
:104DE00016D10D4A092312681B02D318A032DB6EBC
:104DF000127B0AE045010C885D5B24052D05240D1E
:104E00002D0DAC4204D0401CC0B28242F2D800202A
:104E100030BD000002290000A0030020F7B578484B
:104E20000F460068774988B04418F888072804D2EC
:104E30000022062104200A9B2AE0B9680222684663
:104E40000D3108F066FCB968022201A80F3108F0A4
:104E500060FCB968022204A8113108F05AFCF888F5
:104E6000C01F80B2039068460288808882420CD8B6
:104E7000002A0AD00898002142880A980AF0F4F81B
:104E8000002808D045200BB0F0BD062101200A9B68
:104E9000FDF78EFEABE00A980721806808340173A5
:104EA0000121684601810594008802F0A9FC0500F3
:104EB0007CD086E06846008A0522D202904202D069
:104EC000521C904226D168460088814278D32946F8
:104ED0000B2208313846039B08F0D4FE69466A8DE0
:104EE000098A8A426CD10399022901D0102967D11D
:104EF000002865D12A462846296A28322030814276
:104F000002D06B6A1C3300E0134602A90A98FDF731
:104F100079FE55E02E462C6A2036B4424ED14FE041
:104F20006946A08B0988884247D3694689888842A8
:104F300057D82320005D01283FD120460899FFF76C
:104F400045FF218CA269414351180B223846039B2F
:104F500008F098FE06900898012200882146000576
:104F6000000DFEF77DF801466A462089128A9042BC
:104F700023D1002921D1E28B03998A421DD10699C0
:104F800000291AD108996A4649881289891A042980
:104F900027D322461C491C32884208D12068B042DF
:104FA00005D00089884202D02468F7E719E023463B
:104FB0001C3302A90A98FDF725FE2468B442AFD13C
:104FC0002D68059885420CD06846298D80888142DD
:104FD00007D808986A4640881289801A042800D3A6
:104FE00068E768460089012803D90A99C88000202B
:104FF00049E76846028806210A200A9B48E7000024
:10500000A0030020640700000328000010B50D492C
:1050100000050B68092109025918CA6E0021000D0C
:10502000A0331B7B0AE04C01145B2405240D844251
:1050300002D14801801810BD491CC9B28B42F2D878
:10504000002010BDA0030020FFB589B00024054654
:105050000794D0881646052804D00022042108466B
:105060000C9B20E0B168022208A80D3108F051FB2A
:10507000B168022268460F3108F04BFB6846028C8B
:10508000008882420CD8002A0AD00A98002142885F
:105090000C9809F0E9FF002808D045200DB0F0BDBC
:1050A000042101200C9BFDF783FDB9E06846008CCC
:1050B00002F0A6FB060076D00835049504988642D7
:1050C00072D06946308D098C884230D36946098890
:1050D00088422CD8002C0AD1012107910C98052177
:1050E0008068022401730C980799806841730A98BC
:1050F0004088001B042857D30798012854D1201D4D
:1051000081B23346283302220C9808F015FEA01D08
:1051100081B233462A330222A41C0C9808F00CFEFC
:105120006946A41C308D0988A4B2884274D03746E1
:10513000356A2037BD42C1D060E06946A88B098C32
:1051400088425AD369460988884265D8002C36D0EF
:105150002320415D0798814260D10A984088001B56
:10516000042802D30799012904D0122856D307989E
:10517000022853D1201D81B22B461C3302220C98E9
:1051800008F0DAFDA41C0798A4B201280DD0201D58
:1051900081B22B46083310220C9808F0CDFD204632
:1051A000103084B229E03DE036E0201D81B22B466C
:1051B000083302220C9808F0BFFDA01CF1E7232061
:1051C000415D07910C9805218068022201730C98BB
:1051D0000799806841730C98294680681C310E300D
:1051E00008F097FA079901290CD02B4608331022B2
:1051F00008210C9808F0A0FD14242D68BD429CD114
:1052000036685BE70C982946806802220831103026
:1052100008F07FFA0624F0E7002C03D00C98C48035
:1052200000203BE76846028C04210A200C9B3AE7E9
:10523000064909220968120289188008C96E4001CE
:1052400008180188002900D100207047A003002021
:1052500070B50C460B4E81000B4832680D180123C7
:105260002032D37721462846FFF78AFD286800219F
:10527000844201D1084600E0FB2032682032D17719
:1052800070BD0000A00300200000041070B50D46A2
:10529000040006D006F0E4FBE000001BC6B20024C8
:1052A0000FE0422070BD285D012803D0002801D006
:1052B0001F2070BD281906F045FB0028F9D1E41D18
:1052C000E4B2B442EFD3002070BD000038B5184AF4
:1052D00014682246BA32AE34A378DD0701D0012922
:1052E0000AD05B070CD501290AD0217949070BD5D3
:1052F000E17A002905D007E0E07880210843E070DA
:1053000038BD0121E172508020794106090FF7D0A4
:105310007821084069460870002048706A460221DA
:1053200042200FF04BF9207987210840207138BDC9
:10533000A003002010B50649024609684620AE3198
:105340008978490702D5104607F004FA10BD00001D
:10535000A0030020F8B505460027684607701548E9
:1053600046260468AE3420798006800F03D00021E1
:10537000084605F0A9FEA078400718D520794C21F1
:10538000084214D10023287E6A46194600F03CFAF0
:1053900000280DD16846007828762F74284605F03D
:1053A00099FB060003D12079402108432071304643
:1053B000F8BD0000A003002070B592B00646202280
:1053C00021A101A8FCF702FF202109A8FCF726FF74
:1053D0000A216846017000242546694601A806F0A6
:1053E00031F86846027801A909A808F092F901A8E5
:1053F00024E0015D491CC9B2914223D803195B78AE
:10540000B34214D16B461A78521A6118C9B24118C6
:10541000D2B209A81A70401908F07BF96B461878C7
:105420002818C1B209A806F045FE12B070BD521A84
:105430006B461A7062186918D4B2CDB269460A7800
:10544000002AD6D11F20F0E702FF01020104030267
:105450008FFC0000000000000000000000000000C1
:10546000000000000000000038B51048002104686A
:105470000846AE3405F028FE694648702079C10719
:1054800004D001216A46117088432071C0B281079F
:1054900005D502216A461170FD21084020710221C4
:1054A0006A4608460FF08AF838BD0000A0030020C5
:1054B00010B5FFF7D9FF10BDFFB50C4678A103C9A1
:1054C00095B001910090002108A801730321C90241
:1054D00068464186012108A8734E01743568174655
:1054E000AE3504F0BDFC002808D170493068401882
:1054F00004F09AF8A878002802D0462019B0F0BD30
:105500000BA8159900F0CAFD0028F7D1072010A9B3
:105510000871012C05D0022C0AD0002C0ED042209C
:10552000ECE708A8017B1020014308A8017305E0FF
:1055300011A90BA800F042FE0028DFD110A80279C3
:1055400001230CA9284601F0BDFB00287ED10222D0
:105550002946189808F0DDF82988684681811521C8
:10556000490201820784012686734E2108A88170B2
:105570000024C470067107214171867103A902A835
:1055800001F056F9002861D1022202A91E9808F004
:10559000C0F8082F02D26846478502E00820694615
:1055A000488569460C850B4628880AAA098903F0B4
:1055B00035FC00286DD13E496846018202270784E8
:1055C00008A8847103A902A801F032F9002860D16B
:1055D000022202A91F9808F09CF8684604706946E8
:1055E00044704F850B4628880AAA098903F016FCE7
:1055F00000284ED108A8007BC00723D02C4968465C
:10560000C91C01820821018408A88770047103A9BC
:1056100002A801F00DF900283BD1FF216846C171B5
:105620008171C1708170417001704471047169466B
:10563000082048850B4628880AAA098903F0EEFB52
:10564000002826D108A8007B800600E021E022D5B2
:105650002988684681811649A531018206848673AE
:1056600008A88770C470047107214171847103A96F
:1056700002A801F0DDF800280BD169460E700C85F8
:105680004E850B4628880AAA098903F0C7FB002823
:1056900001D0472032E708A8007BA87000202DE742
:1056A000626C75656E726721A003002033070000ED
:1056B000012A0000034800210068AE30C1708170EB
:1056C00070470000A003002070B50D4B1C68AE347D
:1056D0002379DD0612D45B0710D533280ED1E07A8A
:1056E00002280BD10420107000205070C9B2022093
:1056F0000EF064FF2079FB210840207170BD00008E
:10570000A003002038B50246174801240068AE30D7
:10571000022A1FD0052A03D0072A07D00B2A20D13E
:10572000084609794088FFF7D1FD1AE00079002486
:10573000020600D50124820703D1C20601D48006E7
:105740000FD5084600216A46117069460DF04EF8E3
:10575000044606E08178490703D50179FB22114010
:105760000171204638BD0000A003002010B5094893
:105770000468AE34E07880070BD5002005F092FB7A
:1057800002200EF051FDE07801210843FD21084080
:10579000E07010BDA00300200FB410B5079C0128D5
:1057A0002DD1684680891749884210D103A80FC8B7
:1057B00000F02EFD00281DD10AF014FEFA281ED09C
:1057C00001281CD92078F3210840207017E00D49EA
:1057D000491C884208D0C91E884205D0491C88420D
:1057E00002D0C91C88420AD103AC0FCC00F010FDD6
:1057F000002800D0632010BC08BC04B0184700206B
:10580000F9E70000022A0000FFB5074673480D467D
:1058100004688FB0AE34A1781E46C80602D5E07881
:10582000C0067DD4880607D5E0788006800F03D0B7
:10583000022F01D0002E73D08806800F06D0022FD1
:1058400008D0032F06D0002E6AD003E0012F01D02C
:10585000002FF8D1880603D4002D01D0012D5FD18F
:10586000002E06D130200140384604F0E5FF002824
:1058700056D1119900200870A17889068A0F7DD031
:105880000CA908A805F0BEFD07900DA90AA805F00F
:105890008DFE06900798002802D00698002801D1B6
:1058A000012E58D1022F04A807D003F063FE002E6A
:1058B0003CD00798002803D012E00BF02CFFF6E74D
:1058C000464F47483B68062208A9181807F017FFFB
:1058D0000028386808D04030417E490849004176A8
:1058E0000698002805D014E04030417E0122114383
:1058F000F5E73A4F3A483B6806220AA9181807F01C
:10590000FEFE002838680CD04030417EFD22114058
:1059100041760798002809D00698002806D01AE09A
:1059200043E04030417E02221143F1E72B4806223A
:1059300003682B4804A9181807F0EBFE05206946F8
:105940000873002E02D108460CF0E8FA25480290B0
:1059500068460CF097FAA078800611D511980321BB
:1059600001702079C10603D5002D01D0022D1CD174
:10597000800605D5012D03D0032D00E018E014D1D9
:10598000A078C00627D51199012008702079C1069A
:1059900001D5002D09D1810601D5012D05D10006C3
:1059A00019D5002D17D0012D15D0422013B0F0BD10
:1059B000012F01D1002E03D0890F314309D00AE015
:1059C0000648062203680648611D181807F0A1FE64
:1059D0000120119908700020E8E70000A0030020D2
:1059E00033070000A0BB0D003EB515F0C7F8044614
:1059F00015F050F9082C01D1082813D00A480B499A
:105A0000006806224118684607F083FE6846407920
:105A1000400601D5022000E00320012302AA002154
:105A2000FFF7F2FE3EBD0000A00300203307000098
:105A30001FB50E480468AE34E078010612D5A1788F
:105A4000C9070CD0800708D504206946087368464A
:105A50000CF064FA02200EF0E7FB0020E070400634
:105A6000400EE07000F084FB1FBD0000A00300208A
:105A700010B50C46417994B0490610D56A4601210B
:105A80000AF048FC002802D0702014B010BD0FA905
:105A900006222046023107F03CFE0020F5E74220B6
:105AA000F3E7FFB58DB01898169E179D19991C46FF
:105AB0001746002803D0FFF7E9FB002813D1002088
:105AC00006900890099005900490012107900B958D
:105AD000039002900A9601910094394606200E9B8D
:105AE0000D9A0CF0C3FF11B0F0BD70B58CB000245E
:105AF000109D119E0A940B940494059403940694AB
:105B000007940993089200900194029433462A4620
:105B100004200CF0ABFF0CB070BDF0B58DB00C469E
:105B200016A9E0C90021089109910A910B911599D4
:105B3000049105A9E0C112A962C90093019113461D
:105B4000014603960295224601200CF08FFF0DB00E
:105B5000F0BD0000F0B591B00C461AA9E0C90021D3
:105B6000089109910A910B911999049105A9E0C135
:105B700016A962C900930191134601460396029546
:105B8000224602200CF072FF040007D1042008A96D
:105B9000087704480E900CA80CF074F9204611B058
:105BA000F0BD000020BF020000B500228DB00A92B7
:105BB00005920B9200910892099206920792014673
:105BC0000492019202921346039203200CF04EFFBE
:105BD0000DB000BD002000B58DB00A900B9008906C
:105BE0000990059006900790049000900190029013
:105BF00003460246014603900CF038FF0DB000BD8D
:105C000010B514468CB000220B9206920A920892AC
:105C100009920592079204920292019303920B4615
:105C200002460094002105200CF020FF0CB010BDAE
:105C300038B5144B14461D680246AE35AB78462085
:105C40005B071ED52B795B06DB0E1AD11046FFF7DA
:105C50001DFB002815D10023207E6A461946FFF758
:105C6000D3FD00280DD168460078207601202074ED
:105C7000204604F02FFF002803D129790822114380
:105C8000297138BDA0030020FEB51E4617460C46FC
:105C90000546002302AA19463846FFF7B5FD00283D
:105CA0001DD16846017A81710D4A281F904200D3A8
:105CB00000250B4AA01E921C904200D30024684687
:105CC000058044800022427181710121017106F03A
:105CD000BDFC002803D13146012005F0F5F9FEBDD9
:105CE000FD3F0000F8B50E46144905460C684620F5
:105CF000AE34A178490720D52179BB2211421CD1AD
:105D00001020014321716979A87900236A46FFF7C1
:105D10007BFD00280DD168460078A871284606F062
:105D200095FC002805D13146012005F0CDF9002869
:105D300003D02179EF2211402171F8BDA00300208A
:105D4000F0B5104C4625246885B0AE34A6787607A9
:105D500014D52679B3273E4210D1FFF795FF0500F1
:105D60000CD120790221084320710620694608736E
:105D70000520C002029068460CF084F8284605B061
:105D8000F0BD0000A0030020F0B5104C46252468AB
:105D900085B0AE34A678760714D52679B3273E426F
:105DA00010D1FFF771FF05000CD1207901210843C4
:105DB00020710620694608730520C00202906846DB
:105DC0000CF060F8284605B0F0BD0000A0030020EC
:105DD000F8B5124905460C684620AE34A17849074B
:105DE0001AD521794C22114216D10023287E6A4609
:105DF0001946FFF709FD00280ED16846007828767D
:105E000000262E74284604F065FE002804D121796E
:105E1000042211432171E672F8BD0000A0030020A6
:105E2000FEB51B4904460D6826794620AE35012E85
:105E300003D0002E01D04220FEBDA9780907FBD572
:105E40002979B3221142F7D1802001432971E179E8
:105E50006079002302AAFFF7D7FC002813D1684617
:105E6000017A81712188018061884180E1794171E5
:105E7000067106F0EBFB002805D1A179012005F0A1
:105E800023F90028D8D029794906490E2971FEBD89
:105E9000A0030020F8B51E46184B15461C680246A4
:105EA000AE34A37846205B0726D52379BB273B4237
:105EB00022D11046FFF7EAF900281DD120792021D0
:105EC000084320716979A87900236A46FFF79CFC92
:105ED00000280DD168460078A871284606F0B6FB68
:105EE000002805D13146012005F0EEF8002803D046
:105EF0002179DF2211402171F8BD0000A0030020AC
:105F00000949B22209681423525CBA311A4208D0F6
:105F1000498800050905090D000D814201D10120C4
:105F20007047002070470000A003002070B50446B1
:105F300020484625066886B0AE36012C0FD0022CCC
:105F40000DD0042C0BD0082C09D0102C07D0202CFD
:105F500005D0402C03D0802C01D0422527E0307999
:105F6000204224D0082C12D0402C10D00620012C26
:105F700003D0022C01D0802C04D1694608736846F6
:105F80000BF0CCFF0021084605F09EF801E004F07C
:105F9000EFFE05000BD130790021A0433071684637
:105FA00004744174022104AA08460EF007FB284637
:105FB00006B070BDA003002010B504F055FF10BD61
:105FC000F3B591B00446032069460870002501A886
:105FD00005F038FA224609A8129907F09AFB2146E3
:105FE00034E0002001AB5B199C4614E0129B1B5C63
:105FF000934239D8934201D1002B35D1129ED21A47
:1060000036186746521E76787F78D2B2BE4213D0D9
:10601000401C1818C0B2A042E8D301AF7A5D4E1CF4
:1060200090191F282DD809AB58186146521C07F04B
:1060300070FB785D8019C1B201A86B46405D1A788B
:106040006D1C121A521E40191A70C5B268460078AB
:1060500022460028C5D110E0129B1B5C934203D856
:10606000934204D1002B02D0422013B0F0BDD21ACB
:10607000521E401C1818D2B2C0B2A042ECD31F2945
:1060800001D94120F1E709A806F014F8EDE70278FC
:106090000907090F0A4302700020704770B50446D3
:1060A0000D4629462046FFF7F2FF70BDF0B51E48A9
:1060B00013210068C901401897B000240C2714264A
:1060C000C56A05F0CDFC0FA80230149028461BF0DD
:1060D000D3FAFC2820D1694628461BF0BBFA684653
:1060E0004078C007149804D0FCF7B0F80002401CB8
:1060F00002E0FCF7ABF80002159010A80130FCF7A5
:10610000A5F80002000A169015A805F01BFC00284F
:1061100002D0472017B0F0BD641CAD19E4B2BC42F8
:10612000D4D30020F6E70000A003002030B50E48CD
:1061300085B005682C46AE352879BA34400711D5AC
:10614000E87A01280ED115214902684641800121D3
:10615000017060886B46054A01F03EFE002801D1BF
:106160000220E87205B030BDA0030020FFFF000050
:1061700010B5FFF7DBFF10BD7CB50446E1200D46EE
:10618000800005F073FD0BA103C9009001916846E2
:1061900016F0A4FE012005F089FF002801D0472059
:1061A0007CBD207820210843207009202870002021
:1061B0007CBD00001F0200000000000070B5044616
:1061C0000D4629462046FFF7D7FF70BD10B504469F
:1061D000022000F05DF80D4800210268092000024D
:1061E0001018A032C36E107B05E04A019A5A002AAB
:1061F00004D0491CC9B28842F7D810BD48011C52CE
:10620000C018026904210A43026110BDA0030020E6
:106210001FB582B0002403F0F1F9694603F092F94A
:10622000009A6846116A0089203209E023235B5CEA
:10623000012B04D10B89834201D1641CE4B20968AB
:106240009142F3D1204606B010BD000010B50446BF
:106250000146042004F082F9002808D004480549CA
:106260000068401821463C3012F09CFB432010BDD2
:10627000A00300206407000004490A683D21490189
:1062800051180A7B02430A7370470000A0030020E4
:1062900004490A683D21490151180A7B02430A73E7
:1062A00070470000A003002000B51138C0B2FEF70F
:1062B000BFFF002804D0012201695205114301618A
:1062C00000BD10B50446002C08D00120400300F0AA
:1062D0001CF80121480300F01CF804E00021012013
:1062E000400300F016F810BD1CB5684600F09CF99C
:1062F0000120400300900120694608710020FFF74B
:10630000E0FF684600F070F81CBD01218907886233
:106310007047002907D001229207D2690243012366
:106320009B07DA6106E001229207D26982430123CA
:106330009B07DA6170474168012907D1890709691C
:106340000268114301229207116107E001218907C8
:10635000096902689143012292071161816801294C
:106360000ED1890789690268114301229207916160
:1063700011464969026891430122920751611AE06E
:10638000816800290FD10121890789690268914339
:1063900001229207916111464969026891430122E5
:1063A0009207516107E00121890749690268114399
:1063B0000122920751617047014601208007406A1F
:1063C0000840002801D0012070470020FCE70000B1
:1063D00010B5034909788900024A5058804710BD1A
:1063E00014030020384B061070B5014600220A79CC
:1063F0000879002808D10120800740680C68A04374
:106400000124A40760600BE00879062808D1002267
:106410000120800740680C6820430124A4076060C5
:10642000002058E00C68C440E307DB0F002B50D07D
:1064300008280EDA0124A407E46A86000F25B54077
:10644000AC4386001546B5402C430125AD07EC62F0
:106450003FE0072814DD102812DA0124A407246B7A
:106460000546083DAE000F25B540AC430546083D46
:10647000AE001546B5402C430125AD072C6328E03E
:106480000F2814DD182812DA0124A407646B0546CE
:10649000103DAE000F25B540AC430546103DAE00A3
:1064A0001546B5402C430125AD076C6311E0172854
:1064B0000FDD1D4C248B0546183DAE000F25B54061
:1064C000AC430546183DAE001546B5402C43164D6D
:1064D0002C83441CE0B21A28A4DB4879012807D198
:1064E0008007C0680C6820430124A407E06007E02F
:1064F00001208007C0680C68A0430124A407E06065
:106500008879012807D1800780680C68204301241E
:10651000A407A06007E00120800780680C68A04302
:106520000124A407A06070BD2000004001460120A6
:10653000800700680840002801D001207047002033
:10654000FCE700000149086070470000400000407F
:1065500010B50120C002FFF72FFF012856D1800798
:1065600000690121C9020840002804D0C80400695C
:106570008843C90408610120C002FFF7C6FE01205C
:10658000800780690121C902084000281ED0C80484
:1065900080698843C90488611D480078042835DB78
:1065A0008020FFF7CFFF00201A4908600BF068FB3E
:1065B0000820174908701848FDF7A9FD17490988F0
:1065C000081A84B2204612F041FD1FE00120800726
:1065D00080690121C9020843C90488610C48007818
:1065E000042803D105200A4908700FE00848007804
:1065F000022803D006480078012807D10BF0CEF816
:10660000FF200BF053F903200149087010BD000072
:106610003E0300204C030020580000A0440300204B
:1066200001218907C86370470021016001718171F0
:10663000417170471CB501204003FFF7BDFE0128E2
:1066400038D180070069012149030840002804D09F
:106650004804006988434904086101204003FFF7AA
:1066600054FE012080078069012149030840002869
:106670000FD0480480698843490488614020FFF7AF
:10668000CFFF0D4903C9019100906846FFF7ACFEAA
:1066900010E0012080078069012149030843490473
:1066A00088610549083103C9019100906846FFF7E8
:1066B0009BFE00BF1CBD0000C450061003480068CC
:1066C000AE3080788006800F70470000A003002065
:1066D000F3B597B00D8848880590081D1DC80DAE0C
:1066E0001DC68C8ACE8A087E1390C869203101901D
:1066F000087800904878049088780390C8780290D1
:106700000F7901F05FFD002817D10120400284427B
:106710005FD8B4425DD8002F01D1B44259D114A939
:10672000284602F00FFF002806D115AA14990598F3
:1067300002F0F8FE002802D0602019B0F0BD149DD0
:1067400011A92846183006F097FC10A88088002868
:1067500010D0284612A9203006F08EFC10A883889D
:1067600000892A8D1818696A10188A8B904203D103
:106770006120E2E74820E0E715982C4B02899A4215
:1067800027D12322125C012A23D1006800681690C9
:10679000139801281FD16846808E29221202801A80
:1067A00003000CF0AAF80604180404070A18022CC7
:1067B0000FD110E0072C0CD10DE0042C09D3E00719
:1067C00007D1012F07D1A64203D3042E01D3F0072E
:1067D00001D04220B1E702980B90039B049A0A93E0
:1067E00009920098019A0C970890069605940792D2
:1067F0000DA81DC8019002A81CC013980B4600905C
:106800002A461699179800F0B1F9002895D16846E4
:106810000649808EFF31884205D0179801880020F4
:106820000A4603F0B1FB002087E7000003280000C0
:10683000F3B5A5B008881A9088780C4611901022FC
:10684000091D13A8FBF7C2FCA08A1090A17D684621
:106850000172E07D0F90207E2090677EA07E1F90C9
:10686000002006460146129020A801810F20BB4C53
:106870002390BB4920684018199001F0A3FC002820
:106880000BD101211098490288425FD821A91A989A
:1068900002F058FE002802D0602027B0F0BD2198F9
:1068A000179002F0ABFE1A9988420CD102A8019011
:1068B0001698009013AD0ECD1198FEF76DFF0028CD
:1068C00001D06320E9E76846017A8806800F05D089
:1068D000012012902068A030007B4600C80703D03A
:1068E0001298401CB61C1290080603D51298401C42
:1068F000B61C129017980DA918301D9006F0BCFB1D
:106900006846129C808EA41CA04237D317980EA90B
:106910002030019006F0B0FB6846018F00290DD0B1
:106920001798179A6B46406A9B8E128D5918808B68
:106930005118081AA04201D26120AEE71798846965
:1069400011982568012803D0022803D04220A4E72B
:10695000052000E01320E0832A4639460F98FDF712
:106960009CF9422899D0199FE28B4037788B398B5C
:10697000411A109810188019814201DA48208CE7DA
:106980000EA9019806F078FB6846008F002817983A
:1069900002D0406A808B00E0008D2599401C088061
:1069A000259801210088A083259802220088401C98
:1069B000A8836C482081204620301790C1700021A8
:1069C000817081711998398B406D40186946A061BA
:1069D000097A0170A06929461C31401C06F099FE15
:1069E00011980128A0697DD0102213A9C01C06F0BF
:1069F00090FE2846102213A9083006F08AFE388B34
:106A0000133038832E4620361198F0701098E883A2
:106A10001F98B07010982084109828841998398B8A
:106A2000406D4018A8610021109A06F07CFE398B59
:106A300010980818388317990120087117990020B9
:106A4000487130716846007A810701D501213171A2
:106A500001070227002902DA3179394331714107F0
:106A600003D53179042211433171400603D53079C1
:106A70000821084330710F9870712098B071214639
:106A80001D9806F022FB2146019806F0FFFA2946E0
:106A90001D9806F01AFB2946019806F0F7FA12989D
:106AA000002841D068461A998181A18BC181078451
:106AB0004784012408A8047122A80A9008A88473B6
:106AC000239941730F993820014008A801730721C9
:106AD000C173002505746846007AC00708D02248B3
:106AE000694600E02BE0088203A924A8FFF7F0FD27
:106AF0006846007A8006800F07D01B486946401E12
:106B0000088203A924A8FFF7E3FD6846007A00067F
:106B10000AD5292109026846018208A84473057331
:106B200003A924A8FFF7D4FD259801881298401CDA
:106B3000081882B2002003F027FA0020ADE60222F6
:106B400013A9C01C06F0E5FD2846022213A908304F
:106B500006F0DFFD388B401D53E70000A003002046
:106B6000640700000328000003290000FFB5524815
:106B7000524A006887B08218069210AA109B01261C
:106B8000169F9288012B04D14D4B9A4201D1A0301F
:106B9000067B069D34464035688B2B8B7C43C31A9D
:106BA000099820300390A34222DA48200BB0F0BDB0
:106BB0002320405C012819D108896C462080984226
:106BC0000CD03F4C641EA04208D0641CA04205D0EB
:106BD000641CA04202D0A41CA04207D1384CFF3C48
:106BE000A04201D0904201D16220DFE7096801E0B4
:106BF00029231B0203988142DAD109981B998469E1
:106C000018982246FDF749F84228CFD01C98012851
:106C100004D11598874201D24220C7E71598E08336
:106C2000204620301C990590817027840A98808B1B
:106C3000401CA0831098012814D02046102211A9CE
:106C4000083006F066FD05991098C8700698298BE3
:106C5000406D4018A061298B38467043081828837E
:106C600000250FE011A80FC808340FC4183CEAE74C
:106C70002846A16978430818159A179906F049FD26
:106C80006D1CEDB2B542F3D305991898487105997A
:106C90001998087105991A98887109982146183031
:106CA00006F013FA2146039806F0F0F90798A18B35
:106CB000018000207AE70000A003002064070000A4
:106CC00002290000FFB58FB014460E78102205A8E7
:106CD000891CFBF77BFA4F484F490068451801F0C3
:106CE00071FA00281ED1002C57D0012E09D1684618
:106CF000808A4A49884204D12846A96808308142DE
:106D00004BD12846103029690390814209D00AA945
:106D1000284606F0B1F96846018D601E0D9081424B
:106D200002D2482013B0F0BD284608300CA90490C8
:106D300006F0A2F96846008E002814D0EF680AA970
:106D40003846183006F098F9384620300CA906F07D
:106D500093F96846398D008D09186846008E401CED
:106D6000081887B200E0012701200004C01BA042E0
:106D700001D26120D6E72C69286801901298012879
:106D800002D0022803D008E00520C00200E0244819
:106D90006085012E03D0022E05D04220C2E7204696
:106DA0000830022202E020460830102205A906F031
:106DB000B0FC204631462030064601730F9821462C
:106DC00007802785039806F080F92146049806F08D
:106DD0005DF927461837E7616662A76126620D985C
:106DE00084B20BE02846019906F06FF93846019904
:106DF00006F04CF92868641EA4B20190002CF1D171
:106E00000F9801880D98081882B2002003F0BCF892
:106E1000002087E7A003002064070000011800009D
:106E20000128000010B5012101F0A0FD10BD0000F7
:106E3000F7B5064636480F460068364982B0441812
:106E40003046FEF7E3F8050060D02046243000907D
:106E500011F0BEFD002859D12869000356D50098CD
:106E600011F070FD04464FE0A088B0424BD12022C3
:106E70003146002006F0B0FE060018D0A068002FB2
:106E8000017B427B15D033460498FBF791FE00202E
:106E900001222969D2049143296100282AD0692856
:106EA00002D03046FFF7D2F9002005B0F0BD6420D3
:106EB000FBE70A2906D00C290AD00E290ED0082992
:106EC00012D023E032462146284609F031F8DFE7A8
:106ED00032462146284608F064FCD9E7324621466E
:106EE000284608F05BFFD3E732462146284608F0E3
:106EF000EBFDCDE72146009811F071FD0121204600
:106F000006F0C6FECDE72468002CADD14120CCE7C9
:106F1000A003002064070000F0B56B4989B00A683F
:106F20006A490688571841886A4611800179079195
:106F300041790491C1880191806803903046FEF741
:106F400065F804003ED038462430069011F040FD2C
:106F5000002830D1206980032DD5069811F0F2FC6D
:106F6000054626E0A8880005000DB04220D1A8689B
:106F70000223007B029003200590052269462846E3
:106F800006F080FE002813D10298162801D10520B2
:106F90000590E9880598091A0198814208D1059A57
:106FA00003462846121D039906F06CFE00280AD0FD
:106FB0002D68002DD6D138461830074611F008FD4F
:106FC00000283ED063E020223146002006F004FE77
:106FD000060011D00121206949048843206101275E
:106FE00007993F0600290AD068460288334602996D
:106FF0000498FBF7DDFD1BE0642009B0F0BD3843C9
:1070000020610298324612282946204602D008F014
:1070100039F801E00BF0D8FA002809D0692805D02A
:107020002069B84320613046FFF710F90020E4E7FB
:107030002946069811F0D3FC0121284606F028FEC7
:10704000EEE72069400322D5384611F07BFC054667
:107050001BE0A8880005000DB04215D1A868007B90
:10706000522801D0D2280FD1022305226946284692
:1070700006F008FE002807D107222846019B039945
:1070800006F000FE002804D02D68002DE1D141203B
:10709000B3E70798002808D1012120698906084331
:1070A0002061294620460BF0F9F901212069890465
:1070B000884320612946384611F091FC0121284679
:1070C00006F0E6FDB2E70000A00300206407000020
:1070D00038B50D461446694602F034FA002817D137
:1070E000009B186A203311E0818BA9420DD1014623
:1070F0002031CA78012A06D10089064A904202D17D
:107100004C71002038BD462038BD00689842EBD154
:10711000412038BD02290000FEB58C68CD88267B51
:10712000012E01D00020FEBD4126052D01D01E708C
:1071300019E0247C0A2C00D01E70002A0DD089682A
:10714000052268460C3106F0E4FA6D1E00AAA9B2C9
:1071500032200132FEF7B8FA05E000880A460146FF
:1071600002200FF09DF94120FEBD70B50546FDF7E8
:107170004DFF040019D0208AC00416D520222946CC
:10718000002006F029FD05000DD001462046FBF742
:107190008FFF2846FFF75AF8012120690903884329
:1071A0002061002070BD642070BD462070BD0000CD
:1071B000F0B587B00C46054601F004F800280DD163
:1071C00004A9284602F0BEF9002806D106AA2046E6
:1071D000049902F0A7F9002802D0602007B0F0BDA2
:1071E000069C16482189814203D12321095D01298A
:1071F00001D04220F2E7049DA18B26682035019141
:107200000498A78B2146203005F05FFF04982146A3
:10721000183005F03BFF3446218908483668814222
:1072200003D12320005D012801D0AC42E8D13A46C9
:107230000020019902F0A8FE0020CFE703280000FB
:107240007CB50C46054600F0BDFF00280DD169460F
:10725000284602F077F9002806D101AA20460099B5
:1072600002F060F9002801D060207CBD01990D4A30
:107270000889904203D12320405C012801D042209C
:107280007CBD00988C8B203005F01FFF0098019981
:10729000183005F0FBFE22461146002002F074FE75
:1072A00000207CBD02280000FEB50546274828497D
:1072B00000680024461800F085FF002808D1012D41
:1072C00007D06946284602F03DF9002803D0602027
:1072D000FEBD6220FEBD009D288D0190AF6918356E
:1072E0000BE000983946183005F0EFFE394630467D
:1072F00005F0CCFE641C2F68E4B2AF42F1D1009DD2
:107300002F6A20350BE000983946203005F0DDFE6D
:107310003946304605F0BAFE641C2F68E4B2AF422D
:10732000F1D130460830009905F0CFFE30461030DC
:10733000009905F0ABFE641C0199E0B2081882B216
:10734000002002F021FE0020FEBD0000A00300206E
:107350006407000010B5102101F008FB10BD10B546
:10736000082101F003FB10BDF7B586B017460646AD
:107370004625FCF795FE040025D02022314600204A
:1073800006F02AFC06001DD010486946088001203E
:1073900004903B4631462046079AFBF7A4FF0500C0
:1073A00004D00021304606F073FC0CE0A7810121D7
:1073B00020694903084320610548A0613046FEF773
:1073C00045FF00E06425284609B0F0BD0328000011
:1073D0005F73041070B586B006464625FCF760FE64
:1073E000040025D020223146002006F0F5FB0600DF
:1073F0001DD00520C0026946088001200246049085
:107400000D4B31462046FBF733FF050004D0002129
:10741000304606F03DFC0BE001212069490308439A
:1074200020610648A0613046FEF710FF00E06425A9
:10743000284606B070BD0000FFFF0000256E041056
:10744000FFB589B0074646261D781022991C05A86D
:10745000FAF7BCFE012D04D0022D02D042200DB05F
:10746000F0BD3846FCF71CFE040037D02022394618
:10747000002006F0B1FB07002FD0194869460880AC
:1074800001200490394620460B9B0A9AFBF72BFFFC
:10749000060004D00021384606F0FAFB1EE00B98E7
:1074A000A081A068012D0FD0102205A906F031F9A6
:1074B0002571012120694903084320610948A06121
:1074C0003846FEF7C3FE09E01022074906F021F90D
:1074D000A068022205A90C30E8E764263046BEE722
:1074E000032800005573041014530610F7B517460F
:1074F00006464625FCF7D4FD040022D02022314662
:10750000002006F069FB06001AD001983B46401C9B
:1075100082B231462046FBF726FE050004D000214A
:10752000304606F0B5FB0CE0A78101212069490334
:10753000084320610448A0613046FEF787FE00E062
:1075400064252846FEBD00004D75041010B52021AD
:1075500001F00CFA10BD0000F3B58BB00D78462693
:10756000102206A8891CFAF731FE012D04D0022D45
:1075700004D042200DB0F0BD022700E010270B9888
:10758000FCF78EFD040030D0202200200B9906F07D
:1075900023FB0490002827D0052106A8C9020091EA
:1075A0000190134B0122029720460499FBF798FDA6
:1075B000060004D00021049806F06AFB15E0A068DC
:1075C000012D0FD0102206A906F0A3F82571012184
:1075D00020694903084320610648A0610498FEF72A
:1075E00035FE02E00222EEE764263046C2E70000E4
:1075F000FFFF0000F975041010B5022101F0B6F983
:1076000010BD000070B506464625FCF749FD040094
:107610001CD0208A800519D420223146002006F093
:10762000DBFA060011D0014600252046FBF7D4FA0C
:10763000A12120698901084320610548A061032038
:10764000A0733046FEF702FE00E06425284670BDB8
:1076500055760410FEB504462D482E490068E269AF
:107660004618906800250146007BD3880831012820
:1076700034D0032B01D0412537E002226846491D52
:1076800006F047F8216988050BD440366846B28B6E
:107690000088824200D210466080012040020143EF
:1076A0002161022001901A483921006849014118DE
:1076B000097C278866880123490716D5D902083036
:1076C00040182422C06C02210CF0B8F801000CD044
:1076D0008F80CE8001980CF09DF806E04125052BA7
:1076E00003D1218802200EF0DBFE0121E06906F0C3
:1076F000CFFA0020E061012021694003814321612C
:1077000021882A4602200FF057F90020FEBD000014
:10771000A0030020640700000EB500220092019231
:107720002023029200F0C6F80EBD3EB50B46048839
:1077300041888288C588007A0293019000950223CF
:10774000204600F0B7F83EBD10B5042101F00EF957
:1077500010BD0000F7B586B0174606464625FCF773
:107760009FFC040025D020223146002006F034FA88
:1077700006001DD0104869460880012004903B4651
:1077800031462046079AFBF7AEFD050004D00021E4
:10779000304606F07DFA0CE0A781012120694903FB
:1077A000084320610548A0613046FEF74FFD00E028
:1077B0006425284609B0F0BD02280000497704106E
:1077C0000EB50023009301930293012300F072F899
:1077D0000EBD000002460848084900684118886844
:1077E000083103E0038D934202D200688842F9D148
:1077F000884200D100207047A003002064070000E9
:10780000034610B50E480F490068411888680831D2
:1078100003E0148D9C4203D8104602688A42F8D1D6
:107820008A420CD1018D994209D20146026A203167
:107830008A4203D0416A898B994200D2002010BD50
:10784000A003002064070000024610B50B48120593
:107850000168092000020818C36E0020120DA03133
:10786000097B07E044011C5B2405240D944203D0EE
:10787000401CC0B28142F5D810BD0000A00300201A
:10788000F7B505461746019811F05CF82E05044639
:10789000360D0CE0A0882568B04207D1214601983A
:1078A00011F09DF83946204606F0F2F92C46002CDE
:1078B000F0D1FEBDFFB58BB01D464624159F0B9839
:1078C000FCF7EEFB06006DD0202200200B9906F09D
:1078D00083F90590002864D0E80706D030460D9B58
:1078E0000C9A0599FBF73FFC2BE0A8070DD51498DF
:1078F000BAB281B2169802920091019030460D9B67
:107900000C9A0599FBF7ECFB1BE02807800F1DD0B4
:107910001498002FC4B217D01022394606A8FAF7DF
:1079200055FC680706AD04940FCD6D460FC50D9B41
:107930000C9A0599304602D5FBF79AFC01E0FBF75B
:10794000D2FC04001DD027E0472425E0E8060AD534
:107950001498009780B2019030460D9B0C9A0599BF
:10796000FBF729FCEDE7A80616D50C98C0B2012854
:1079700005D0002230460599FBF7A1FBE1E7012283
:10798000F8E7012130694903084330610748B061D5
:107990000598FEF75BFC05E00021059806F078F9F4
:1079A00000E0642420460FB0F0BD00009D7F04106D
:1079B000F3B552480C460068514993B040180F90F7
:1079C0002588618868468185A18801862146102224
:1079D000083107A8FAF7FAFBA77900F0F3FB0028B3
:1079E0000DD16946888D098E884239D8002837D054
:1079F00010A9284601F0A6FD002802D0602015B08D
:107A0000F0BD109D03A928461830059005F034FB01
:107A100068468089002831D028462030AC690DA9FD
:107A2000049005F029FB6846818E364A002913D060
:107A30006E46B6892B8D7618686A9B19868BB34281
:107A400001D16120DBE70389934203D12030C07864
:107A5000012801D06220D2E7012F03D0022F03D0EA
:107A60004220CCE7062000E00420E0830F9E403651
:107A7000708B338BC01AE38B984201DA4820BEE743
:107A8000288D491C4018139925460880A08322811F
:107A900001202035E8700F98318B406D022240188C
:107AA0000BA9A06105F035FEA06902220CA9801C7B
:107AB00005F02FFE308B001D3083012F08D1A06907
:107AC000022207A9001D05F024FE308B801C3083A4
:107AD0000020687101212971A870A87121460598BC
:107AE00005F0F3FA2146049805F0D0FA13980188BE
:107AF00000200A4602F048FA002080E7A003002098
:107B00006407000002280000F7B50F460646462528
:107B1000FCF7C6FA04001FD020223146002006F0F0
:107B20005BF8060017D001463B462046029AFBF759
:107B300015FC050004D00021304606F0A9F80BE042
:107B4000012120694903084320610448A0613046AF
:107B5000FEF77CFB00E064252846FEBD937F041001
:107B60003EB5148852880025019300920295102397
:107B70002246FFF79FFE3EBDF0B58BB00020634963
:107B8000029063480A68141872B610464030C579EE
:107B900002231D43C57162B625464035287AC007C9
:107BA0007DD00920000210180026C76E49E071013F
:107BB0007A5A002A43D0C919069109694A021ED48B
:107BC0008A0226D502210491069901230988090514
:107BD000090D0391392149014118097C89070ED506
:107BE000D902083040182322C06C02210BF026FE77
:107BF000010004D0039A8A8004980BF00BFE0698CB
:107C000000880090069800F05FFA009809F0D8FA12
:107C100015E0480713D5069800880005000D09F007
:107C200061FA002805D1069800880005000DFCF7D0
:107C300041F8069904200969814306980161761C80
:107C4000F6B23248AC210068095CB142AFD807F007
:107C5000D1FB20462430064610F0BAFE012802D09F
:107C6000012007F0CBFA2046183010F0B1FE0128B1
:107C700002D0002007F0C2FA3C34204610F0A8FEE3
:107C800001280FD002A9204610F0CBFE0420029953
:107C900002F064FC0028F0D02046029900E032E0B7
:107CA00010F06DFE287A00062DD5304610F090FEBB
:107CB000012828D1002005F063FFA98B2331490951
:107CC000491CC9B2FAF758FA00281CD00F4D0446D7
:107CD00028680123D9020830401842263822C06C97
:107CE00031460BF0ABFD01000DD000228A80CC8024
:107CF00030460BF08FFD3D212A68490151180A7B5F
:107D0000802082430A730BB0F0BD0000A003002066
:107D100064070000F8B50F4606464625FCF7C0F993
:107D200004001ED020223146002005F055FF060039
:107D300016D001463A462046FBF73CFB050004D02E
:107D40000021304605F0A4FF0BE001212069490322
:107D5000084320610448A0613046FEF777FA00E04E
:107D600064252846F8BD0000CD7D0410F0B587B02D
:107D700015460E4607461C781022991C03A8FAF7F0
:107D800025FA002003A90191029004232A460094B9
:107D900031463846FFF78EFD07B0F0BDF0B587B02D
:107DA00015460E4607461C781022991C03A8FAF7C0
:107DB0000DFA002003A90191029008232A4600949D
:107DC00031463846FFF776FD07B0F0BD10B54121CA
:107DD00000F060FF10BD0000FFB589B007464625E2
:107DE0001E781022991C05A8FAF7F0F9012E04D08C
:107DF000022E02D042200DB0F0BD3846FCF750F9FB
:107E0000040024D020223946002005F0E5FE0700BA
:107E10001CD005AD04960FCD6D460FC539462046E2
:107E20000B9B0A9AFBF75FFA050004D00021384645
:107E300005F02EFF0BE00121206949030843206172
:107E40000448A0613846FEF701FA00E064252846A0
:107E5000D1E70000597E041010B5502100F01AFF40
:107E600010BD10B5FFF756FF10BD10B5FFF752FF5C
:107E700010BD0000F0B5224B224C1B681E193D249A
:107E80009C4664011B191B7BDB0702D0B3680836D4
:107E900031E06220F0BD1C8D84420BD12C20C05CEF
:107EA000012805D010200880083313600020F0BDA1
:107EB0000220F8E7844220D21D4620351C6A17E0D4
:107EC000A78B874211D123231B5D0120012B06D1F3
:107ED00023890D4DAB4202D16046A030007BE38B7D
:107EE00043430B80A0691060E0E7874205D824680F
:107EF000AC42E5D11B68B342CDD14120F0BD0000BA
:107F0000A00300206407000002290000F7B517460F
:107F100006464625FCF7C4F8040028D02022314646
:107F2000002005F059FE060020D001463B462046C1
:107F3000019AFBF779F9050004D00021304605F0DD
:107F4000A7FE14E0A068019915F08AFFA0683946E1
:107F5000801C15F085FF012021694003014305487D
:107F60002161A0613046FEF771F900E064252846E2
:107F7000FEBD0000797F041010B5422100F08AFE9A
:107F800010BD10B5FFF7C2FF10BD10B5FFF7BEFF63
:107F900010BD10B5442100F07DFE10BDFEB5C769CF
:107FA0000446B868007B0D2838D00CDC072823D0A5
:107FB00004DC012814D0052878D117E0092821D045
:107FC0000B2873D124E013283AD004DC0F282BD0DF
:107FD00011286BD12EE017285ED0192866D161E0F8
:107FE00021883A4602200EF05BFA5FE021883A468B
:107FF00002200AF0D3FF59E021883A4602200AF015
:108000002BFF53E021883A4602200BF099FA4DE00D
:1080100021883A4602200BF057FB47E021883A4678
:1080200002200BF0E9F841E021883A4602200BF0EB
:10803000EBFA3BE021883A4602200BF0ADF935E03F
:108040000220019020880090B8790321401EC6B21A
:10805000F01C0843401C83081A4839210068490174
:108060004118497C490721D502218D020830401969
:108070002C22C06C0BF0E2FB050017D00098A88002
:10808000AE71324605213846EB1D05F05DFD2946EF
:1080900001980BF0BFFB09E021883A4602200BF063
:1080A00033F803E0218802200AF0E8FD012120696D
:1080B0004903884320610121384605F0E9FD00208D
:1080C000E061FEBDA0030020F0B504463B483C49FA
:1080D000006885B04518218A890419D502210491C8
:1080E000392149014118897C412627880123C90784
:1080F0000ED0D902083040183122C06C02210BF09A
:108100009DFB010004D08F808E7104980BF082FBE0
:108110002946208801221831FFF7B2FB2946208822
:1081200001223031FFF7ACFB29462088012224319F
:10813000FFF7A6FB2946208800223C31FFF7A0FB71
:1081400020880005000DFFF77FFB850029461131CF
:108150006846017309F0E2FE294612316846017350
:1081600009F0DCFE294613316846017309F0D6FE9A
:1081700068461435057309F0D1FE208800F03EFBF7
:10818000208801050D48090D02681320C001101850
:10819000028A914201D100210182E069002802D0C7
:1081A000012105F075FD202200212046A56805F07B
:1081B000BAFA1720A560608005B0F0BDA0030020CA
:1081C0006407000010B50B480B49006844184034A0
:1081D000207AC00709D0002005F0D2FC217A890757
:1081E00001D5002803D0002010BD472010BD642019
:1081F00010BD0000A003002064070000F0B55FA0E0
:1082000099B000685E4915905E4A08688418092292
:1082100012028218D26E2546403514922A7AD2076D
:1082200002D0622019B0F0BDAA8B01235B029A42F2
:1082300001D9AB8303E0172A01D21722AA83149A2B
:10824000A0301392067B0DE0761EF6B213987101F2
:108250000F18B8680F9038462022002105F063FA05
:108260000F98B860002EEFD120460830E0606460BF
:10827000A06024600830139060612061FF2200211B
:10828000083010F074FB2046FF220021243010F04B
:108290006EFB2046AA7F0021303010F068FB20469C
:1082A000FF2200213C3010F062FB00222A721046AF
:1082B0001721334B05E0149E4701BE19401C718005
:1082C000C0B21E68A036367B8642F4D800202883D0
:1082D0002F8C688C0026149008E02820E16C7043F5
:1082E0000918204604F0D2FE761CB6B2BE42F4D382
:1082F000002608E03020216D70430918139804F01F
:10830000C5FE761CB6B214988642F3D30120FDF761
:10831000BFFF0124684604701B49418023460422A4
:1083200069460CA8FEF7CEFC002822D16846018ED3
:10833000818216490183042606858475202108A8B8
:1083400081720024C472047307214173847305A9E8
:108350000DA8FEF76DFA00280BD168460487468702
:10836000818E15AB0EAA008E00F058FD002800D1BA
:1083700058E700202872472054E700000000FFFF64
:10838000A00300206407000001180000052A000077
:10839000F8B5044683480E460068834947184820CC
:1083A000C05DC0076FD0B088FCF730FE0546012CD9
:1083B00002D0002C68D0F3E0002D04D028694107DA
:1083C00003D54520F8BD0121C7E0B268F188147BD0
:1083D0000029F0D062060AD568888842F3D3D22CEF
:1083E00001D0522CEFD138463146183048E0A10672
:1083F000890E1E2949D81E2C20D101071ED508211F
:10840000884328612988012009F0AAFB0121304610
:1084100005F03EFC634801230068D902083040188B
:1084200042242D883922C06C21460BF007FA010046
:1084300003D08D8020460BF0EDF9B1E0E1070BD0C1
:108440001D2C1AD01B2C18D0410533D401218902D0
:108450000843EE612861A3E0C00606D52B46022240
:10846000032142200FF0B4FAADE72988002009F07B
:1084700065FB2969102001432961384631462430C3
:1084800010F090FA8CE015E016E0298820220020F8
:1084900005F0A2FB05000DD00121304605F0F8FBE8
:1084A0002B46002221460620FAF782FB2846FDF7DC
:1084B000CDFE75E04120F8BDB068047B1D2C3CD09A
:1084C0001B2C43D00021304605F0E2FB002D67D085
:1084D000032C46D0052C44D0072C42D0092C40D088
:1084E0000B2C3ED00D2C3CD00F2C3AD0112C38D078
:1084F000132C36D0172C34D0192C32D0012C30D07C
:10850000022C35D0042C33D0062C31D0082C2FD09F
:108510000A2C2DD00C2C2BD00E2C29D0102C27D08F
:10852000122C25D0162C23D0182C21D0522C1FD041
:10853000D22C1DD01E2C2FD032E0002D03D0298844
:10854000012009F0FBFA3146022001E0314601200A
:1085500009F076FA002823D00021304605F098FB78
:108560001EE029691020814329612988002015E037
:108570002869402188432861010511D5FF21013177
:10858000084328612988022009F0D8FA01202969C6
:10859000C0028143296103E02988032009F0E0FA41
:1085A0000020F8BDA00300206407000010B5104AA9
:1085B000104B1268D2184032127AD20706D0022825
:1085C0000AD0052804D00B2810D101E0412010BDAD
:1085D0004888FDF7FBFD09E04888FCF717FD0028F7
:1085E00004D001220169920511430161002010BDF0
:1085F000A00300206407000038B50D461446694604
:1086000000F0A0FF002834D10099086A20312EE044
:10861000828BAA422AD101462031CA78012A20D170
:108620000089154A90421AD0521C904217D0134A22
:10863000904214D0521E904211D0104AA132904262
:108640000DD00E4AC432904209D00D4A904206D055
:10865000521C904203D029221202904201D146209E
:1086600038BD2007000F0871002038BD006888421F
:10867000CED1412038BD000004290000052A0000A9
:1086800002280000F3B585B00288448881880191F2
:108690003C4FC68805893D21386849014018007B58
:1086A000C00767D001204002854215D869461046B0
:1086B00000F048FF002862D102AA2046009900F08D
:1086C00031FF00285BD102992F480A89824203D1E9
:1086D0002322525C012A02D0422007B0F0BD096873
:1086E0000C680099203148E02289824203D123227C
:1086F000125D012A43D0A38B019A93423CD12046BC
:10870000203003908178002903D1E08BAA19904290
:1087100005D201292ED1208CA91988422AD3012003
:1087200001900398C07801280AD117492089FF31A8
:10873000884205D13868A030007B002701900AE00C
:1087400000273846A169684308182A46069904F0AC
:10875000E0FF7F1CFFB201988742F2D30398807834
:10876000012805D1002E02D0208CE08300E0E583B3
:108770000020B2E74720B0E724688C42B4D16020E3
:10878000ABE70000A003002003280000FFB581B084
:10879000154606464624FCF739FC070026D030462D
:1087A00008F034FD002821D03005000D08F016FD3A
:1087B000C0071BD10298002803D078880F38A84240
:1087C00001D2422412E028460F3081B2304605F033
:1087D000F5F906000DD0014600953846049B029A33
:1087E000FAF705FE04463046FDF730FD204605B099
:1087F000F0BD64248020FDF73FFDF7E7F1B5FFB041
:1088000085B04720019000206946088053485449AC
:10881000006847188498FCF7F9FB0290002874D090
:10882000B96808374FE0684600880D4604AC201848
:108830006B46022228311BF0BFFC6846008829469F
:1088400020186B4601222C311BF0B6FC2E46203638
:10885000307B69460128098804A809D040186B4676
:108860001022294608311BF0A7FC01902C6A27E052
:1088700040186B460222F4E76946098804A84018AC
:1088800021466B4602221C311BF096FC6946098882
:1088900004A8401821466B46012223311BF08CFCB2
:1088A0002320005D69460128098804A830D04018BB
:1088B00021466B46102208311BF07EFC0190246893
:1088C000B442D9D12968B942ADD1019800281CD150
:1088D0006846008881070AD0224A011D11406A4675
:1088E00011800A1A04A908180B2104F01CFF029831
:1088F000008808F0F7FB002807D184986946000536
:10890000000D04AA098807F089FD7FB006B0F0BD0C
:10891000401821466B46022208311BF04DFC0190A5
:10892000208911498842CAD120460299FCF74EFAA3
:108930004000A16903906A460918128804A88018AB
:108940006B4602221BF038FC0190A16903980222B9
:108950000818002104F0E7FEB1E70000A0030020A2
:1089600064070000FCFF000002290000F0B593B08E
:108970000E4604460020694608760190E06907909B
:10898000002827D0C788002F7DD0B006800F03D0E5
:108990002088FDF7B5FA019006AB2046019A0799A9
:1089A000FEF7BAFB412861D0B81E80B2009007984C
:1089B0008068457B002D56D0F006F1070390002912
:1089C0000FD0022F0DD329460098F9F7D5FB0029C7
:1089D00003D006E0412013B0F0BD062D17D0142DB2
:1089E00015D0B00708D5052F06D30321B80789078E
:1089F000C84201D1022048E070070ED5022F0CD3E7
:108A000029460098F9F7B8FB002902D005E00120BB
:108A10003BE0082D0DD0062D0BD00398800F0ED013
:108A2000022F0CD329460098F9F7A6FB002902D0A3
:108A300005E0042029E0072D08D0152D06D0B0064A
:108A400011D5012D04D0022D04D00CE008201CE02B
:108A5000042500E01225022F05D929460098F9F7D0
:108A60008BFB002910D0412069460876012120693E
:108A7000490388432061019800287DD006AA01217E
:108A80003120FCF721FEF6E01020810706D57D4954
:108A9000B8034018070CB800C01C0EE0C0060098D0
:108AA000294604D5401CF9F767FB87B202E0F9F7C5
:108AB00063FB0746781E6843801D81B205AB022226
:108AC000079805F041F8F0064ED56946A089898AD5
:108AD000884202D9206941065BD4002041E0072D7D
:108AE0000AD068430B3082B21023A168079805F0C2
:108AF000C9F8002815D031E01022634908A804F015
:108B000008FE02980BABC100081A0B3081B202229A
:108B1000079805F019F8102208A8A16804F0EFFDE5
:108B2000E7E7019800280ED002980CAB6843801D3F
:108B300081B22A46079805F007F80CAA2946332087
:108B4000FCF7C2FD0AE00798009002982B466843A4
:108B5000801CC2B2218802200DF03CFC0298401C0F
:108B600080B20290B842BAD33820484F064207D0AC
:108B70006946A089898A00E077E0884204D86EE0DF
:108B80006846808AB8426AD02069410606D5F10657
:108B900004D401218902084320616CE0218820224D
:108BA000002005F019F8050011D00521F207012079
:108BB000C902002A0DD06A4611800490908A3B4673
:108BC000401C82B229462046FAF752FB37E0452086
:108BD00001E7B20713D5207901280ED01020A26832
:108BE0000290019200916846808A3B46401C82B206
:108BF00029462046FAF774FA21E00220EFE77107D0
:108C000001D5234A04E00399890F0DD0204A521C54
:108C100069460A800490888AA389401C82B229464A
:108C20002046FAF760FB0AE0B0060AD56846808A5B
:108C3000A389401C82B229462046FAF794FA642898
:108C400008D02846FDF702FB22883046079918F025
:108C500081FD10E00021284605F01AF8B7E72288C8
:108C60003046079918F076FD00E76846027E2188B5
:108C700002200DF0A1FE0121E06905F009F80020B5
:108C8000E061A8E600C0FFFF14530610FFFF0000DC
:108C900002280000F0B58BB00D460446002069465E
:108CA00008710490E669002E16D0A806800F03D044
:108CB0002088FDF725F9049001AB31462046049A3F
:108CC000FEF72AFA412865D0E80708D02188324605
:108CD00002200AF0F9FC5DE041200BB0F0BD68070E
:108CE00005D52188324602200AF08EFC52E0A80702
:108CF00039D5F0886188814205D921883246022021
:108D00000AF07AFA46E02069410604D50121890279
:108D10000843206180E021882022002004F05CFFCD
:108D200005001ED02188324602200AF065FAA068AC
:108D3000801C17F02AFD6188401E401886B2A0688A
:108D400017F023FD0246334629462046FAF76CFA0F
:108D50002846FDF77BFAA0683146801C15F080F8A4
:108D600054E04520B9E7E80614D5F08841270228E9
:108D70000ED9B168801E4D7B80B2854201D9012099
:108D800016E0002D04D02946F9F7F6F900290FD096
:108D900068460771012021694003814321610498DD
:108DA00000282DD001AA01213120FCF78DFC2DE0F7
:108DB00002900220002703901EE0049800280DD0A6
:108DC000039805AB001D81B22A46304604F0BCFE74
:108DD00005AA29463320FCF777FC07E003980096A4
:108DE000C2B22B46218802200DF0F4FA03984019F4
:108DF00080B27F1CBFB2039002988742DDD3C9E7DF
:108E000068460279218802200DF0D6FD0121E06933
:108E100004F03EFF0020E06100205EE7F0B5074669
:108E200017480E4600683D2149014018007B85B077
:108E30001D461446C00706D003A9384600F082FB41
:108E400000280AD102E0472005B0F0BD04AA304650
:108E5000039900F067FB002801D06020F4E7049933
:108E6000228860880968002A00D0088C32466E4645
:108E700031C603233946002000F004F8E4E700007F
:108E8000A0030020FFB5002099B0239A0B90129008
:108E900005461490064615901C46DB480B460068B4
:108EA000DA49229F411803910021089109915188C4
:108EB000069111880A913D2149014018007BC007A5
:108EC00006D00FA9184600F03DFB00280AD102E0A9
:108ED00047201DB0F0BD10AA0F991B9800F022FB8F
:108EE000002801D06020F4E71998002803D060071B
:108EF00001D5012000E000201390A007800F1C90F6
:108F0000109817902030C078012840D11798C04B96
:108F100001899942F9D11798069904680A98228C18
:108F20004118914233D8204620301690807801288D
:108F300016D0E08B04901798806900788006800F27
:108F40007ED0039840301890007A800778D51C981E
:108F50000028F5D0AE4F0F99FF372031206814E07C
:108F6000BA4214D3B942DDD80497E4E70389A84A8A
:108F7000934203D12322125C012A08D0BB4203D1C1
:108F80002322125C012A03D000688842EED134E12A
:108F900005900028FBD09C4809210268090251185D
:108FA000C96E0027009162E0780100990390085A89
:108FB00001055AD01999002901D0884255D1059947
:108FC0007A008B69511C595C9A5C0902891889B234
:108FD0000D91890749D002220599FAF741F8002836
:108FE00004D01998002840D0652072E7002008A915
:108FF000C8551C98C00718D0179880690078C0061B
:1090000013D50D98C00710D00120C8550543009A0C
:10901000039880184088159A904206D91590009AB6
:109020000398105A0005000D14901C9880071CD559
:10903000179880690078800617D50D98800700E0A2
:1090400083E012D50220CA5D05430243CA55009948
:109050000398401840881599884206D915900099C0
:109060000398085A0005000D14907F1CFFB2664853
:109070000068A030037BBB4296D8002D65D01898BD
:10908000007A00065FD460480168092000020818D1
:10909000C16E00201BE042018E5A360515D0AE0786
:1090A0000BD556183669B7070DD408AF3F5CBF071C
:1090B00003D5360701D546200BE7EE0705D0521839
:1090C000127CD20701D0432003E7401CC0B2834288
:1090D000E1D81598C01E86B20498864200D906468B
:1090E000A8070FD520220020149904F075FD1290D6
:1090F00000287DD0F01C82B20021129805F0ADFF4F
:10910000002811D1E80720D020220020149904F073
:1091100063FD0B90002807D0F01C82B200210B9851
:1091200005F09BFF002810D08020FDF7B1F81298C1
:10913000002802D0002104F0ABFD0B98002802D0DB
:10914000002104F0A5FD6420C3E6A1690A98069AEF
:109150000818249904F0DDFA16988078012801D1C6
:109160000498E083002D46D0274B0920196800029F
:109170000818C16E002008AA0CE04301CF5A3F0531
:1091800006D05F18BC463B69175C3B4367463B61B2
:10919000401CC0B21C4B1B68A0331B7B8342ECD825
:1091A000A8070DD512980090F01C82B221461C3100
:1091B0000220A369FAF73CFD0220129908F040FC56
:1091C000E80718D00B980090F61C2146B2B21C316B
:1091D0000120A369FAF72CFD1398002805D00B98FD
:1091E0008021C07C08430B99C87401200B9900E0D2
:1091F00005E008F025FC00206BE6422069E68020AF
:10920000FDF746F89FE70000A00300206407000078
:1092100003280000FFB581B01F4606464625FAF731
:109220003FFF040020D020223146002004F0D4FC6F
:10923000060018D0014600972046039B029AFAF7D1
:109240000FF9050004D00021304604F021FD0BE0A9
:10925000012120694903084320610548A061304687
:10926000FCF7F4FF00E06425284605B0F0BD0000DF
:109270007592041010B56021FFF70CFD10BD10B5FC
:10928000012117F021FB10BD10B51C4613462246E4
:10929000FFF7C0FF10BD0000FFB583B0108802903B
:1092A0003048462501681320C0010818008A5688F6
:1092B000002853D10398FAF7F3FE04004ED0202281
:1092C0000020039904F088FC070046D02548039944
:1092D00002681320C00110180182406932460699C5
:1092E00004F017FA6088401F80B2B04200D33046C5
:1092F00006990091019039462046029B049AF9F79D
:109300005AFF050004D00021384604F0C1FC25E0D6
:10931000144801681320C001081840696061A06802
:10932000049914F09DFDA0680299801C14F098FD2A
:10933000A0683146001D14F093FDA0680021801D37
:1093400014F08EFD0120216940030143064821618C
:10935000A0613846FCF77AFF00E06425284607B094
:10936000F0BD0000A00300207F92041010B51C4641
:1093700013462246FFF74EFF10BD0000FFB53148EF
:1093800083B001681320C0010818008A46250C9F8D
:10939000002853D10398FAF783FE04004ED0202210
:1093A0000020039904F018FC060046D025480399D4
:1093B00002681320C0011018018240693A460699DC
:1093C00004F0A7F96088401F80B2B84200D3384645
:1093D00006990091019031462046059B049AF9F7C1
:1093E000EAFE050004D00021304604F051FC25E0DF
:1093F000A068049914F034FDA0680599801C14F04D
:109400002FFDA0683946001D14F02AFDA068002138
:10941000801D14F025FD0B4801681320C0010818B9
:1094200040696061012120694903084320610648C1
:10943000A0613046FCF70AFF00E06425284607B02B
:10944000F0BD0000A00300204D94041010B50021D1
:1094500017F03AFA10BD38B51488528800922246A7
:10946000FFF78CFF38BD38B5148852880092224629
:10947000FFF784FF38BD0000FFB581B015460646F2
:109480004624FBF7C3FD070025D00298002803D02F
:109490007888C01EA84201D242241CE011483D2118
:1094A000006849014018007B000602D5642005B021
:1094B000F0BDE81C81B2304604F080FB06000CD001
:1094C000014600953846049B029AF9F7B0FF04461E
:1094D0003046FCF7BBFE2046E9E764248020FCF719
:1094E000CBFEF8E7A0030020F0B58468083015E053
:1094F000258D8D4203D1146018600120F0BD2646F1
:109500001C602036256A06E0AF8B8F4202D1022014
:109510001560F0BD2D68B542F6D124688442E7D1CC
:109520000020F0BD10B50B6A203106E09C8B844210
:1095300002D10020136010BD1B688B42F6D1412080
:1095400010BD000010B5094A094B1268D218936883
:10955000083206E01C8D844202D100200B6010BD51
:109560001B689342F6D1412010BD0000A0030020EB
:1095700064070000F8B5204E04463568AE3500F0AB
:109580003BFC2070000A607000F036FCA070000AFE
:10959000E07000F031FCC2B28004830E2271002121
:1095A00063710846275C401C7918C0B289B206284E
:1095B000F8D30029E3D02078FF280CD16078FF2869
:1095C00009D1A078FF2806D1E078FF2803D1FF2A2F
:1095D00001D1FF2BD3D00622691D204604F08FF85D
:1095E0000028CCD0316806222046783104F087F874
:1095F0000028C4D0F8BD0000A00300200248006885
:10960000AE30008870470000A003002010B5044968
:10961000044B09680622C91804F07BF810BD00004D
:10962000A00300203307000010B503490622096893
:10963000B33104F06EF810BDA003002002460B46C3
:10964000144C002003E0002185006151401C0A28D1
:10965000F9D310490B604A6002200DE0851EAD0071
:10966000A91801256D07A94205D30B4DA94202D8BF
:1096700086000D68A551401C0A28EFD300BFBFF338
:109680004F8F0649064DE960BFF34F8F00BF00BF03
:10969000FEE7000034000020FF5F00200400FA0510
:1096A00000ED00E0F7B5164600241CE000981149D3
:1096B000001940188108019889000019427805783E
:1096C000120215438278C07812040006024309484A
:1096D000154340420F1829463846FBF751FB3868BE
:1096E000854204D1241DB442E0D30020FEBDFB20FE
:1096F000FEBD00000000FCEFF0B50E46074600245A
:1097000007E03D1900F078FB2870000A6870A41C7F
:10971000E4B2B442F5D3F0BD10B5044628220449A2
:109720002046F8F753FD00200149086010BD0000F5
:109730003400002010B51549154A144B283BDB694D
:109740001B061B0F4370114B283BDB691B071B0FCC
:1097500083700B6843600F4C4368A34209D11368C0
:109760000D4CA34202D10423037004E002230370D2
:1097700001E0012303704378002B01D101234370E2
:10978000064B9B8A5B1C9B00836010BD28009040A9
:109790001C00001041A0000244A000F20000104094
:1097A000F8B51B4E144633680622783300281DD0C6
:1097B0000225062812D0102708280DD018280BD013
:1097C00028280BD02A2809D02C2809D02E280DD0E3
:1097D000802810D01220F8BD0F7008E00D7006E050
:1097E00001220A70185C104020700EE00A700A789E
:1097F0001918204607E00A7013213068C901401883
:1098000081692046243103F084FF0020F8BD000068
:10981000A003002010B5012818D8072916D80C4A33
:10982000126813462033187759778007C906000E4F
:10983000090E01430020074BA03204E08401E41824
:10984000A172401CC0B2147B8442F7D8002010BD26
:10985000A003002000010020074A914202DC52428E
:10986000914200DA1146FF22993251430A125118EF
:109870000A14511808187047FFFF4F0010B509204F
:10988000C00600690002000A08F074FB10BD7047B2
:10989000F0B54F4F0446386885B078300D4616460F
:1098A000002C10D0062C14D0082C0FD0182C0DD062
:1098B000282C0ED02A2C0CD02C2C0DD02E2C0ED0D7
:1098C000D02C47D048E0062D0FD045E0102D0CD00D
:1098D00042E0022D09D03FE0012D06D03CE0062DEC
:1098E0003AD17179890903296FD100192A46314685
:1098F00003F00FFF2C2C26D13078002823D010F055
:1099000089FF012822D01B201F304009401C410044
:109910004118012004F022F910F07CFF012817D033
:109920001B201F304009410041182A484078401A46
:10993000C01EC1B2002004F011F93868F92240308D
:10994000017811400170002005B0F0BDFB20DBE77D
:10995000FB20E6E7012D04D010F05CFF012804D0C5
:1099600005E0107807F00AFEEEE7D12C02D02F2C8C
:109970001ED02AE0082D28D102223146684603F085
:10998000C8FE0222B11C01A803F0C3FE0222311D51
:1099900002A803F0BEFE0222B11D03A803F0B9FE27
:1099A0006846838902898188008816F05BFFCBE7CF
:1099B000012D0AD13078002807D0082805D2492285
:1099C0003968520189188876BDE71220BCE700008B
:1099D000A0030020E014002070B5184C0721206877
:1099E0000902411800260E77154B4E770622FF21FB
:1099F000C01803F098FE392520686D0140190671E2
:109A00002021417110F006FF012814D01F20216889
:109A10000B4B491988712068093307220021C018AF
:109A200003F081FE064B206810330522FF21C01889
:109A300003F079FE70BD5F20E9E70000A00300207D
:109A40001E07000003480078FF2802D100200149CA
:109A500008707047CC03002010B50C480078FF2830
:109A600013D10A48C07800060849897809040843D8
:109A70000649497809020843044600200349087052
:109A800021460348FBF77CF900BF10BDCC03002042
:109A900000F9071000B595B00121084608F0D8F884
:109AA0000EA8FCF7C1FD3A480E90042108A80177E2
:109AB0000EA8FCF799FC80200E90062108A80177DB
:109AC0000EA8FCF791FC8020FCF73CFD314A07CA48
:109AD00012AB07C312A8FCF72EFC0120C002FCF752
:109AE00014FC2C480C300068119011A803F04EFDB6
:109AF000284810300068109010A803F047FD01219D
:109B0000102008F0A5F801A807F000FF0121684621
:109B10000171C17101A807F08FFE07F03FFE07F049
:109B200032FE0121C802FCF7F4FBFF2007F0BEFE65
:109B3000012007F04FFE0121080408F089F803A86E
:109B4000FAF730FB1020059080200890124803900F
:109B5000012000030C9003A91048FAF7F5FA002041
:109B6000059020200B9000020C9003A90B4814389C
:109B7000FAF7EAFA012109481438FAF7B1FA012193
:109B8000052007F03BFE01200549087015B000BD17
:109B90000D08000088500610080040406C0000A02E
:109BA0003E03002000B59BB00121084608F050F8A4
:109BB0000FA8FCF739FD30200F90012110A801708B
:109BC0000021817041700FA8FCF70EFC4020FCF7CB
:109BD00027FD454903C91A91199019A8FCF704FCFF
:109BE0004149083103C91891179017A8FCF7FCFBED
:109BF0003D4810300068169016A803F0C7FC3A4A9A
:109C0000143207CA13AB07C313A8FCF794FB3648FA
:109C100020300068129012A803F0B8FC0120FCF775
:109C200050FB314824300068119011A803F0AEFCBD
:109C30000121082008F00CF80CA808F01FFBE12017
:109C400040020C90032108A801754175002181751F
:109C5000C175417603210176002181760CA808F0B8
:109C600013FA2248007F1021884310301F490877DB
:109C70001E482030007D382188431C49203108755A
:109C80000121102008F0F0F9012008F08BF90121E2
:109C9000080407F0DDFF01A8FAF784FA102003900A
:109CA0008020069011480190012040030A9001A9EC
:109CB0000F48FAF749FA012202210D48FAF71DFA76
:109CC00000210B481438FAF70BFA0121022008F0A2
:109CD0007DF917216846017001214170817003F000
:109CE00055FC1BB000BD00009C5006100000304029
:109CF0001C0000A000B593B00121084607F0A8FFA2
:109D00000FA8FCF791FC30200F90012110A80170E2
:109D10000021817041700FA8FCF766FB3348006892
:109D2000129012A803F032FC3048001D0068119018
:109D300011A803F02BFC0121082007F089FF0CA8D3
:109D400008F09CFAE12040020C90032108A801755C
:109D5000417500218175C17541760321017600218D
:109D600081760CA808F090F92148007F10218843E3
:109D700010301F4908771E482030007D3821884365
:109D80001B49203108750121102008F06DF90120D0
:109D900008F008F90121080407F05AFF01A8FAF7B2
:109DA00001FA1020039080200690114801900120B4
:109DB00040030A9001A90F48FAF7C6F901220221CF
:109DC0000C48FAF79AF900210A481438FAF788F98A
:109DD0000121022008F0FAF81721684601700121DC
:109DE0004170817003F0D2FB13B000BD80500610AB
:109DF000000030401C0000A000210B20000702687A
:109E000052070DD5026804239A43026002680823B2
:109E10001A43026004E0491C052901DD0020704757
:109E200042689207F7D54168C907FCD0806880B2C4
:109E3000704710B5FFF7E0FF0446FFF7DDFF0004B1
:109E4000201810BD00BFEFF3088004460249FFF759
:109E5000F5FB00BFFEE700000200ECBC7047704756
:109E6000F0B5454C13252668ED017019806900276F
:109E7000416B4248AE368DB0814242D006216846E1
:109E8000FFF73AFC69464879C021084369464871A2
:109E900020680622401980692430FFF703FC07463A
:109EA000102105A8FFF728FC2068102240198069BE
:109EB00005A9001DFFF7F6FB0743102109A8FFF7CE
:109EC0001BFC206810224019806909A91430FFF793
:109ED000E9FB0146394313D12068294940198069BB
:109EE000264F4018800881002648081839460490FB
:109EF000FAF746FF04980068B84201D1002700E055
:109F0000FB27226850198069A63224300190062070
:109F100001460090002014F0B8F8002802D1206813
:109F2000A6300190701D009A019903F0F2FB22689F
:109F3000102631460020803214F0A7F8002807D000
:109F400020683246411989698030091D03F0E1FB20
:109F5000226831460020903214F097F8002807D08C
:109F600020683246411989699030143103F0D1FBE1
:109F700038460DB0F0BD0000A0030020AAAAAAAA8E
:109F80003400FCEF0000041030B50F4B0F4D1B6880
:109F900004465B1940331B7A412085B09B0710D5DE
:109FA0006B469981DA81002018820420588203AA26
:109FB00004A96D4607C502231A4601212046FEF773
:109FC00061FF05B030BD0000A00300206407000061
:109FD000024600200146535C002B00D00120491CA2
:109FE000C9B20629F7D37047024800682030C07F05
:109FF00070470000A003002070B50E4605460146DC
:10A000002022002003F0E8FD040023D0284600F0C1
:10A0100035F9050027D02879B04224D1A8788007E7
:10A020001FD4A06801210173A06800214673A068B5
:10A0300002268673A068C173A0680174A068417489
:10A040000620E0802146052000F088FA002803D091
:10A05000412509E064250BE0A8783043A87000256D
:10A0600006E0462500E042250021204603F010FED0
:10A07000284670BDFEB50488418801918688C7884E
:10A0800000890090204600F0F9F8050066D0E878D5
:10A09000002863D0A8780007400F01D046255EE075
:10A0A00020222146002003F097FD040048D00199AA
:10A0B0002C48891F81424BD8B11F814248D8019852
:10A0C000B04245D8FF20F530874241D20099781C34
:10A0D0007043890088423BD822490098091F0A38FA
:10A0E000884235D8A06812210173A068E9784173CD
:10A0F000A06808218173A0680021C173A06801993C
:10A1000001740199A068090A4174A068310A867433
:10A11000A068C174A068390A0775A0684175A06875
:10A12000009981750099A068090AC1750C20E0802A
:10A130002146052000F012FA002803D0412508E04E
:10A1400064250CE0A87806210843A870002506E0E5
:10A1500042250021204603F09BFD00E042252846D1
:10A16000FEBD00007A0C0000F7B500980F4601888C
:10A1700001262022002003F02FFD040016D00098B5
:10A18000008800F07BF8050036D02879B84233D13A
:10A19000A87841072ED580072CD40298002808D033
:10A1A000009802F0D7FA002802D002E0642528E0E7
:10A1B0000026A06813210173A06800214773A068DE
:10A1C00002278773A068C173A068310A0674A0686B
:10A1D00041740620E0802146052000F0BFF90028E8
:10A1E00001D0412509E0A878FB2108403843A87038
:10A1F000002506E0462500E042250021204603F028
:10A2000047FD2846FEBD7CB514460D4600281ED1EC
:10A21000052D02D00B2D07D011E0627921796088DD
:10A22000A31D07F0F3F80AE021461231881F0191BF
:10A230000090627921796088A31D07F0FEF821461D
:10A240002846FEF7B3F92146284600F0B5FA7CBD52
:10A2500070B505460C46002000F010F800280BD021
:10A260002905090D018000218170002C01D10821F0
:10A27000817001210171C17070BD000030B50246CE
:10A280000A4801230068DB020021C318A030047BC8
:10A2900007E0586B0D0140190588954204D0491C10
:10A2A000C9B28C42F5D8002030BD0000A0030020C8
:10A2B00030B50A49012309680246DB020020CB18A9
:10A2C000A031097B07E05C6B050164192488944286
:10A2D00003D0401CC0B28142F5D830BDA00300209D
:10A2E0008068017A407A0002081880B27047000046
:10A2F00070B50023134A1DE00125ED024019190134
:10A30000466B0024C81C345410684019466B081D65
:10A31000345410684019406B445210684019466B21
:10A3200008460830345210680C314019406B5B1CF1
:10A330004450DBB21068AC21095C9942DCD80020A3
:10A3400070BD0000A003002010B5024688680C46CE
:10A35000817AC07A0002081881B2E088001FE0808C
:10A36000042909D005290CD006290FD00121204647
:10A3700003F08EFC002010BD21461046FEF708F8C1
:10A3800008E02146104600F03FF903E02146104660
:10A3900006F0F2FD0028EED0E188091DE18010BD35
:10A3A000F3B581B00D4600268888FFF767FF0700E8
:10A3B00056D0287B3C46083400900228F86833D0F9
:10A3C000002845D0E888002810D021884018208037
:10A3D000284603F0CFFB01466068806802F08DFEDE
:10A3E0000120616803F086FB0020E88020880428B3
:10A3F00028D36068FFF774FF001D218880B2814276
:10A4000026D881421BD16168C88061680198FFF736
:10A410009BFF0146002000290ED06168A94201D1AE
:10A420006060208045261FE0002801D04526DDE73A
:10A430006560E8882080D9E7606020800BE0452EC9
:10A4400006D008E0452E06D1384600F0C7F90BE0EB
:10A45000384600F0C3F9002E06D10098012803D138
:10A460000121284603F014FC3046FEBD024610B51B
:10A470000020002A05D0012A02D11046FFF790FFE4
:10A4800010BD1046FFF760FF10BD70B50546801E79
:10A490000C46030008F031FA0A0C1D1D06170B0BC1
:10A4A0000B0B060B0A4620782946FFF7ACFE70BD61
:10A4B0002846FEF77BF8608806F0F0FE2146284625
:10A4C00000F07AF970BD4A890888A11C06F0DEFF09
:10A4D00070BD62880978284606F000FF70BD000054
:10A4E000F0B585B0FFF7E4FE1B4D04462868A030A8
:10A4F000007BA0422DD92046323069460873684659
:10A5000007F00CFD01262868F6028019426B002135
:10A5100024011153286827468019426BE01C11540E
:10A5200028680C378019426B201D11542868801947
:10A53000406BC05900280CD0012103F0A9FB296809
:10A5400000208919496BC85129688919496B083459
:10A55000085305B0F0BD0000A003002010B50C4664
:10A560000146042805D0052903D0062901D0502032
:10A5700010BDA068A2790272E088020AA068427247
:10A58000A0688172A068090AC172E088001DE0809D
:10A59000022020732046F8F77BFC0028E8D0E088F2
:10A5A000001FE080412010BDF8B5323801060220BE
:10A5B000144E009001253068ED020C0D421939212E
:10A5C0004901526B4118C97B175B012349070CD520
:10A5D000083040191E220221C06C09F02FF9010039
:10A5E00003D08F80009809F015F9316800204919CF
:10A5F0004A6B211D505431684919496BE41C0855B8
:10A60000F8BD0000A0030020F0B50D468DB000217C
:10A610000A91A96800280F7B02D0012822D0C3E04C
:10A62000A888FFF745FE624E04463068A030007BE4
:10A63000A04215D9122F08D15E4802902046323030
:10A6400069460873684607F01DFC01203168C002A6
:10A650000818406B210140188178FD22114081705B
:10A6600000219EE0A888FFF723FE06465048AC2252
:10A670000168525CB24218D90120C0020818406B30
:10A6800032018418A278100710D5122F10D150076C
:10A6900010D4A9882A4642200DF066FFA078042134
:10A6A0000843A070A868407B207179E0132F0AD07E
:10A6B000012F41D0A868417BA888FFF79DFC0A9034
:10A6C00000286DD070E0A868E778437BBB4267D173
:10A6D000520765D5027C407C01230002101887B226
:10A6E00042200490A8880690392040010818C07BB9
:10A6F00080070FD5D802083108181D22C06C0499B4
:10A7000009F09CF8010005D0069A8A80CF80049851
:10A7100009F080F8A078FB210840A070E078401C88
:10A720000006000EE07001D10120E070684632366C
:10A73000067307F0F3FB33E0100731D4A868E17823
:10A74000407B88422CD150072AD5FB200240A270C2
:10A75000E078401C0006000EE07001D10120E0709E
:10A7600068463236067307F0D9FB1148202200688C
:10A770009101083040184224AE880223C06C214663
:10A7800009F05CF801000BD0A868437B877BC07B95
:10A790008E80000238188B710881204609F03AF843
:10A7A0000121284603F074FA0A980DB0F0BD0000AC
:10A7B000A00300203075000010B5022809D005283C
:10A7C00001D00B2808D1084609794088FFF740FDE1
:10A7D00002E04888FFF784FE002010BDF8B505466A
:10A7E000807810210843A870422000901148C901C8
:10A7F000006801270830401802263B462122C06C21
:10A80000009909F01BF804000AD0277166713246DE
:10A810002946A01D02F07DFF2146009808F0FAFFAE
:10A82000E868002805D0012103F032FA0020E86032
:10A830002881F8BDA0030020FEB50F46064600247F
:10A8400010F028FA054610F099F9082D01D30828D0
:10A8500011D202A9684600F0BDFD002F684606D05F
:10A860004079400601D5022102E0032100E0017A8F
:10A87000B14200D041242046FEBD0000F1B5144C89
:10A88000FD212068C900451812490C26471810F010
:10A8900001FA0099BA7D0A7072B6082815D209210A
:10A8A0002268090251188A6E60214143891C535C59
:10A8B000032B0AD100235354297D01228240914366
:10A8C000297562B61AF0A6F8002662B63046F8BDC1
:10A8D000A003002058080000FFB507468DB00020F7
:10A8E0000890079077481E460168774815460C186F
:10A8F0002320400108184771C271002B01D00021AC
:10A9000001710E9800287DD0FFF762FB002879D0F6
:10A91000002E03D020342079012873D0FF24002E8C
:10A9200007D0022D02D0032D02D002E0002500E066
:10A93000012564486549006840180B90022F01D03A
:10A94000032F6AD1684605700622401C0E9902F05A
:10A95000E0FE6946002003F0C9FBFF2803D00B99F5
:10A96000C2005118CC7911239B015649002E14D0F6
:10A970000968CA189476232300225B01C9180A715A
:10A98000FF284AD0372044434E48FF2100682F312A
:10A990002018095C002904D015E00A68D1188C75CC
:10A9A000EEE70146FF31FF3047311F3004F039F93F
:10A9B0004448062200682118FF3105A8483102F0FA
:10A9C000A8FE012007903F49FF2208684E32201858
:10A9D000125C002A1CD10146FF31FF30403130307B
:10A9E00004F01FF93748062200682118FF3103A838
:10A9F000413102F08EFE01200890002E08D0012186
:10AA0000304800E018E0026823204001101801716E
:10AA10000798002801D0002E0AD0324629460E9809
:10AA200001F098FD0898002806D0012103A815E040
:10AA30003246012105A8F3E7002F06D0012F1AD0D6
:10AA4000022F02D0032F07D115E01E48062201680D
:10AA50006846783102F05DFE0021684601F0E4FDB1
:10AA60000124A402002F10D0012F16D0022F0CD0E9
:10AA7000032F24D111E01348062201681448091855
:10AA8000684602F046FE0121E7E70E480068816F44
:10AA9000041909027B30E1650CE00A4805680C489E
:10AAA0002818F7F7D3FB00022C19401CE065084872
:10AAB000C01C2818F7F7CAFB0002000A2066002015
:10AAC00011B0F0BDA0030020580800006C04000085
:10AAD00033070000F0B591B0044610F0DBF80646ED
:10AAE0009F48A0490068062247189E49E43145184E
:10AAF000092109024118896E0B91FD21C9004018F6
:10AB00000D90002004900590607C694608742146F1
:10AB1000123104A80130019102F0FBFD04A802F0FB
:10AB20000AFA012804D0082E04D20C2011B0F0BD7E
:10AB30000B20FBE73846C0300790007AC00701D0F1
:10AB40003A20F3E720896189E288401C504389005C
:10AB5000884201D31220E9E7208805210202384605
:10AB600080304902C2608A4200D2C16061880A0214
:10AB70008260A1884B048902591A8A4200D98160F7
:10AB800038462030217C0A9001710646627C207E86
:10AB900001230199FFF7A0FE0020F070A088410278
:10ABA0000D9881610021012000F08EFA10F072F8FA
:10ABB00041260690082832D20FF02CFE012811D130
:10ABC0000798C18A408B081867499630F7F7D4FA7E
:10ABD000401CA18980B2814200D2A081E1898142DA
:10ABE00000D2E081A1890320022900D8A081E18957
:10ABF000022900D8E081E089E2880102A08952029E
:10AC00000002009202910190A08843026088020233
:10AC100020880102069816F085FA060005D000216A
:10AC2000084600F051FA304680E7E089F861286A6A
:10AC30000090002008900E90032001900D990D982F
:10AC4000C98B8069491C4843C001000C07902089CA
:10AC5000109060890F9007E0FFF7CEF80646FFF7E7
:10AC6000CBF800044640089608980FF04DFC0028E9
:10AC7000F2D0FFF7C1F80646FFF7BEF800044640E1
:10AC80003002000A0990FFF7B7F8C0B20607360F86
:10AC90000C2E04D34006400F80190C38C6B2207E1B
:10ACA00000998001401D0870009C22206070A41C47
:10ACB0002046761D396813F0DDF8B8882071000A47
:10ACC00060710C342046089913F0D4F8241D2046F6
:10ACD000099913F0C9F80198E0700E9820710E9848
:10ACE0000522000A60710798A0710798000AE071B8
:10ACF000109820721098000A60720F98A0720F9836
:10AD0000000AE07216480C340068214648300FF003
:10AD1000F1FB1648807B4001801960712A6A42214C
:10AD2000A868AB685A80AA681080069860235843C8
:10AD30000B9B079AC01840231A5200224271A86840
:10AD4000C01D13F091F8A9680120C8720698A9687F
:10AD50004001001D88720A980221C1700020E5E6BA
:10AD6000A00300205808000071020000E014002039
:10AD700010B58AB006A8FFF781FD040011D10021AB
:10AD80000791089102910391049105916846007E14
:10AD900007A901910023009002211A46084610F0ED
:10ADA000D3FD20460AB010BD70B5403001894288FD
:10ADB0000025914200D31146C38A028A934200D2F1
:10ADC0001A46C48883889C4200D22346868A448AD5
:10ADD000A64200D2344646898E4200D00125C18960
:10ADE000994200D00125018B914200D00125408B72
:10ADF000A04200D00125284670BD10B5044620466B
:10AE0000FFF7D2FF10BD70B50C460546022248314F
:10AE1000C01C0FF06FFB214602225631681D0FF057
:10AE200069FB214602224631E81D0FF063FB2146F3
:10AE300028460222543109300FF05CFB403420894F
:10AE40001B211B2800D22181E28AFF204930824247
:10AE500000D2E082E2881B2A00D2E180A18A8142EE
:10AE600000D2A08270BD000070B50D460B490024D1
:10AE7000884204D803210FF0A5FE082801D302243C
:10AE80000AE00749012209682031C97D8240114248
:10AE900002D1294600F0F0FF204670BDFF0E0000F1
:10AEA000A0030020F0B5824D04468249286885B091
:10AEB000401801900FF062FE002C7DD008280DD3C1
:10AEC0004220074603907C48002402900FF0BEFE0B
:10AED0000090082004900098082802D30C2005B0A8
:10AEE000F0BD01F031FA01F021F9009873498001B9
:10AEF000421813212868C9014018818801988030C0
:10AF0000036BC0315980016B09800021C943018264
:10AF10000021456ACB1DEF54856AEF54C56AEF5492
:10AF2000056AEF54066B039DF554039B3F0A1B0A09
:10AF30000393466A029D0B1DF554866AF554C66A52
:10AF4000F554066AF554066BF554029B491C1B0A1E
:10AF5000C9B202930329DCD3009911234907090ED2
:10AF6000456A0B43AB72856AAB72C56AAB72019BD3
:10AF70001D7E0223022D0BD1456AAE7A1E43AE72AE
:10AF8000856AAE7A1E43AE72C56AAE7A1E43AE7251
:10AF9000466A0127F772866AF772C66AF772194322
:10AFA000036B9972036A9972036B0321D972016A68
:10AFB000CF7200210B4600E04EE0535455186B71E0
:10AFC000491CC9B20529F6D3802595720199203113
:10AFD000CE7BD672868C1682068E5682384E96614D
:10AFE000384ED6613E462027BE54D375019A127E54
:10AFF000002A04D0012A04D0062A12D110E0182415
:10B000000FE00322836828245202934209D1C368C7
:10B01000934206D100220492FF225632028200E0BF
:10B020001024497B002904D0012904D0022906D12B
:10B0300003E0C02102E02C4301E040210C430499CD
:10B04000C2680902806853184218E108C900491C07
:10B05000009816F06DF942E772B608280CD2092163
:10B060002A68090251188B6E60214143891C5C5C7F
:10B070006407640F012C01D062B616E0F024A45CD2
:10B08000002C04D01126FF24B601921994750022D9
:10B090005A543F212A68490151180B7F01228240EE
:10B0A00093430B7762B619F0F3FC002017E700001A
:10B0B000A0030020580800008100B000CC00002050
:10B0C000D6BE898E55555500F3B5054693488DB0CB
:10B0D000016893480F189248E4300C18FD20C00016
:10B0E00008180490092000020818806E06900FF0DE
:10B0F000D1FD0646E0210E98C8553046082E0AD2EA
:10B10000002D7DD172B60EF081FC62B6304619F08A
:10B1100043FC0026FFE0002D72D038468030C16825
:10B120000291866842200A9009907E48089000208B
:10B130000C900FF08BFD054605AB3246029916F0D8
:10B140002BF801210646490405E0800805900C987B
:10B15000401CC0B20C9005988842F6D80C9805990E
:10B16000800440180B21090540180590786840219B
:10B17000800A08406949C01C0A681321C901511896
:10B180008968087065480C2102681320C0011018F6
:10B19000806841706148396802681320C001101846
:10B1A0008068801C12F066FE5C4801681320C001B4
:10B1B00008188168B8888871000AC8715748016802
:10B1C0001320C001081841689031A16141686031C5
:10B1D000396341683031E16140682062E1690020F3
:10B1E0000870216A0870A0696168E2685080E068B0
:10B1F0000180388EE168626850806068018000E0FC
:10B2000088E0464801681320C001081800892168B9
:10B2100022685080206801800021099B2768C81D92
:10B2200002463B540A98E368985463689854059A18
:10B23000E368081D1A54089A63681A54059A23682B
:10B240001A540A98491C000A0A900998C9B2000ABF
:10B2500009900598000A05900898000A08900329AB
:10B26000DBD32E480168492040010B18987E002846
:10B2700015D0E1686801C01C887221686801887275
:10B2800061688872E1680320C87221680122CA726D
:10B290006168C872082D39D2002E04D03BE0E16805
:10B2A00068011330E8E72049A801401800218172A5
:10B2B0009B7E002B28D0DF0701D0252302E09B07CF
:10B2C00022D52623C37223680382E3684382174B87
:10B2D000C361174B836120231A54C1756020069BFC
:10B2E0006843C018417172B6049BAA401B7D0324B9
:10B2F0001A438470241F4481C1730498027562B696
:10B30000184618F0EDFE06E02723DBE7002E02D1F9
:10B31000412600E00C2630460FB0F0BDA00300200F
:10B32000580800002C01B000CC00002055555500F5
:10B33000D6BE898E30B50D461C49144609681C4A94
:10B3400091B089180922D206096D1269891A194A21
:10B3500009021288090A12070AD5002B08D1164AD9
:10B36000FF39914204D322462946F6F7DDFF1AE061
:10B370000146102204A802F0CCF91022294608A8A0
:10B3800002F0C7F904A8009008A801900CA8029048
:10B3900000206946087368460FF040FA10220CA995
:10B3A000204602F0B6F9002011B030BDA003002005
:10B3B00058080000C000002002FF7F00F8B50446D6
:10B3C0000D4616461F463B46324629462046FFF7A5
:10B3D000B1FFF8BD70B5044608480D46006808493D
:10B3E00046182046316812F055FD72682271100A25
:10B3F0006071100C2870002070BD0000A0030020B8
:10B400005808000070B50D4604460FF0B7FB082839
:10B4100001D31F2070BD0948094900684018002267
:10B42000416B931CC95CA154521C062AF8DB406B8B
:10B4300000784006C00F2870002070BDA0030020D7
:10B440005808000030B50C4A0C4B1268D218936AA9
:10B450002032147B1F2C02D90020087030BD00223E
:10B4600005E01D780570521C401CD2B25B1CA24244
:10B47000F7D30C7030BD0000A00300205808000076
:10B4800010B504460448807A8006400F0FF056F944
:10B490002070002010BD000000010020F8B5074614
:10B4A00013480E460568FD20C0002C1836350FF0F5
:10B4B000CDFB15F003FD3A20005D02070120120FBD
:10B4C000014691402A781207120F90400143207DD7
:10B4D000884309D06068000A3860606815F09EFCF7
:10B4E000000A30600020F8BD002030603860F9E7C5
:10B4F000A003002070B50D4603210FF063FB09493E
:10B500008001441872B62046213015F064F92034C9
:10B510006479014662B6284612F0BCFC2C7100200A
:10B5200070BD0000CC000020054A064B1268D218FE
:10B53000C032938B0380D08B0880002070470000BE
:10B54000A00300205808000010B50C4605498001F2
:10B550004018807A8006400F0FF0F0F8207000202D
:10B5600010BD00000001002030B5074C074D2468D5
:10B570006419C034A58A0580E08A0880208B108079
:10B58000608B1880002030BDA00300205808000008
:10B5900070B504460025FEF72FFC2070000A60708D
:10B5A000A41C6D1C042DF6DB002070BDF8B50C4604
:10B5B00005460FF06FFB082801D31F20F8BD0A4E87
:10B5C00013273068FF01C019806806222946801CB5
:10B5D0000EF090FF3068C019806800784006C00FF8
:10B5E00020700020F8BD0000A003002070B50446C4
:10B5F000012100206054491CC9B20829FAD30FF078
:10B6000009F94501093502F087FE8001054315F06F
:10B61000DDFAC0010543257016F076F8012803D144
:10B62000E07808210843E07070BD0021C94310B5DF
:10B630008B0D002281541C06090A521C21431B0A4F
:10B64000D2B2082AF6D310BDF8B55E4B5E481E682C
:10B650000022301801462031027613240D460A7369
:10B66000E40131198E68FF272836866389684937D7
:10B6700050314163083181620721A973416B524EF9
:10B680000A70456B062169701B68FB2519198C68C7
:10B690007834C46389680824A03101640146C0314C
:10B6A0004A720A72CC738C731B240C824F828D8277
:10B6B000103ECE820D834E838C83CF8343495A65DF
:10B6C000196513233F4C0146DB012668B518F618AF
:10B6D000B768603516462D7E2A36BD552668F618A1
:10B6E000B76816465236BD552668F618B76816462E
:10B6F0007A36BD552668F618B7681646A236BD5587
:10B700000D70521CD2B2491C062ADED300230B70E6
:10B71000826B06215170426B517002468032536138
:10B72000194693611BE009252D025B1960254D43E5
:10B730009F6E2B46264E0A33FE52092327681B02B2
:10B74000FB189F6E2B4600262033FE5009232768E6
:10B750001B02FB1824359B6E491C5E51C9B223683D
:10B76000AC25ED5C8D42DED8002501219583C90210
:10B77000018455640920216800020918896F936BC0
:10B78000891C598021680818806F516B801C488083
:10B790001048818D206840300186F8F7E3F93F2199
:10B7A00020684901411841220D7752010821801873
:10B7B000817000F055F915F0B7FA20682030C57493
:10B7C000F8BD0000A003002058080000862E0000ED
:10B7D000FFFF0000C0140020F0B58DB00026574DCB
:10B7E000044606960796089609962868E030007C7D
:10B7F000012803D115F08FFD012811D02968002000
:10B80000E0314874E01D0B94029017340594002039
:10B810000B9902F09BFA0646FF2804D0002003E0B3
:10B820000C200DB0F0BD07200A902868F100444AB2
:10B830000918891803912F21490140180C907008AC
:10B840007F285BD002F03CFC0746F00903D07F1E46
:10B850007606FFB2760E372029687843441803989D
:10B86000FF34C77103201B340B9902F03FFC0146E3
:10B870000020FF22A070E2702670FF2906D001226E
:10B88000A270E170CA000C995118CF7126460121AF
:10B89000203671750746B075102206A9029801F08E
:10B8A0002EFF00280BD01022201D029901F031FF3D
:10B8B00021462C31201D03F083F9277501E001207A
:10B8C0002075102206A9059801F019FF00280DD057
:10B8D0002046153010220599039001F01AFF2146E9
:10B8E0002531039803F06CF9F77401E00120F0743E
:10B8F0006178012002F038FBFF206070104E0024B8
:10B90000F836371F0EE0E10008188119002202986E
:10B9100003F03CF9002803D12146022002F024FB69
:10B92000641CE4B22868C1190978A142EBD82968DF
:10B930000120E03148740A9873E70000A00300205A
:10B940006C040000F1B5194D00212868E030417405
:10B950000320009902F0FAF901270446FF281ED0BF
:10B9600000263046009902F0C1FBFF280DD0C1002F
:10B9700028680F4A09188918CA7937235A431018BA
:10B98000FF301B308770C470C8792A68E1008918BD
:10B9900040062F22400E52018918C87100E0072688
:10B9A0002868E03047743046F8BD0000A00300204E
:10B9B0006C04000070B5274C002520680126E0309B
:10B9C0004574007C012803D115F0A5FC01283CD06A
:10B9D000214B20687822FF21C01801F0A4FE1E4BE5
:10B9E0002068F8337822FF21C01801F09CFE9D23C7
:10B9F0002068DB007822FF21C01801F094FE23218B
:10BA00002068490141180D722721490141180D7123
:10BA10002B21490141180D70F4210D58FF300F4AB8
:10BA200000211B3001F07FFE2068FF210246E0323A
:10BA300013469174112292018218117651769176F3
:10BA4000803045675E74002070BD2068E030467429
:10BA50000C2070BDA00300206C040000390300001E
:10BA600010B5084C2F2320685B01F822FF21C01875
:10BA700001F059FE172221680020920189180877E9
:10BA800010BD0000A0030020F8B5144D064628683C
:10BA900017460022E0304274104602F027FB0446AD
:10BAA000FF2811D02968E0000D4A40188018C0799D
:10BAB000372250434118FF311B31012E0AD0062294
:10BAC00038462D3101F025FE28680121E03041740F
:10BAD0002046F8BD062238462631F3E7A0030020B1
:10BAE0006C0400000F2070471F207047F8B5204CF1
:10BAF00005462068E030007C012803D115F00BFCDE
:10BB000001282CD020680027E030477429463846A9
:10BB100002F0ECFA06462168C000164A4018801868
:10BB2000C079372250434518FF351B35FF2E18D0FA
:10BB3000352047556978012002F016FA3146002079
:10BB400002F012FAE878FF2807D02168C0004018F8
:10BB50002F21490140187F21C171002002E00C20F3
:10BB6000F8BD022021680122E0314A74F8BD0000CE
:10BB7000A00300206C04000070B5144C002621685E
:10BB8000E0314E740146032002F0B0FA0146FF286E
:10BB900015D02268C8002F2380185B01C018C07917
:10BBA00000257F2807D0372358438018FF301B30EB
:10BBB0008670FF22C270032002F0D6F900E0022551
:10BBC00020680121E0304174284670BDA0030020A8
:10BBD00010B5044615F09FFB002801D00C2010BDC5
:10BBE00002480068E0300474002010BDA00300206B
:10BBF00038B51C4C05462068E030007C012803D194
:10BC000015F089FB01280ED020680021E030417436
:10BC10000122E91D684601F07CFD68460078012894
:10BC200003D9122038BD0C2038BD2946002002F06F
:10BC30005DFA2168C2000C4B5218D218D279372312
:10BC40005A435118FF311B31FF2805D06846007850
:10BC500020318875002000E0022021680122E031B7
:10BC60004A7438BDA00300206C04000010B56421A4
:10BC7000064C4843216880314867FDF7FFFD216885
:10BC8000803188670020C86710BD0000A003002035
:10BC900010B50A460446032110460EF093FF08280B
:10BCA0000CD207490922096812028918896E60229C
:10BCB00050430818807B2070002010BD122010BD5A
:10BCC000A0030020F8B5294D294A29688C180321C2
:10BCD0000EF078FF064612F00DFA070005D0CF20CF
:10BCE000005D082E04D30220F8BDCE20005DF8E7E9
:10BCF000082801D23A20F8BD72B609212868090245
:10BD00004018816E602070430D186879800701D05B
:10BD100062B6EFE708200090012F01D10E200090BD
:10BD20000EF078FD09214007090640180099090422
:10BD300008430F49AB314018696B0860696B0020FC
:10BD40004860696B88607D204002002F09D0C034B4
:10BD5000A081E673687901210843687162B600200A
:10BD6000F8BDC0346081A673F4E70000A003002092
:10BD700058080000F3B5294E294A316881B08C1863
:10BD800003210EF01FFF054612F0B4F9002805D07C
:10BD9000CF21095D082D04D30220FEBDCE21095D0F
:10BDA000F8E7082901D20C20FEBD092133680902F9
:10BDB00059188A6E60216943511872B64E790A6922
:10BDC000B607D7073E4307D0D00724D002982C31BE
:10BDD000016062B60020FEBD80335A8C4E6B114B61
:10BDE000336012044B6B30325A604A7901231A4394
:10BDF0004A710A6902231A430A617D214902002817
:10BE000005D0C034A181E57362B64520FEBDC034C3
:10BE10006181A573F8E762B63A20FEBDA003002059
:10BE20005808000003060C0B10B504468088032157
:10BE30000EF0C8FE022172B6082815D20D4A13680A
:10BE4000092212029A186023926E5843831CD35C15
:10BE5000002B09D0002110182160016A002906D0AA
:10BE6000416A0C604521446262B6084610BD046216
:10BE7000F8E70000A0030020F8B5064624480F4666
:10BE8000006824494418092109024018816E602085
:10BE900070430D18304612F02DF9002816D02046B8
:10BEA000CF30CC3472B602780121B140082A02D3D7
:10BEB0006A7992070ED06879800726D41448006802
:10BEC0002030C27D0A43C2753A201FE02046CE30A2
:10BED000CA34E7E77A06104B5208D2186B6B1A6027
:10BEE0003A0601D4132200E012226B7913436B71DE
:10BEF0000670288B2080403505486F770068203019
:10BF0000C27D8A43C275002000E00C2062B6F8BDF5
:10BF1000A00300205808000003020200F7B50F46F6
:10BF200082B003210EF04EFE064612F0E3F80090B8
:10BF3000082E02D3022005B0F0BD29482949006827
:10BF40004518092109024018816E602070430C18C1
:10BF500072B6A0784007400F052804D0022802D00E
:10BF60000C2062B6E7E76079800701D03A20F8E755
:10BF700020464030478004990182017F20221143EE
:10BF80000177616B18480860676B204602224430D5
:10BF9000F91C0EF0AFFA20460222791D52300EF045
:10BFA000A9FA20460222F91D42300EF0A3FA3946C2
:10BFB00020460222093150300EF09CFA60790121AE
:10BFC000084360717D2000994002002904D0C035EB
:10BFD000A881EE730020C4E7C0356881AE73F9E72D
:10BFE000A0030020580800000309140070B50321C5
:10BFF0000EF0E8FD082801D3022070BD2649092271
:10C00000096812028918896E602250430D186879F8
:10C010006E6B800701D03A2070BD2C464034E18819
:10C02000A08801F066F8E081A18A608A01F061F8D9
:10C0300060832189608801F05CF86081E18A208A50
:10C0400001F057F82083C0080E3881B2608901F0F2
:10C0500050F8A081114830606C6B284602224430B1
:10C06000E11C0EF047FA28460222611D52300EF004
:10C0700041FA28460222E11D42300EF03BFA2146E9
:10C0800028460222093150300EF034FA6879012135
:10C0900008436871002070BDA0030020030915004B
:10C0A00010B504462046FFF7A1FF10BD10B5FFF7FD
:10C0B0008FFD10BD70B51B4A1B4B1268D418E36B83
:10C0C0000833A3621F2901D9302070BD0022656B9F
:10C0D000E66BAD5CB554521CD2B2082AF7D30022ED
:10C0E00005E00578521C1D70401CD2B25B1C8A42D0
:10C0F000F7D32C200155E06B891D41700EF03EFDF9
:10C10000217E01290CD008280AD2616BE06BE16323
:10C1100060638034616A4880A16A4880E16A48802F
:10C12000002070BDA00300205808000030B5314841
:10C13000314900684018416B037E0A781B07920959
:10C1400092011B0F1A430A70C16B037E0A781B070A
:10C15000920992011B0F1A430A70816B0A789209A7
:10C160009201121D0A70016C0A7892099201121D47
:10C170000A700021024620320BE0836A456B5C5C4A
:10C180000B460833EC54846AC56B645C491CEC5460
:10C1900089B2137B8B4201D91F29EED3017E01297D
:10C1A00007D0D9B2426B891D5170416B0831816251
:10C1B00030BD0346C26B1033083281688262446B23
:10C1C0000C22627000221546446B083561551970C7
:10C1D000090A5B1C032A00D1C168521CD2B2062A8C
:10C1E000F1D3406B02785206520EC9010A43027025
:10C1F00030BD0000A003002058080000F8B5504FE3
:10C2000006465049386845180EF0B8FC082812D187
:10C210000EF040FD082803D02320405D02280AD0FC
:10C22000386834462030807D093400070028307992
:10C2300003DB032803D00C20F8BD012804D02046DE
:10C24000FDF7C6FE002806D0327AF0790023214699
:10C25000FEF742FB0BE00023F0791A461946FEF781
:10C260003BFB11223968FF209201891888752C4602
:10C270008034216A288F48803079012821D0308885
:10C280000002A06070880002E0600020C0432082AD
:10C29000307902281CD003281CD004281CD0012887
:10C2A0001AD0052800D3FF20287628462030B179FF
:10C2B000417371790346817327200022CE070FD086
:10C2C00011E003204002A060E060FF205630DEE76E
:10C2D0000620E9E70220E7E701200021B171E3E74A
:10C2E0004908401CC0B2521CD2B2022AE6D305292A
:10C2F00002D1801CC0B20321272801D9C01EC0B2C0
:10C30000666A228D3280A66AA28D3280E66AA28C8D
:10C310003280666AAA8E7280A66AAA8E7280AA8EFF
:10C32000E56A6A80D873032902D0012904D005E0A8
:10C33000A16AA08C088001E0606A00800020F8BD3E
:10C34000A003002058080000FEB51F481F490068E0
:10C350004718694601A8FFF73DF8BE6B7D6BFC6B83
:10C360003B6C72B6002001AA811C175C6F54175CED
:10C370007754175C6754175C401C5F540628F3DB46
:10C38000694609782A78BF20C9070240490E0A4346
:10C390002A70694609783278C9070240490E0A4373
:10C3A0003270694609782278C9070240490E0A436B
:10C3B00022701A78694602400878C007400E02438E
:10C3C0001A7062B60020FEBDA003002058080000CD
:10C3D000F8B51C4FFD2339681B4ADB00CD188A18BD
:10C3E00009231B02C032CB18927B00249E6E082AC0
:10C3F00001D20C2423E072B6052248310EF07AF8FF
:10C4000062B601223B6800201946A0331B7B4031F5
:10C4100011E02F7D17420AD060274743BF19BF782C
:10C420007F077F0F052F02D14F7B17434F735206B3
:10C43000120E401CC0B28342EBD800F007F8204631
:10C44000F8BD0000A00300205808000070B50F4D93
:10C450000F49286841184030407B002814D0C03173
:10C46000897B082910D1002402E04008641CE4B252
:10C47000C107FAD0204603F0F1FD286801224030C0
:10C48000417BA2409143417370BD0000A003002096
:10C4900058080000F7B52C4F0E462C49386882B07A
:10C4A00044181546032102980EF08CFB00900920D9
:10C4B000396800020818816E0098602250430F18F6
:10C4C000009811F017FE002807D0CF20005D0099DA
:10C4D000082905D3022005B0F0BDCE20005DF6E7A7
:10C4E0004037397F4A0701D51A20F4E732461B3A14
:10C4F000E12A05D22A46FF3A154B493A9A4201D31E
:10C500001220E8E78A0601D4C90701D00C20E2E72F
:10C51000082801D23A20DEE7C034A08AB04200D217
:10C520000646E08AA84200D205467889B04204D186
:10C53000388BA84201D10020CDE72A463146029827
:10C54000FFF7ECFCC7E70000A0030020580800003C
:10C5500049410000034610B50A48002A006806D089
:10C56000094A801872B60A461946103006E0064A93
:10C57000E43A801872B60A46194608300CF0A7FB58
:10C5800062B610BDA00300203C090000F8B51446B7
:10C590000A460546012110460EF014FB0146082804
:10C5A00001D30220F8BD1C4809220068120280183D
:10C5B000826E602048431018184A89018B18426B1C
:10C5C000002D07D0164972B643799B070DD062B68D
:10C5D0003A20F8BD00215F18665C2037BE73491C05
:10C5E000C9B21029F7D30F49EDE711604179012253
:10C5F00011434171002D09D00748492200680821E4
:10C6000052018018C17162B60020F8BD0122016993
:10C61000520411430161F6E7A0030020CC00002082
:10C6200003020D0603010500034610B50548064A3E
:10C630000068801872B60A4619460CF048FB62B6CC
:10C64000002010BDA00300205808000070B505466A
:10C6500011481249006844180EF01CFB082801D24A
:10C660000C2070BD2888052201022046803052022D
:10C67000C160914200D2C2606988203409028160A1
:10C6800028790023E070A8791A461946FEF724F9A4
:10C6900068792071002070BDA003002058080000B8
:10C6A000F0B5144A144B1268D3181A6C15460832A8
:10C6B0001F2901D93020F0BD00249E6B1F6C365D10
:10C6C0003E55641CE4B2082CF7D3002405E006783C
:10C6D000641C1670401CE4B2521C8C42F7D3186CD8
:10C6E000891D4170986B9D6318648033186A45807A
:10C6F0000020F0BDA00300205808000030B413480B
:10C70000092203681120C0011818D206806A116935
:10C710000F4C411A09022588090A2D0702D430BCA2
:10C7200001207047647A9B6AE400E3188B4209D2C7
:10C730000123DB05994205D259000843506030BC03
:10C740000120704730BC002070470000A00300208B
:10C75000C0000020F0B505465A485B4900688BB020
:10C7600044180EF057F8012812D12046C030C18A73
:10C77000408B081855499630F5F7FEFC401C698936
:10C7800080B2814200D26881A989814200D2A88109
:10C7900069890320022900D86881A989022900D863
:10C7A000A881288802210EF00DFA082802D3022061
:10C7B0000BB0F0BD2646C036B17B082901D20C2053
:10C7C000F6E7317AC90701D03A20F1E769884902D2
:10C7D0000491A9882F890797AB894A021B02099304
:10C7E0006B89ED8806956D1C4D431B02B9008D4287
:10C7F00001D31220DCE73349092509682D024919C4
:10C800008D6E602141436D187D21B07349027181A5
:10C81000A9890627794309318FB22989BC46614429
:10C8200089B2089104A9029205AF009301910322F5
:10C83000039752026146099B14F0F8FC0821002876
:10C8400001D0B173B4E70598069FFF300130400A6C
:10C8500005900498059B400A049000041843079B28
:10C860001B4A1B043B4372B66F79BF0702D062B606
:10C87000B173A9E7696B0A60696B4860686B836094
:10C88000696B0898C860687901210843687162B6CD
:10C8900020464030C177059A42849C23049A1A535B
:10C8A000069A4285079AC285089A42860998E061ED
:10C8B000A879C006C00E0843A871307A08433072C8
:10C8C000002075E7A0030020580800007102000056
:10C8D000030C0003FFB533480E460068324987B0A9
:10C8E00045181F461446304613F05FFF0190301D77
:10C8F00013F05BFF00902078617802AE0C020443D5
:10C90000022107980EF05EF900213A783270491C36
:10C91000C9B2761C7F1C1029F7D3082802D3022045
:10C920000BB0F0BDC035A97B082901D20C20F7E778
:10C930001C4909220968120289188A6E6021414344
:10C94000511872B64A79920702D062B63A20E7E7E8
:10C950007D2252026A81A8734A6B144810600869EC
:10C96000020504D5487901221043487103E00122F1
:10C970001203104308614A6B019850604A6B00989B
:10C9800090604A6B0298D0604A6B039810614A6BC2
:10C99000049850614A6B05989061486BC46162B617
:10C9A0000020BDE7A00300205808000003010A0092
:10C9B000F1B54B4C3F21206849014A4A4118097F93
:10C9C0001288120701D4002901D00C20F8BD1125CE
:10C9D000ED014019C06F4227434E00800DF01AFF51
:10C9E000012847D013202168C0010818008949197F
:10C9F000C96F28304880002021684919CA6FC11DBD
:10CA0000575421684919C96F021D8E54401C3F0AB2
:10CA1000360AC0B20328EFD3206801214019C26F43
:10CA20009172C06F0321C1722E4E0020B0752D4F40
:10CA3000FF212037C2195173401CC0B20428F9D31A
:10CA40001F20787400980DF044FDF07511202168C6
:10CA5000C0010818C16FB183C06FF08323487062B2
:10CA60002348B06200253D73FD700DF0D3FE012810
:10CA700009D00AE009212068090241184019C06F55
:10CA8000896F4180B7E78020B8700820308081200E
:10CA9000B07130727071F071092620683602801909
:10CAA000806E0581FF20F530F7F7F4FD72B609219D
:10CAB000C90608690F4A1123801822680002DB01A9
:10CAC000000AD318986201231B0618434860901986
:10CAD000816E4D71806E0721817062B60020F8BDB5
:10CAE000A0030020C0000020983A30002941767150
:10CAF000555555008813000010B514490A881207CF
:10CB00000DD5134A1368092212029A18936E9B7866
:10CB10005C07640F062C04D0DB435B0701D00C20BC
:10CB200010BD72B600230B800921C9064B60926EBE
:10CB3000118962B69478E443640700D000219370B1
:10CB40000170090A4170002010BD0000C0000020E3
:10CB5000A0030020F7B50D468F493F220868520117
:10CB60008E4B8218127F1B8884B01B0701D4002AC9
:10CB700002D00C2007B0F0BD11218B4AC90140182A
:10CB80000092C06F4227864E864C00800DF042FE18
:10CB9000012837D08048112201681320C0010818ED
:10CBA000D20100898918C96F2830488000207A494D
:10CBB0000A681121C9015218D36FC21D9F54764AC9
:10CBC00012685118C96F021D8E54401C3F0A360A64
:10CBD000C0B20328EBD30DF01DFE012826D0252D71
:10CBE00000D925256C48069902681320C001101849
:10CBF000826820321172816820314D7281682A3139
:10CC000000225EE06949E800401866497231F5F794
:10CC1000B3FA0202604811210068C90141184A6252
:10CC2000092212028018406FC96FBEE70921002255
:10CC300009025948FF2306687618766FB354521CD0
:10CC4000D2B2FF2AF7D30368069A5B185B6F1A709B
:10CC500002685218526F557000684018416F891C65
:10CC6000CEE7069E0020330005F047FE08051416A7
:10CC70001822272426272046002327072609FF0DF0
:10CC80007E40F0273C4064005B1C7440DBB2022B0A
:10CC9000F3D312E00F2010E055200EE000980606B6
:10CCA000030A760C7340C605760C7340009304E0CB
:10CCB000FF2002E0F02000E0AA20521C0870D2B24F
:10CCC000491CAA42CDD3344D112629680320F60110
:10CCD0008919CA6F9072C96FC872304C8020A075D4
:10CCE00004980DF0F6FBE0752C4F0020FF21203753
:10CCF000C2195173401CC0B20428F9D31F207874A4
:10CD000028688019C16FA183C06FE08328486062E2
:10CD10002848A06200203873F8700DF07BFD0128D0
:10CD200001D18020B870082020808120A07120725D
:10CD300085206071E0710927296800203F02C91928
:10CD4000896E08811C4801902320029017F0FFFD96
:10CD500001A8012180B209044018FC04E06017F02A
:10CD6000F6FDFF20F530F7F795FC72B62069134900
:10CD7000401829680002000A8A19906201221206EE
:10CD800010436060C819816E00224A71806E0621CE
:10CD9000817062B61046EDE6A0030020C0000020BE
:10CDA000983A3000FF010000FF7F0000B903000047
:10CDB0002941767155555500022301028813000060
:10CDC000FEB511481149006806224618104941185D
:10CDD000684600F09EFC0122694630460BF077FF62
:10CDE000B56BF46B736B366C00206A46811C175C64
:10CDF0005F54175C6F54175C6754175C401C775482
:10CE00000628F3DB0020FEBDA00300205808000028
:10CE1000330700007CB50E4C0E49206806224518E9
:10CE20000D494118684600F074FC296A06226846DC
:10CE3000891C0DF05FFB13212068C901401881682F
:10CE400006226846891C0DF055FB00207CBD0000C1
:10CE5000A00300203C0900003307000010B5104A71
:10CE6000104B1268D21803461B3BE12B05D20B4630
:10CE7000FF3B0D4C493BA34201D3302010BDC032D3
:10CE80009083D183938A834200D21846D38A8B42FF
:10CE900000D2194672B61082518262B6002010BDCF
:10CEA000A0030020580800004941000006483F2127
:10CEB0000068490140180549007F0988090701D425
:10CEC000002800D001207047A0030020C0000020EF
:10CED00010B504460146042001F008F9FF2801D0EE
:10CEE000012010BD2146042000F030FF002010BDBD
:10CEF00010B504462046FFF7EBFF10BD10B5014604
:10CF0000042001F0F3F80146FF2802D0042001F0CC
:10CF10002BF810BD10B504462046FFF7EFFF10BDFB
:10CF200000B50146042001F0E1F8FF2801D00120FE
:10CF300000BD002000BD10B504462046FFF7F0FFFD
:10CF400010BD0000F8B51D461446064600270DF03A
:10CF500061FC01280CD01F2071780840060036D0F3
:10CF60000020E86111F0E0F8002803D0E86907E04C
:10CF7000FF20F1E769893246012000F02DFEE861CB
:10CF8000002801D0102722E0E07D80214840E07594
:10CF90001049286908421AD06079401E6071607992
:10CFA000FF2814D1A079401EA071A079FF280ED1CE
:10CFB000E079401EE071E079FF2808D1207A401E18
:10CFC0002072207AFF2802D1607A401E60723846B3
:10CFD000F8BD000020280000FFB582B000230193B7
:10CFE000059B012B30D04B8C224D1C010B8C9C4699
:10CFF000CB7E6B438D8BAE46CD8B16464036976904
:10D000000096A74206D19689664503D1009E3688D0
:10D01000AE4201D040260196967904277608760024
:10D020003E4396719461546164469481009A1580E0
:10D03000059A012A17D00B6170464A684000101803
:10D040004860019806B0F0BD034640331D461B8E74
:10D05000084E1C01AB8D9C4660231B5C7343AE8C59
:10D060002D8DB646C9E783657146C26C49005118DB
:10D07000C164E6E7E2040000026800230B808242FC
:10D0800003D09BB212685B1CF8E7704708604268E7
:10D090004A604268116041607047026804E08A4259
:10D0A00001D10120704712688242F8D100207047F8
:10D0B00002680A60126802600A68126850600A68B2
:10D0C0000020106009684860704700B50B46FFF704
:10D0D000E4FF002808D003CB083B086003CB416085
:10D0E0000020083B1860586000BD704770477047CB
:10D0F0007047884200D3084670470268002A03D070
:10D1000010461268002AFBD10160704770B50C46CA
:10D110001F21521E0A430546521C002011044E0DC9
:10D1200017D0214608316A1A2846002A01DD082A4C
:10D1300003DB2022F5F74AF804E0082208C9521E52
:10D1400008C0FBD120352046761E24683604360CF4
:10D15000E7D170BDF8B504460D46501E1F210843A7
:10D16000401C00041646470D1ED0204608302946B4
:10D17000421A002A01DD082A03DB2022F5F726F8EF
:10D1800004E0082208C9521E08C0FBD12035202E19
:10D1900001D2304600E02020A080301A7F1E246893
:10D1A0003F0486B23F0CE0D1F8BD70B50C46054691
:10D1B0000AE021462846A2880831083000F0A9FA82
:10D1C000A088A8802D682468002D01D0002CF0D103
:10D1D000254301D0472070BD002070BDFFB581B050
:10D1E0001D466946002A09D000280CD08488944244
:10D1F00004D8121B12040068120CF5D10A80040036
:10D2000001D000261FE0184605B0F0BD6846A18891
:10D210000088814213D9091A8FB2AF4200D32F463A
:10D220000299201889193A46083000F068FA002857
:10D23000EAD1F01986B200206946088002E0401A5F
:10D24000694608802468B54201D9002CDED1A81BAC
:10D2500005B0F0BD002959D0F3B58FB00C46A088B9
:10D26000202813D0002C14D0029402980068029059
:10D2700000282ED0868801463246083106A800F0E4
:10D2800048FA0027A088202805D007E02468002C51
:10D29000E5D111B0F0BD24680020A080002EE4D0BC
:10D2A00080B22021091A8DB2AE4200D23546224604
:10D2B000083206A98018C9192A4600F02AFA701BFC
:10D2C00086B2781987B2A0884019A080002ED9D1E3
:10D2D000CBE720680028DCD0002121600F9972B6CE
:10D2E0000A78002A03D04B6892009A5810600023F5
:10D2F00083800A78521CD2B20A704C689200A05007
:10D3000000680028F4D162B611B0F0BD7047491E24
:10D31000C904090E72B602788A420CD9511AC9B2F0
:10D320004A1ED3B2037042688800105899005258C0
:10D330000021116000E0002062B670470021002843
:10D3400004D0491C0068C9B20028FAD108467047C9
:10D350000021002804D0491C0068C9B20028FAD175
:10D360004801704770B4417800292DD08668002E9E
:10D370002AD00025057041682A460D6041780029B1
:10D380001FD928215143891900230B60002913D08C
:10D3900072B60378002B03D044689B00E3581960F1
:10D3A0008D8003785B1CDBB2037044689B00E15006
:10D3B00009680029F4D162B6521C4178D2B2914278
:10D3C000DFD870BC0020704770BC47207047F8B5AC
:10D3D0001D460E466B46002A09D0002824D08488BA
:10D3E000944204D8121B12040068120CF5D11A8062
:10D3F000040019D014E06846A1880088091A8FB289
:10D40000AF4200D32F4621183A463046083100F08B
:10D4100080F9F619E81B85B2246800206946088067
:10D42000002D03D0002CE6D14120F8BD0020F8BD2E
:10D43000002917D072B60278002A03D04368920000
:10D440009A58116010B400238B800278521CD2B21B
:10D45000027044689200A15009680029F4D162B6B4
:10D4600010BC7047704730B400240B1E22D020340B
:10D47000A4B294421AD30A68002A35D072B603784F
:10D48000002B03D044689B00E3581A60002494806A
:10D4900003785B1CDBB2037045689B00EA5012689E
:10D4A000002AF4D162B6002008601DE00B4609682E
:10D4B0000029DCD1111B491EC9040A0E72B601787D
:10D4C00091420CD9891AC9B24A1ED2B20270406880
:10D4D00089009200415882580020106000E000212D
:10D4E00062B61960002902D030BC0020704730BC01
:10D4F00047207047FFB504465009000681B01F461B
:10D50000000E06D0002C23D0401E24680006000E1A
:10D51000F8D1D606F60E17E02020851BBD4200D3B9
:10D520003D46A0192A460830029900F0F2F8029808
:10D53000711940190290781B87B2A088884201D2E5
:10D54000A819A08024680026002F04D0002CE3D165
:10D55000412005B0F0BD002005B0F0BD10B5034678
:10D5600000680324401E20435143401C41181960A9
:10D5700010BD000000BFEFF3088004460249FCF72D
:10D580005DF800BFFEE700000100ECBC10B50446EA
:10D59000A078002810D06178227850B200F01AF8F4
:10D5A0002078C106C90E01208840217849118900E0
:10D5B000074A891808600AE02078C106C90E0120D0
:10D5C000884003498031227852119200885010BD62
:10D5D00000E100E010B5002819DA1A4A03071B0F12
:10D5E000083B9B089B00D2588307DC0EFF23A34017
:10D5F0009A438B071B0E8407E40EA3401A43114B7A
:10D600000407240F083CA408A4001A5118E00E4A8D
:10D6100003231B02D21883089B00D2588307DC0E19
:10D62000FF23A3409A438B071B0E8407E40EA340FD
:10D630001A43054B032424021B198408A4001A5121
:10D6400010BD00001CED00E000E100E010B5002876
:10D6500019DA1A4A03071B0F083B9B089B00D25894
:10D660008307DC0EFF23A3409A438B071B0E84071E
:10D67000E40EA3401A43114B0407240F083CA408EE
:10D68000A4001A5118E00E4A03231B02D218830883
:10D690009B00D2588307DC0EFF23A3409A438B07DD
:10D6A0001B0E8407E40EA3401A43054B03242402F7
:10D6B0001B198408A4001A5110BD00001CED00E0E5
:10D6C00000E100E0BFF34F8F03480449C860BFF397
:10D6D0004F8F00BFFEE700000400FA0500ED00E0F8
:10D6E000BFF34F8F03480449C860BFF34F8F00BF9B
:10D6F000FEE700000400FA0500ED00E0704770B599
:10D7000004460D461646324629462046F4F791FD5A
:10D7100070BD70B504460D46164632462946204671
:10D72000F4F754FD70BD70B504460D4616463246FA
:10D7300029462046F4F774FD70BD000010B502467E
:10D740000B46012A01D10C490BE0022A02D10A49F9
:10D75000243106E0032A02D10749483101E00120C3
:10D7600010BD002003E00C5C1C54441CE0B22028D7
:10D77000F9DB0020F4E700006C0400C00320800700
:10D7800000688007C00F704770470000F0B5574D24
:10D790000720296800020818007F91B080076FD524
:10D7A000FFF7ECFF01286CD10024F5F78DFE06464B
:10D7B00000F054F9012800D1032430007ED039272D
:10D7C00002267F01012802D002287CD13BE0694675
:10D7D0000220FFF7B3FF032008A9FFF7AFFF002CDB
:10D7E00006D1F9212868C90041180120FFF7A6FFDA
:10D7F0002868A421095CC90701D0002100E010219C
:10D800000E43694611231091F10603D50922BF2169
:10D810000E4007E0C1194A79920654D58979090664
:10D8200051D507223107890E09180120C0020818B6
:10D83000C06C314606F002F8070044D0381D3C7138
:10D840004022109936E069460220FFF777FF002C4E
:10D8500004D02022FF216846FFF765FF2868A42135
:10D86000095CC90701D0002100E010210E43694680
:10D8700009230891F10605D50A22BF210E4009E0CF
:10D8800029E030E0C1194A7992061CD5C979C90747
:10D8900019D008223107890E09180120C002081882
:10D8A000C06C314605F0CAFF07000CD03C71381D32
:10D8B00008992022401CFFF72CFF00E003E03946C6
:10D8C000304605F0A7FF0720296800020818017FED
:10D8D000FD221140017772B6286880224030C1795C
:10D8E0001143C17162B611B0F0BD0000A003002069
:10D8F00010B5FFF74BFF10BD0320800700688021A3
:10D900008843803003218907086008460068802129
:10D91000884303218907086070470000F0B591B083
:10D9200006460F46202233A109A8F4F74FFC202217
:10D9300038A101A8F4F74AFC012E17D1202201A931
:10D94000384613F0D7FC002808DB3A480078042159
:10D95000084338490870012011B0F0BD35480078FF
:10D960000421884333490870334C35E0022E17D127
:10D97000202209A9384613F0BDFC002807DB2D48FA
:10D980000078012108432B4908700120E4E7294869
:10D9900000784008400027490870274C24341BE0D9
:10D9A000032E17D1202209A9384613F0A3FC002822
:10D9B00007DB20480078022108431E490870012037
:10D9C000CAE71C480078022188431A4908701A4C9B
:10D9D000483401E00120BFE7002505E0A8003858E1
:10D9E000A9006050681CC5B2082DF7DB002020623A
:10D9F00000BFB1E7FFFFFFFFFFFFFFFFFFFFFFFFDC
:10DA00000000000000000000000000000100000015
:10DA1000FFFFFFFF512563FCC2CAB9F3849E17A71D
:10DA2000ADFAE6BCFFFFFFFFFFFFFFFF00000000B5
:10DA3000FFFFFFFFCC0200206C0400C00320800722
:10DA4000006840084000401C032189070860084620
:10DA500000684008400008607047000006480078F1
:10DA6000002801D00120704704480168002901D135
:10DA70000020F8E70120F6E7CC020020000400C0F7
:10DA800070B5124A092312681B02D2180123526E84
:10DA900083435B00491E41249B184909491CC9B2B4
:10DAA00072B615798D420ED31E785B78AD19EDB242
:10DAB0005B18AB4207D84000135C00245B1813547A
:10DAC0001079401A107162B6204670BDA003002084
:10DAD00070B50D0004460AD0002C08D0A968A068D3
:10DAE000FFF763FB002801D1E988E18070BD412088
:10DAF00070BD0000F3B50F46124809210068090205
:10DB00004018BE68446E81B03046FFF717FC0546EA
:10DB1000F888401E4009401CC0B2A84211D23146CC
:10DB2000A068FFF797FB3046FFF708FC281A72B68B
:10DB300001994900625C121A625421790818207117
:10DB400062B6FEBDA003002010B51C4613460A466F
:10DB500080682146FFF73BFC10BD0000044A092302
:10DB600012681B02D218526E400080184170704734
:10DB7000A003002000228168083802600846704730
:10DB80000D490922096812028918496E72B60122EC
:10DB9000824350004218084B095C09201B680002B0
:10DBA0001818406E527800798A4202D9511A401AE8
:10DBB000C0B262B670470000A0030020091D8AB2FF
:10DBC00010B50146002000F007F810BD10B58068C0
:10DBD000FFF7B4FB10BD0000F8B50D460E49092350
:10DBE00009681B02C9184E6E1F21521E0A431D32BE
:10DBF00097B200243946FFF743FF00280AD139467F
:10DC0000B068FFF784FB044608340068A060002079
:10DC1000E074A5802046F8BDA003002070B5174829
:10DC20000921006809024018446E042200212046A0
:10DC3000FFF779FD124D688C23304009401CC1B2BA
:10DC40000020FFF78BFF688CA97F23304009801CE0
:10DC50004843401CC1B20120FFF780FF2846203016
:10DC6000A16840784870A068FFF77CFBA06872B696
:10DC7000007862B62071002070BD0000A003002073
:10DC8000C014002010B58068FFF7A8FA10BD00008E
:10DC9000F8B50E460C49092209681202891808389D
:10DCA00007464C6EFFF74AFB05463946A068FFF76A
:10DCB000BFFB72B67100605C401B60542079401954
:10DCC000207162B6F8BD0000A0030020F7B507463A
:10DCD00018480921006809024018446E4120164680
:10DCE000002F11D03846FFF733FB0546B0420CD267
:10DCF000301A81B20198FFF7C3FE002804D13246E2
:10DD00003946A068FFF7AFFBFEBD32463946A06832
:10DD1000FFF7A9FB6D1E761E69097209891A72B692
:10DD2000019A5200A35C5B1AA35422795118217105
:10DD300062B6FEBDA003002010B51C4613460A467D
:10DD400080682146FFF7D6FB10BD0000F3B5050043
:10DD50007F4883B0006808D0012D0DD0022D0ED071
:10DD6000042D1BD02F2149010AE07A498D22411848
:10DD700001910F21D20020E09D21C90000E07649E9
:10DD800041180191032D0BD0042D0CD00F21012D32
:10DD90000BD0022D0CD0042D03D10CE06F49EFE71E
:10DDA0001F216F4A09E00821F1E76E4A801805E05B
:10DDB0002B22520101E0DB22D2008018009004786F
:10DDC0008C4207D1002D15D0032D13D0042D11D076
:10DDD000012D0FD08C4201D1022D0DD000262846F6
:10DDE000049900F083F90290FF2807D0FE26002D49
:10DDF0007ED0AAE0FF26A8E0FC26F0E7FE2E78D031
:10DE0000022D10D1FC2E0ED15148019A0068FF302E
:10DE10000130417ECB009A18D2794276022000F080
:10DE2000A3F8641EE4B2002C3DD00198E1000F1865
:10DE30003E46083E04990720401E0B5C325C9A1A4D
:10DE40000BD0002A0BDD0198E10008180722049985
:10DE5000FFF75FFC261E26D02BE00028ECD13846C9
:10DE600007223146FFF755FCF079F871002D03D0F9
:10DE7000032D01D0012D12D1F079C14349060ED0F6
:10DE800037214843324909684018FF301B30002DC4
:10DE900002D0012D17D0C01C0178491C0170641EEE
:10DEA0002406240EC1D1072204990198FFF731FC02
:10DEB00000260098022D08D000780099401C0870B8
:10DEC000002D3DD041E0401CE6E70178002921D03B
:10DED0000198CA001018C01D0278521CD2B2A2428A
:10DEE00000D902700838491EF6D10098007801E088
:10DEF00028E022E000280DD015480068FF300130EE
:10DF0000417EA14201D3491C4176017EA14201D349
:10DF1000491C01760E480168FF310131097ECA00B3
:10DF200001995118CC710068FF30013004760098D7
:10DF300000990078401C087007E0002D02D004E032
:10DF4000FE2E02D1029E80200643304605B0F0BD71
:10DF5000A00300206C04000064050000DC06000043
:10DF6000DC050000E4040000F0B504004E4883B076
:10DF700000680F4608D0012C0AD0022C0BD0042CCC
:10DF80002BD02F21490107E048494018009009E0B3
:10DF90009D21C90000E0464940180090032C1ED086
:10DFA000042C1ED00F20FF2F5ED0401EC0B23E4674
:10DFB000019087422ED20098F1000D1829460831B1
:10DFC00028460722FFF7A5FBE87BE871002C0AD062
:10DFD000032C08D0012C06D017E03649DCE71F20BF
:10DFE000E1E70820DFE7C14349060ED03721484367
:10DFF0002D4909684018FF301B30002C02D0012C3D
:10E000001ED0C01C0178491E0170761C0198F6B222
:10E010008642D0D3C100009807220D182846FF2160
:10E02000FFF781FBFF20E871002C0BD0012C0FD0F3
:10E03000022C11D01C48042C006832D01E490FE07D
:10E04000401CDFE718488D210068C900401808E02F
:10E0500015481A49006803E013482B21006849015C
:10E0600040180178491E0170022C18D10E48006832
:10E07000FF300130417EB94201D9491E4176017E0F
:10E08000B94201D9491E017600980F21C01D0278BE
:10E09000BA4201D9521E02700830491EF7D103B0AE
:10E0A000F0BDDB21C900DBE7A00300206C04000009
:10E0B00064050000DC060000DC050000E40400004C
:10E0C000094AFF201368002137224A43D218FF3241
:10E0D0003B32527D002A04D0491CC9B20F29F3D328
:10E0E0007047084670470000A0030020F0B5234A9F
:10E0F0000028126808D001280BD002280CD0042870
:10E100002FD02F235B0108E01D48121896460422E9
:10E110000CE09D23DB0000E01A4BD2189646032842
:10E1200021D0042822D00422042821D00F208446A4
:10E1300001209040C3B200265B08F018C0B26045D1
:10E140000BD2C200744614190722521E8D5CA75CC4
:10E15000ED1B0FD0002D00DD0646002BECD1FF207B
:10E16000F0BD094BD9E705221F20E0E70322DBE7DA
:10E170000820DCE7002AE8D1F0BD0000A003002061
:10E180006C04000064050000DC06000070B5304D32
:10E190002E4A28680021FF301B30FFF7C4FA286898
:10E1A000FF21F22211541122920182181176517628
:10E1B0009176284AF4210A502F235B01F822FF218F
:10E1C000C018FFF7B0FA244B28687822FF21C01846
:10E1D000FFF7A9FA204B2868F8337822FF21C018EE
:10E1E000FFF7A1FA9D232868DB007822FF21C018E1
:10E1F000FFF799FA194B28684022FF21C018FFF752
:10E2000092FA232628687601002481190C722721AE
:10E21000490141180C712B21490141180C7017213B
:10E22000890141180C771B21890140180476FBF7FE
:10E2300025FB29680B468033986788190A46012117
:10E240000471E0325174DC67847170BD39030000E1
:10E25000A0030020905F01006C040000DC060000B9
:10E26000F0B4234B00281B6808D001280BD00228EB
:10E270000CD0042833D02F24640108E01D481B185B
:10E280009C4604230CE09D24E40000E01A4C1B197A
:10E290009C46032825D0042826D00423042825D012
:10E2A0000F2701209840C3B200205B08C418E4B2D5
:10E2B000BC420FD2E50065442E686D682D02AA426B
:10E2C00003D8AA4206D1B14204D32046B14201D1BB
:10E2D000AA4202D0002BE8D1FF20F0BC7047074CC7
:10E2E000D5E705231F27DCE70323D7E70827D8E76F
:10E2F000A00300206C04000064050000DC060000A0
:10E300000A4610B501460320FFF7AAFFFF2801D0F7
:10E31000012010BD002010BD01207047F0B5A3B052
:10E3200001780E91456881681091C76801691E9156
:10E330004169059180690024189417940090FF2684
:10E3400016941D940894A81CF3F780FF2978000206
:10E350004906C90F08433860681DF3F777FF0002CC
:10E36000000A786028460830F3F770FF2978000229
:10E37000C9090843029028460B30F3F767FF0002F3
:10E38000000A03907A681002810F012902D13978BE
:10E39000012900D000211391039909028B0F012B51
:10E3A00003D1029BDBB2012B00D000231593800F19
:10E3B00002D13878012800D000201B90880F03D1AB
:10E3C0000298C0B2012826D0002128780507FB4812
:10E3D0002D0F03681846FF301B302190F84818189D
:10E3E000149000200F9012900C9001201A901C9015
:10E3F0000098426000983A680260F04800681990FE
:10E40000E030027C0B92002A00D0012211920B9A7C
:10E41000012A02D005E00121D7E7407C002800D185
:10E4200001240E98002811D001284ED0032D02D0CF
:10E43000052D00D001240598007E03287ED00228F7
:10E440007DD001287CD004287AD09CE0032D06D012
:10E45000052D04D0042D04D0012D05D009E00124A0
:10E4600007E001200F9004E01198002801D101205D
:10E47000129010981690801C1890109808301790E1
:10E48000059820300079032810D001280ED00022F2
:10E490000C92059200280BD0012809D000201A9078
:10E4A0000B98012806D0012D09D0A0E00122EFE74A
:10E4B0000120F4E7012D6FD1002900D00124159827
:10E4C000002801D101201290C1E0002D02D0012DC1
:10E4D00000D0012405982030007901280ED00022B8
:10E4E0000C921B9A002A01D0002809D00122059223
:10E4F000159A002A06D0012D09D019E00122EFE774
:10E500000022F4E7012D13D10B9A012A06D00B9AB1
:10E51000002A0BD0159A002A08D009E02323199A63
:10E520005B01D2181279012A00D101240122129232
:10E53000139A002A06D00B9A002A02E01CE019E088
:10E540001CE006D1002801D101220F92139A002A63
:10E5500007D00B9A012A45D1002805D101201D9032
:10E5600002E00B9801283DD1012D78D100296ED011
:10E5700001246CE0052D06D1012404E01399002943
:10E5800008D0002A06D000210F91032D05D0052DBB
:10E5900009D00FE00121F7E729E005992031497BF7
:10E5A000C90705D106E005992031497B890701D5C6
:10E5B00001210C910C990591012112911099891C4E
:10E5C000189110990831179110991691012A07D1C5
:10E5D000012801D0042803D11B99002900D001246F
:10E5E000052D29D0012D32D00E98012837D018984A
:10E5F000F3F72CFE1699000209784906C90F084363
:10E6000009901898C01CF3F721FE0002000A0A9036
:10E610000E98012823D01798F3F718FE16990002D8
:10E620000978C90908430D901798C01CF3F70EFE2E
:10E630000002000A109020E013990029D7D0012889
:10E6400001D00428D3D101200890D0E707E00121B0
:10E65000199889024018C16D0991006ED7E71E987C
:10E6600000691E9949690202CB03DB0F09041A43B2
:10E67000090A000E01430D921091002C73D11398DA
:10E68000002866D00B9800281CD01198002860D074
:10E690007868396802020120FFF7E2FD474B014626
:10E6A0009D221868D2008218FF290CD0FE293ED086
:10E6B000C8008018C6791498F1000918072200983C
:10E6C000FFF727F883E0052D02D10E99022904D027
:10E6D000F221095CFF2913D029E00121384600F01E
:10E6E000BDF941087F2903D0C10014980818E1E75B
:10E6F00008990598084301D0012468E0002466E0E9
:10E70000112189014118497EFF2910D1FF300722CC
:10E7100039460130FEF7FDFF284800210068F2224B
:10E72000115401464031CA79EF231A40CA710E993B
:10E73000012904D0059C4AE001200F9047E02321E5
:10E7400049014018C0790228D6D20C980028F3D08D
:10E75000D2E71B98002802D00B98012804D011980A
:10E7600000280CD104E039E00020059C1C902EE02C
:10E770002321199849014018007A002827D0786889
:10E78000396802020020FFF76BFDFF281FD0C1008F
:10E7900014980818C6793720219970434018017DD4
:10E7A000002900D0012120302091807D002809D04F
:10E7B00000201F90002907D009E00000A0030020DE
:10E7C0006C0400000120F4E71F98002894D15748FA
:10E7D00001681120800108180675467511980028F7
:10E7E0004BD0FF2E0BD00898002808D04F48016866
:10E7F000112080010818807DB04200D001241D98AE
:10E8000000280BD0FF2E09D0484801681120800154
:10E810000818807EB04201D0012447E0002C45D189
:10E82000159800282BD0012D29D14048029A006864
:10E83000C11DF9310B699A4205D1039A4969120247
:10E8400009028A421BD0112189014118497E1A9C74
:10E85000FF2912D1FF30072202A90930FEF759FF24
:10E860003248EF23016808464030C2791A40C2712D
:10E8700011220020920189184876002C16D11C988C
:10E88000002813D00C98FF2E07D000280ED0372078
:10E89000219970434018807806E0002806D07868F7
:10E8A00001023868FFF72CFD0028B5D00F9800282A
:10E8B0002AD00D983968884203D110987968884227
:10E8C00022D01198002807D1184801682320400160
:10E8D0000818007A002800D00120FF2E02D02099CD
:10E8E000002907D000221F99002905D00021052DFD
:10E8F00017D103E00122F6E70121F8E7002810D044
:10E90000002A0ED000290CD0002C0AD11298002821
:10E910000AD002990998884203D103990A9888423B
:10E9200002D0012023B0F0BD0020FBE7A0030020AF
:10E9300010B504462046FFF7F1FC10BDF8B5FAF714
:10E940009DFF434C074621680A468031886FCB6F94
:10E95000381A1818C8674B6F000B984236D300203E
:10E96000E032C8675074107C00282BD00025232685
:10E9700076010BE03721694308180146FF31FF306B
:10E980004031303000F01CF96D1CEDB22068811967
:10E99000097AA942EED800250BE03721694308180F
:10E9A0000146FF31FF3047311F3000F009F96D1C7F
:10E9B000EDB220688119097AA942EED821680120B8
:10E9C0008919887121680120E03148742068F82194
:10E9D0000F5072B601464031CA7910231A43CA71EA
:10E9E00062B60146E0310A7C002A24D0897CFF25EA
:10E9F000002906D1FF30013000F030F82068E03007
:10EA0000857411262168B6018819407EFF2813D02D
:10EA1000372250434018FF30FF3100223030093197
:10EA200000F0B4F8002808D0216800208919C875C2
:10EA30002068801945760020F8BD206801218219E0
:10EA4000FF30D175013081680161C1684161EFE734
:10EA5000A003002010B5FFF771FF10BDF3B5054608
:10EA60008DB0FF20454C03904549206847189D21F3
:10EA7000C9004018049029460220FFF737FBFF2801
:10EA80004AD1002005902320216840010918097A05
:10EA9000002931D9F8793721484321682A79461865
:10EAA00038490E9B0A706A7930464A70FF30AA795D
:10EAB0001F308A7006AA061FFCF73CFC0322691C63
:10EAC00006A8FEF71CFE002829D0307D012806D1BB
:10EAD000072239462846FEF712FE00281FD0059867
:10EAE0000837401CC0B20590232021684001081857
:10EAF000017A05988142CDD821680020E031487420
:10EB000029460220FFF722F922680121E0325174E0
:10EB1000FF2801D0FE20039003980FB0F0BD0598A8
:10EB2000039021680020E031487471780120FFF7DC
:10EB30001BFA15492068411809780F290CD19D232B
:10EB4000DB007822FF21C018FEF7EDFD27222168A7
:10EB5000002052018918087129460120FFF7F6F8B4
:10EB60007070C2000498F9791018C17121680120F1
:10EB7000E03148740398FF28BED0CDE7A003002001
:10EB80006C040000AE140020E404000010B50C4634
:10EB90000B790A4984B00B7063794B70A3798B7041
:10EBA00013466A46FCF7C6FB0322611C6846FEF763
:10EBB000A6FD002800D0012004B010BDAE14002036
:10EBC000F3B589B00D46FBF734F98002800A0121C4
:10EBD0008905084300226B461024114601E0032AF0
:10EBE00004D2D7000646FE401E7000E01970521C89
:10EBF0005B1C641E2406240EF1D1002304AA69467E
:10EC00000998FCF797FB03226946281DFEF781FD52
:10EC1000032204A9681CFEF77CFD012028700BB0BC
:10EC2000F0BD70B504460D4629462046FFF7C8FFE3
:10EC300070BD0000FFB55C49964609685B4A8DB01F
:10EC40008D18392252018A18944652791127169B41
:10EC500004920C46BF010020179E9206A034CF19E3
:10EC60000833002A0FDA6246D27952070BD50D9A83
:10EC7000012A08D97246012A05D10E9A002A02D02B
:10EC8000FA7D002A0BD0F022525C012A23D13F7D6D
:10EC9000FF2F20D02079C00732D0002431E03A7D08
:10ECA0000120FF2A19D06F4649C737204243501828
:10ECB000FF300130807EC00041183D480B1820799C
:10ECC000C00701D0002000E01020A12108437146B8
:10ECD000109A10E0012011B0F0BD694649C12079B9
:10ECE000C00701D0002000E01020A121169B08439E
:10ECF000012271469B1C0DF0CFF8002850D1E9E7A6
:10ED00001024A120044370460790109809903720E2
:10ED100047437818FF300130807E0593C0004218C9
:10ED200023480B961018089018980290032213306D
:10ED30001043401C8308E00603D50722BF2004408F
:10ED400007E004988006C5D5604680798007C1D564
:10ED500005222007800E40180121C9024018C06C0E
:10ED6000214604F06BFD06001AD00798307109980F
:10ED700070713546371D18350622B01D0899FEF70B
:10ED8000C8FC02983872FD602846029A0599FEF781
:10ED9000C0FC0B9838743146204604F03BFD99E7DF
:10EDA000296A0020087095E7A00300203C090000B4
:10EDB0006D040000FFB583B004460D460E9F0C9E07
:10EDC0000D9802970096019029462046069B059AC9
:10EDD000FFF730FF07B0F0BDFFB595B000257C48C8
:10EDE0000295039500880E4679494007C00D0C3105
:10EDF0004018C1890120400709184988FF230C18D1
:10EE0000744837210268112080011018407D1B339F
:10EE1000414389185B5C0793E3799B09012B04D17B
:10EE200023785B0601D5012700E0002723235B013F
:10EE3000D2185279012A17D9FF2815D01598002821
:10EE400004D0607B8009012805D00DE00622FF3147
:10EE500002A8413106E02078000605D521460622A9
:10EE6000083102A8FEF755FC002F35D017983C2832
:10EE700000D105AE574F1120396880010818407D38
:10EE8000FF2824D00622A11C6846FEF742FC079802
:10EE90005149C50038680622281841183046FEF747
:10EEA00038FC386823212A1849015118097B372278
:10EEB000891CB171112189014118497D51430818FC
:10EEC000FF300622A11C4830FEF723FC06E0062294
:10EED000A11C3046FEF71DFC009501953D48A4217C
:10EEE0000068095CC90701D0002700E010271799C6
:10EEF0000C9118990B9115990991716808230902D1
:10EF0000090E0A9102A90791694606911E9913916B
:10EF10001F991291209980370903090C11912199A9
:10EF2000C9B20F91F90603D50B22BF210F4009E0AA
:10EF30003921490141184A79920635D5C97989079D
:10EF400032D509223907890E08180121C902401853
:10EF5000C06C394604F072FC040025D00C99217174
:10EF60000B99E180099921720A99251D6172062287
:10EF70003146A81DFEF7CDFB284606220C30079926
:10EF8000FEF7C7FB2846062212300699FEF7C1FBA2
:10EF900013992983129969831199A9830F99A977E4
:10EFA0002146384604F036FC179800280ED17068C8
:10EFB0000A4CC003C10F20680622816331463930F4
:10EFC000FEF7A7FB20683830FDF792FF19B0F0BDBF
:10EFD000C0000020A00300206D040000600300209A
:10EFE000FFB585B00EACF0CC039702960195009466
:10EFF00005A80FC8FFF7F0FE09B0F0BD70B50446D4
:10F000000D4614484088A04222D112488088A84268
:10F010001ED118785E78360230439E78360430432D
:10F02000DE783606014631430A48C068884204D07B
:10F0300008480069401C074E3061481C054EF060CE
:10F0400030468068401CB06030468282012070BD2E
:10F050000020FCE7EC030020704710B5121D80680B
:10F0600092B2FEF733FE10BD10B5121D806892B249
:10F07000FEF72CFE10BD10B5121D806892B2FEF78F
:10F0800025FE10BDF0B506465A480C4600685A49A0
:10F090008DB04718E0881546052804D21346002293
:10F0A00016210420A2E0A168022208A80D31FEF773
:10F0B00030FB6846008C002873D0F8F7A1FB0100F4
:10F0C0006FD068460A8D008C824204D10246162118
:10F0D0002B4603208AE001AAFAF724FA002860D11F
:10F0E000308802220005000D0199F3F7B9FF0028CE
:10F0F00004D069460A8C2B46162177E0384630301A
:10F100002146009009F020FC012844D001982030CD
:10F110008079800746D53069810343D4C00141D44A
:10F12000A168022209A80F31FEF7F3FA0121306924
:10F130004904084330610220079030880690019806
:10F140000321878B6846868CA0790A94401FC5B23C
:10F15000E81D0843401C83082648022100688C02F1
:10F16000083000193522C06C04F068FB04000FD091
:10F170000698A080E7802681A57223462A460921A9
:10F180000B330A98FEF7E0FC2146079804F042FB97
:10F1900069200DB0F0BD6846028C16212B4609206F
:10F1A00024E01EE0E28800212846FFF75DFF0028EA
:10F1B00001D04520EDE738462146243009F00FFC08
:10F1C00021462846FEF784FC2146009809F0EAFB18
:10F1D000A86817210173E888002802D0E88067201A
:10F1E000D7E76846028C2B4616210120F3F7E0FC96
:10F1F0000020CEE7A003002064070000F0B57B49A3
:10F200007B4A096885B08E18012806D03046183030
:10F21000009009F097FB0446E5E030462430039067
:10F2200009F090FB0546BAE0A8682F68007B0290C1
:10F23000A888F5F7EBFE040073D021882022002077
:10F24000FEF7CAFC019000286CD0E88861888842EB
:10F2500004D900220420019B029920E0462000905E
:10F2600002980E284ED00ADC801E030003F045FBF6
:10F270000B1C13221329132F1338134113001628C4
:10F280005AD004DC102846D0122804D14BE01828AC
:10F290005BD01D2872D000220620019B0299F3F753
:10F2A00087FC002000905CE029462046019AF5F793
:10F2B00011FC4FE02A4621463046019BF5F7C4FE7B
:10F2C00048E029462046019AF5F7A8FD42E020696A
:10F2D000000353D429462046019A00F0F5FB39E09B
:10F2E000206900034AD429462046019A00F020FEF6
:10F2F00030E02069000341D429462046019A00F0FD
:10F3000050FA27E02069000338D429462046019AA4
:10F3100000F044FD1EE029462046019A00F0E2FA82
:10F3200018E033E03EE02069800327D429462046D8
:10F33000019A03F049F90DE0206980031ED42946A3
:10F340002046019AFFF79EFE04E029462046019AD6
:10F35000F5F71AFC0090452810D069280ED04628F1
:10F360000CD0012120690906884320610198F6F735
:10F370006DFF0098002809D010E0FFE700210198F8
:10F38000FEF786FC009845280CD0F2E72946039842
:10F3900009F025FB01212846FEF77AFC3D46002DA9
:10F3A00000D041E705B0F0BDA0682668077BA088C3
:10F3B000F5F72CFE05000DD0522F01D0D22F06D12B
:10F3C000286940030ED42146284603F067F82869CF
:10F3D000400307D42146009809F001FB0121204693
:10F3E000FEF756FC3446002CDED1DBE7A0030020FC
:10F3F00064070000F0B55848584A016885B08A187B
:10F4000004920922120289180027CD6E95E07E0130
:10F41000A85B00287BD070190090C06900284BD0F1
:10F4200000990969CA0532D54A0530D5806801249A
:10F43000A402007BA143009A1D28116139D01B282A
:10F4400037D0009A927B824202D0012802D030E06D
:10F45000012806D10098C0698068407B401C824228
:10F4600069D1C80509D5A95B022002F079FB009893
:10F47000FF22016901329143016100988169884747
:10F48000452816D1009801692143016111E001214D
:10F49000FEF7FEFB00980021C1610098012201697E
:10F4A000920291430161022211464220009B08F022
:10F4B0008FFAA85B00283ED004982430019009F010
:10F4C00041FA044635E020680390A068AB5B017BFD
:10F4D000A0881A05120D904201D11D2904D0904236
:10F4E00026D11B2932D023E000990969CA040FD420
:10F4F00001221203009811430161A95B032002F06D
:10F500001DFBA95B2246022007F01AF908E012E071
:10F510006946088102AB02220321422008F058FA12
:10F520002146019809F05BFA01212046FEF7B0FB65
:10F53000039C002CC7D17F1CFFB207480068A03095
:10F54000007BB84200D962E705B0F0BD22461946FB
:10F55000022007F09FF9E3E7A00300206407000002
:10F56000F8B50926F60631687A487B4A8160136847
:10F570007A4A9D180022027042708261C261027153
:10F5800042718271764A1288F4145207520F8270C7
:10F590001C196027A46E5743E719724C9201121987
:10F5A000C7600261BA78C27057077F0F8803800F67
:10F5B0007ED16B4A188E50806B48664C0140901388
:10F5C000814204D102F0ACFBA0683060F8BDFAF7CC
:10F5D0000BFD002807D160480088503081B201201F
:10F5E00000040818F0605C49002009684031C871C7
:10F5F000E168C8735D49B80008588047A0680028D2
:10F6000006DAFAF7F1FC002802D1A07811F04CFDDF
:10F61000012F04D0022F19D0052F17D03FE0A0688A
:10F62000C0013CD5FAF7E0FC002838D1A0684003BF
:10F63000287E05D4022832D06079002809D02EE037
:10F64000022806D0A079012803D028E020780128DC
:10F6500025D148484649016023214160642168461C
:10F6600001706A461078401E1070F068C00302D521
:10F6700010780028F5D110783E4882B201200004AD
:10F680001018F0606846017069460878401E0870DE
:10F69000F068C00302D508780028F5D10878206901
:10F6A00000902946A369E268E0690FF0A7FE00E038
:10F6B00033E029462369E268E06910F0D3FA207844
:10F6C00001282AD1E068006A002826D000680028B6
:10F6D00023D00027C17C0568C9091CD0E268116AE3
:10F6E000814208D10B6813620F60E1680A6A002A40
:10F6F0000ED14F620CE00A68824203D011461268B4
:10F700008242FBD10D60E268536A834200D15162AC
:10F710000021FEF7BDFA2800DCD10E4C2089000440
:10F7200001D502F0FDFAA2681349D00306D50A48B4
:10F73000022400684018836B23438363900306D53B
:10F740000548042300684018816B194381633260C7
:10F75000F8BD000054030020A0030020580800005A
:10F76000C0000020CC0000200080FBFF7C030020B4
:10F7700002230102740300200008000003F0CAF80D
:10F78000012802D1F2F7ECFC05E0044880F3088878
:10F7900000BF11F0CDF900BFFEE7000000600020BF
:10F7A000704770B50546C88888B00C4616460528CF
:10F7B00004D0134600220C2104201FE0A16802227D
:10F7C00004A80D31FDF7A5FF6846028A002A13D070
:10F7D000A168022202A80F31FDF79BFF6846008A4C
:10F7E000F8F70EF8010076D068460A8D008A82424A
:10F7F00007D13346024620E033466FE0F3F7D8F9ED
:10F8000066E06A46F9F78EFE002864D12888012256
:10F810000005000D0099F3F723FC002804D0694689
:10F820000A8A33460C21E9E700986A88C18BD31E07
:10F83000994205D86846028A33460C210B20DDE741
:10F840006B461B89994205D26846028A0C213346D1
:10F850000720D3E72621095C49070ED529690C0347
:10F860000BD40122D20411432961828B2988022002
:10F8700007F050FB692008B070BD00213046FFF74B
:10F88000F3FB002801D04520F5E7B0680D21017396
:10F8900029460098F5F79AFA014600986A46C38B04
:10F8A00012899B1A9CB26B885B1E9BB29C4200D350
:10F8B0001C468369008C484318188318052122468A
:10F8C0003046FEF739FA641C2004000C03D0F080A7
:10F8D0000020D0E7FFE76846028A33460C2101206A
:10F8E0008CE70000F7B5002092B0054608907348F9
:10F8F0000C460068724916464718E088072806D06B
:10F90000152804D0134600221021042045E0A168E8
:10F91000022205A80D31FDF7FCFEA168022206A80F
:10F920000F31FDF7F6FE6846828A008B824231D89D
:10F93000002A2FD0102263490DA8FDF7EAFEE188C6
:10F940000CA8019007292BD003461022092120463C
:10F95000FEF7FAF8022207A808370199FDF7D9FE49
:10F960006846808B0521C902884202D0491C884222
:10F970007ED16846808AF7F72DFF040079D012986F
:10F98000002142883046FFF76FFB00287ED04520DB
:10F9900015B0F0BD334610210120F3F709F97FE0DF
:10F9A0001022484909A8FDF7B4FEA16802221131CE
:10F9B0000198FDF7AEFECDE76946608D898B8842E0
:10F9C00063D1002D0CD1B068112101732C20005D92
:10F9D000012810D014200890B068089941730225BE
:10F9E00012984088401B042857D30898062804D052
:10F9F000142807D051E00620EDE72C20005D0128F7
:10FA000004D04AE02C20005D022846D1281D234660
:10FA100081B22833022230460493FEF78DF9AD1CE3
:10FA20002046216A2030ADB2814206D0281D636A8B
:10FA300081B2022230461C3304E0281D81B202222A
:10FA40003046049BFEF778F90898AD1C001F81B280
:10FA50001298ADB24088401B80B2814200D2084665
:10FA60000390281D81B2234608333046039A02E0F2
:10FA700018E01DE00AE0FEF75FF90398281885B248
:10FA800012984088401B042807D32468BC4204D045
:10FA90006946208D098B88428ED9002D08D0F580CB
:10FAA000002075E76846828A10213346084674E7CD
:10FAB0006846828A102133460A206EE7A0030020A0
:10FAC0006407000014530610F7B5FFB093B0074663
:10FAD0000C46002080A903908883AD48AD4900689A
:10FAE00002264518E088072806D0152804D00022F1
:10FAF00008210420949B4CE0A168022285A80D31C6
:10FB0000FDF707FEA168022286A80F31FDF701FE6E
:10FB100080A8828A008B824238D8002A36D01022F0
:10FB20009D498DA8FDF7F5FDE088072834D089AB05
:10FB3000102209212046FEF707F83869000337D460
:10FB4000398868460174090A417480A90A8B898A38
:10FB500089A86C4607C404AC8DAB87AA2846A11CB3
:10FB6000F3F7F2F880A8808B002821D001213A69B0
:10FB7000C9040A433A614006020E3988A31C0220D8
:10FB800007F020F969207FB016B0F0BD08210120F0
:10FB9000949BF3F70DF8F2E010227F4989A8FDF756
:10FBA000B8FDA16802228CA81131FDF7B2FDC4E7AF
:10FBB0007A8800219498FFF757FA002801D0452051
:10FBC000E1E7083580A88895808AF7F719FE0500D7
:10FBD00090A8019074D0B8E0294602222A310198F9
:10FBE000FDF797FD102289A98DA8FDF788FD002853
:10FBF00006D02846203000902C6A84427ED1A3E0B3
:10FC00000398002804D0042810D0122806D0AAE0B7
:10FC10002C20405D012806D0122003902C20405D4E
:10FC2000022807D09FE00420039003E02C20405DD1
:10FC300001287DD1301D81B22B46283302229498B1
:10FC4000FEF77AF803982B46801E82B2B01D81B26F
:10FC50000833B61C9498FEF76FF803983018801E8E
:10FC600086B271E080A9A08B898A884268D380A976
:10FC7000098B884277D82320005D012808D02046D0
:10FC80000830102289A9FDF73AFD002808D057E076
:10FC90002146022208310198FDF73BFD8DA8F0E7CF
:10FCA000388801220005000D2146F3F7D9F90399A0
:10FCB000002915D1002804D0A28B0821949B68E765
:10FCC0005FE0E18BFD2901D9FF2101E0891CC9B268
:10FCD00003917988039A891E914201D2C9B2039196
:10FCE00079888A1B03998A423DDB00283BD103981F
:10FCF000E18B801E0290814235D100E021E0301D71
:10FD000081B223461C3302229498FEF715F8394637
:10FD10002046F5F75BF8218CA269414302985318FD
:10FD200082B2B01D81B29498FEF706F8039800E005
:10FD300019E0301886B27888811B0398814212DB63
:10FD40002468009884428DD12D68889885420AD015
:10FD500080A9288D098B884205D878880399801B53
:10FD6000884200DB38E7022E0BD99498092180687D
:10FD7000017394980399806841739498C680002019
:10FD800001E780A8828A08210A20949B01E70000ED
:10FD9000A00300206407000014530610F7B5FFB05D
:10FDA00085B00546002469468C815F485F4900683C
:10FDB00046188598C088411E042902D3C043C00755
:10FDC00004D000220E210420869B44E02869000311
:10FDD0001BD403A8009004AB3046869A8599F2F7AD
:10FDE0007CFF6846808900280FD001222969D2044F
:10FDF00011434006020E2961298804AB022006F057
:10FE0000E1FF69207FB008B0F0BD6A8800218698C4
:10FE1000FFF72AF9002801D04520F3E78598C0882C
:10FE2000401E87B2012677E0301D81B201AB02226D
:10FE30008598FDF789FE68468088002832D0F7F75C
:10FE4000DFFC01002ED068460A8D8088824224D1D2
:10FE5000002C03D007E0F2F7ABFE63E086980F2298
:10FE60008068012402736888A04253D02C22525C1F
:10FE7000012A05D0001B80B2102806D3102004E010
:10FE8000001B80B2022800D302200090201D0B46E8
:10FE900080B208330146009A36E002AAF9F742FB25
:10FEA000002805D0684682880E210120869BD2E773
:10FEB000288801220005000D0299F3F7D1F80028E7
:10FEC00004D069468A880E21869BC4E7002C04D1A1
:10FED00086980F218068012401736888A04219D098
:10FEE000029A001BD18B80B2884200D30846009052
:10FEF00029461046F4F76AFF02998A69098C414342
:10FF00005318201D009A81B28698FDF715FF0098BE
:10FF1000201884B2B61CB6B2BE4285D3002C01D0E4
:10FF20008698C48000206DE7A003002064070000CD
:10FF3000FEB5044600200290C8881546032804D068
:10FF4000134600220A21042026E08968022268461E
:10FF50000D31FDF7DEFB68460088002819D0F7F761
:10FF60004FFC010073D068460A8D00880B270526D8
:10FF700082421DD1A86807732C20405C01280ED056
:10FF80000B460833102231462846FDF7D5FE1120D6
:10FF900059E02B4602465DE0F2F70AFE54E00B46BC
:10FFA0000833022231462846FDF7C6FE03204AE008
:10FFB00001AAF9F7B7FA002849D1208801220005E3
:10FFC000000D0199F3F74CF8002804D069460A881F
:10FFD0002B460A21E0E701992620405C40070ED518
:10FFE000206902030BD40122D204104320618A8BC2
:10FFF00021880220029B06F08DFF6920FEBD6288E9
:020000041005E5
:1000000000212846FFF730F8002801D04520FEBD2A
:10001000A868214607730198F4F7D8FE6188491E45
:100020008AB20199CC8BA24200D214468A69098C0B
:1000300041435318314622462846FDF77DFE641C95
:100040002004000C03D0E8800020FEBDFFE76846D6
:1000500002882B460A2101209EE700007CB502465B
:1000600023482449006845180921090241188B6E6C
:10007000602151435C1800210091019172B6A17872
:100080004907490F052901D062B67CBD2946C03118
:100090008A737D2252024A8162B60522694648303F
:1000A0000AF028FA8020009941517A210198485598
:1000B000A0890622218950430930081886B2616B55
:1000C0000D480860606B05228660616B6846C91C3C
:1000D0000AF010FA60790121084360714035EE861C
:1000E000A0790221C006C00E0843A0717CBD0000AB
:1000F000A003002058080000030801000FB4F0B569
:10010000584F13203968C001081897B0C66A0FA865
:10011000023000241590703014901BE0304611F02E
:10012000ABFA0546FC2809D0FE2D18D0002810D0C7
:10013000FA2017B0F0BC08BC04B018476946304636
:1001400011F088FA062215991498FDF7D8FA0028BC
:100150001BD014362046641CE4B20C28DED318A849
:10016000407C0009E5D00C2C76D972B611F038F934
:1001700062B613203968C0010818C66A304611F00B
:100180007BFAFE2868D01436F8E7502269461CA88E
:10019000FDF7B5FA0028CCD0304611F041FA0AE05C
:1001A0001436304611F068FA0546FC2803D0002DBD
:1001B00001D0FE2DBCD12046641CE4B20C2801D233
:1001C000FE2DEDD118A8C17C6846C0788142C6D109
:1001D00018A8407CC0060ED468464078C0060AD5F0
:1001E00002222DA811A9FDF794FA18A9487C102124
:1001F000084318A9487418A8407C800615D468469E
:100200004078800611D523A807A9102202300231B8
:10021000FDF77FFA062215991498FDF77AFA18A9C6
:10022000487C2021084318A9487418A8407C40063F
:1002300095D468464078400691D527A80BA910228E
:1002400002300231FDF765FA18A9487C40210843C5
:1002500018A9487483E7FFE701221CA9304611F072
:1002600015FA66E7A003002010B5064813210068C0
:10027000C9014018C06AC001000CF4F765FD0020F8
:1002800010BD0000A0030020F7B52148132100682D
:10029000C901401898B0C66A002511A814460C2759
:1002A000149515901CE0304611F0E6F9FC2802D0B8
:1002B00000281AD113E06946304611F0CBF96846A0
:1002C0004078C0060BD516AA1999159800F04AFB7C
:1002D000022216A81899FDF712FA002808D0143641
:1002E00028466D1CEDB2B842DDD341201BB0F0BDF5
:1002F0006946204600F0EEF805482346006821468E
:100300002A3314AA2031803000F0D8F90020EDE71C
:10031000A0030020F8B5074627480E4600681321C1
:10032000C9014018C56A1446002E18D0012E06D106
:100330007879010601D5410611D480090FD078796A
:10034000400637D526461E36284611F095F9FC287A
:1003500024D0FE282ED000282AD0FA20F8BD20462E
:100360003E300090284611F087F9FC2805D0FE2881
:1003700020D00028F1D11435F4E72146284611F0A9
:1003800069F96078C007C00FB042F4D1062239463F
:100390000098FDF7B4F90028E0D0ECE721462846A4
:1003A00011F058F93146384601F0DCF90028D5D073
:1003B0001435C9E75C20F8BDA003002030B50B461A
:1003C00095B0154601466A461846FFF7A3FF04009C
:1003D00005D107A9102228460231FDF79AF92046D7
:1003E00015B030BD70B50C4813210068C901401824
:1003F0001426C56A0024284611F03EF9FC2805D0D1
:10040000FE2807D0002803D0FA2070BD641CE4B297
:10041000AD19F0E7204670BDA0030020F7B596B0F7
:1004200017465E2600F0F2FE04004FD06078C50744
:10043000ED0F1ED0002D05D0E0798109032918D0D9
:10044000800916D0E079400610D5214813210068B4
:10045000C901401807AEC56A0236284611F00CF9EA
:10046000FC280CD0FE2801D0002812D0472019B05B
:10047000F0BD0622A11C14A8FDF74BF912E0694655
:10048000284611F0E7F83146A01C01F06BF900286E
:1004900001D01435E1E70FA9062214A80231FDF7B7
:1004A00038F900253B4614A92846179A01F018FF91
:1004B00006465D280AD172B610F092FF62B63B463E
:1004C00014A92846179A01F00BFF06463046CEE7DE
:1004D000A003002070B5044601200D46A076C9781F
:1004E00021776978090603D5617F1022114361776E
:1004F0006A78617F60231A40114361776978C90681
:1005000002D5A17F0143A177E86C6061A86C294600
:1005100020610E31204610220E463A30FDF7F9F8E0
:100520002946204610221E315430FDF7F2F82946A4
:10053000204610222E316430FDF7EBF82946204684
:10054000022244312030FDF7E4F820460822A91D9C
:100550004A30FDF7DEF820460222291D5230FDF711
:10056000D8F86878800704D5208901214903084319
:1005700020816878400704D5208901218903084338
:1005800020816878000704D520890121C903084328
:100590002081A878010706D5E07220461022314656
:1005A0002A30FDF7B6F8F120A07270BD70B594B096
:1005B00015460E466C4600F029FE002816D04178FC
:1005C0002246C907C90F801CFFF7A4FE002802D0ED
:1005D0005C2014B070BD684640780FA9C007C00FFA
:1005E0002B463246023110F0ADFFF2E74020F0E733
:1005F000F3B5184813210068C90195B040185C256F
:1006000014270FAEC46A0236204611F035F8FC28D4
:1006100005D0FE281BD0002813D0FA2517E0694624
:10062000204611F017F868464078C1071598C90FA1
:10063000814206D1062230461699FDF760F800285F
:1006400001D0E419E0E7204610F0EAFF054628460D
:1006500017B0F0BDA0030020002811D0164A92B2B6
:1006600001231B041A430923DB06DA6000BF0922B9
:10067000D206D26801231B041A40002AF7D119E0E0
:100680000D4A9178927804239A430B4B9A701A463C
:1006900092B201231B041A430923DB06DA6000BF70
:1006A0000922D206D26801231B041A40002AF7D17E
:1006B000014A9170704700001C0000207FB50024A3
:1006C00000940194029403940D786C462570497847
:1006D00061701178A1705178E1701A4669460BF08B
:1006E00021FC7FBD08B50B4605A2014612680548EE
:1006F000009200686A4620318030FFF7DFFF08BDB6
:1007000001000000A00300201CB507A109680091AA
:100710000346002105480191006801AA694690300E
:10072000FFF7CCFF1CBD000001000000A00300206B
:100730007FB5164604461D46082202A8FCF7E9FFCD
:10074000082231466846FCF7E4FF2A4669462046FF
:100750000BF0E8FB7FBDF0B599B00E461C4617467E
:1007600001460123202268461E9D0AF000F801235D
:100770002022314608A809F0FAFF10A804700123CE
:100780001022394611A809F0F2FF15AB11AA412138
:100790006846F1F708FE0123102215A9284609F042
:1007A000E6FF19B0F0BD0000FFB5A3B00F46054647
:1007B0001C46382225A16846309EF1F707FD01232B
:1007C000202229460EA809F0D2FF16AB2D4A20217F
:1007D0000EA8F1F7E8FD01A80123102239460130E7
:1007E00009F0C5FF05A8012310220130259909F061
:1007F000BEFF08A8447101230622801D2C9909F030
:10080000B6FF08A82D990173012306220D302E99F9
:1008100009F0ADFF1AAB16AA35216846F1F7C3FD02
:10082000012310221AA92F9809F0A1FF012168467F
:1008300001701EAB16AA3521F1F7B5FD0123102278
:100840001EA9304609F093FF27B0F0BD0062746C1A
:100850006500000000000000000000000000000033
:100860000000000000000000000000000000000088
:100870000000000000000000000000000000000177
:100880000000000004530610FFB599B00446012390
:1008900010226846229F259E279D09F068FF0123AC
:1008A000102204A81B9909F062FF0123102208A856
:1008B0001C9909F05CFF0123032239460CA809F0BA
:1008C00056FF08A82399C174012306220DA8249974
:1008D00009F04DFF08A88676012306221B302699D1
:1008E00009F045FF01231022214615A809F03FFF1A
:1008F00011AB15AA41216846F1F755FD01231022DD
:1009000011A9284609F033FF1DB0F0BDF0B59DB028
:100910000D461E4617460146012320226846229CAA
:1009200009F025FF01232022294608A809F01FFF0E
:1009300001231022314610A809F019FF01231022CB
:10094000394614A809F013FF18AB14AA50216846C1
:10095000F1F729FD012304221BA9204609F007FF16
:100960001DB0F0BDF0B5054691B019A000680D901E
:1009700000200E901748144600680E4605AB0EAADC
:100980000DA99030FFF79AFE05A80F906F46102230
:10099000002101A8FCF7C7FE0822314601A8FCF798
:1009A000B8FE09AA01A90F980BF0BCFA022209A906
:1009B0003846FCF7AEFE684600782978484020703B
:1009C0006846407869784840607011B0F0BD00001A
:1009D00003000000A003002070B50D46462400F07F
:1009E00015FC00280FD0817AB9290DD1C17F0429C7
:1009F0000AD1C17E012D04D080221143C17600248A
:100A000002E04022F9E74024204670BD70B50D4653
:100A1000462400F0FBFB002811D0C17F02290FD132
:100A2000C17AC9060CD507490968097E022907D190
:100A30002B460E22002112F0D3FD044600E0402494
:100A4000204670BDA803002010B50F4CFF220021E6
:100A5000206807F08CFF206800218176C176012292
:100A60004273072383731023C373027601750161F8
:100A700002738175C17519461C30F8F73DFE0020E0
:100A800013F010F910BD0000A8030020F7B584B0E2
:100A9000072116460191009100F0B8FB040004D034
:100AA0007420005DC00724D102E0402007B0F0BDF3
:100AB000A01C13F0BBFA00281DD0002E02D0A07B92
:100AC000000616D4A27BD00613D4464D2868817D3B
:100AD0004B081943C90702D0817E490709D4002178
:100AE0000291D109C901A173A27A002A08D0F12A82
:100AF00003D04620DAE75920D8E7059AD2071ED05E
:100B0000807EC043800721D0208920220105090D65
:100B10000020FDF761F807001AD0A020A072E07E47
:100B20002F210840E0760598800703D5A07B20217F
:100B30000843A0732868002E0CD0417B0EE00120F2
:100B40000143A173204611F081FDAFE73820ADE7E6
:100B50006420ABE78030007B4007C10F2868827DAE
:100B600053081A43D207C37DD20F007B11F0C9F896
:100B70000646204612F0F2FC01990098009101907F
:100B8000227E33460121384611F0C8F82146384606
:100B900013F06EFA002802D04120029086E72968FF
:100BA000887EC243920701D0401C8876204654229A
:100BB00000212030FCF7B7FD304618210840E072D4
:100BC000A07EF10700D002210843A076E07E7107E5
:100BD000C90F0843E07628688030C672A120A07251
:100BE000029863E7A8030020F0B593B000200690B8
:100BF00072B65F4D042128684030C2790A43C27141
:100C000062B612F073FF00265A4F73E03868C16F66
:100C10007C2070430C186BD02089002868D0617B41
:100C2000C9075FD00005000D21462A31019010222E
:100C300011910CA8FCF76DFD07A9204611F054FA9C
:100C400000283CD001980BF0CBFA0B90207B80075A
:100C50000CD0019812F0D4FB0246474B0021012032
:100C600000F06CFC207B000900012073022004903E
:100C70000198039003200290392128684901411806
:100C8000897B0123890712D5D90208304018132225
:100C9000C06C022102F0D2FD010008D0039A8A80C4
:100CA000029A00238A71CB71049802F0B3FD0B986D
:100CB0003A280AD0607B40084000607312E007A920
:100CC00001980BF050FA0B90F1E710220CA9119843
:100CD000FCF71FFD72B62868FB224030C179114035
:100CE000C17162B6A07A002802D0204611F09AF8AD
:100CF000761CF6B22868A030007BB04286D830E07F
:100D000006A9386807F08DFE0698808800F07EFA04
:100D1000010022D006988268127B052A05D08B7AC2
:100D2000102B05D9F12B03D00BE012F0AFFC14E02F
:100D300074235B5CDB0702D0012A0ED101E00B2A91
:100D40000BD112F029FB002807D0FD2805D0069909
:100D5000386807F014FE13B0F0BD01210698FCF7C7
:100D600097FF386807F034FE0028C9D0F3E7000089
:100D7000A0030020A8030020307500007CB50838CF
:100D80000E4EC4B230687C21C06F4C4305192889CF
:100D900000230105090D0122022003F01DFB0220A2
:100DA000694600950871684613F07EF930687C2228
:100DB000C06F00210019FCF7B6FC7CBDA803002021
:100DC00070B500F023FA040007D07420005DC0075E
:100DD0000AD0207B800707D101E0402070BDA07AB7
:100DE000002803D0F12801D0462070BD1A4E30688B
:100DF000807EC04380072BD0208920220105090D69
:100E00000020FCF7E9FE050024D00220E880A86855
:100E10000B2101733068817DC37D4A081143CA07E5
:100E2000417B007BD20FC007C00F10F06AFF014664
:100E3000306880300173A86841732146284613F05A
:100E400017F90028D1D1217B01221143217370BDF4
:100E5000382070BD642070BDA8030020F8B51E4680
:100E60000B460E490025069F0C68002805D0012876
:100E700003D0022803D042250DE01C3400E02C34BE
:100E80001146184612F00AFB102030700246214627
:100E90003846FCF73EFC2846F8BD0000A8030020B9
:100EA00010B50C4600F0B2F9002804D0C17F022929
:100EB00003D0462010BD402010BD0449102209680F
:100EC0000C61C17E1143C176002010BDA803002033
:100ED000FFB5002483B01F4605462646009412F055
:100EE000FBFA01280DD02800224D0DD0684606716E
:100EF00031466B463A46002012F04EFB040024D0E7
:100F000035E0462007B0F0BD0C9800280CD0002F2B
:100F100014D0012F12D0022F13D0009842240028A1
:100F200025D00C9A0D9920E010F0EEFB012801D09D
:100F300011241CE012F032FE044618E028681C3030
:100F400001E028682C300090E9E729680498803196
:100F50004968062248702868059980304068801CDE
:100F6000FCF7D7FB0C9A0D990098FCF7D2FB2046B2
:100F7000C8E70000A8030020F8B507460D46002684
:100F8000888800F043F9040064D0012F02D0002FBC
:100F900009D062E0E88841285ED8334829460068D5
:100FA00007F000FD5DE0A868007B06280BD0D52186
:100FB00007280AD0082819D0092819D00A281CD0D7
:100FC0000B281ED049E0D22006E0A07ADD2844D1CB
:100FD000A07F820702D5D320A0723EE0400701D552
:100FE000A1723AE0204611F0FFF836E0D420F3E792
:100FF000A07ADD2831D1A07FF0E7A07ADD28F1D0FA
:101000002BE0207B8107890F012926D1884302210B
:101010000843207315483921006849014118897B2C
:101020004227C9060ED50121C902083040181622F0
:10103000C06C0023394602F001FC010002D03846A2
:1010400002F0E8FBA07AF12807D1207B04210843B5
:10105000207302E0012F00D1012631462846FCF71B
:1010600017FE0020F8BD0000A8030020A003002008
:1010700000B50005000D00F0C9F8002806D0017B7E
:101080000A07920F022A03D0462000BD402000BD6F
:101090000C2211430173002000BD10B50C4600F076
:1010A000B5F8002805D001890A0409D5012C02D021
:1010B00004E0402010BD4904490C0181002010BD0E
:1010C000462010BD10B50C4600F0A0F8002807D04F
:1010D000817A002904D0007FA04201D3002010BDF6
:1010E0005F2010BD10B594B0044600F08FF80028C2
:1010F0001AD041786A46C907C90F801CFFF70AF960
:1011000000280DD0204600F081F800280CD0817A0C
:10111000F12907D1807EC10704D0800702D50020C5
:1011200014B010BD5E20FBE74020F9E7FFB59C46F8
:10113000224B00241B6820490646A03381B0274675
:10114000204609681D7B08E07C23CC6F4343E418EC
:101150002389002B0DD0401CC0B28542F4D88542B3
:1011600027D0002F25D003202070002A03D0012093
:1011700002E00127F3E70020607006226146A01C10
:10118000FCF7C7FA26811020A07220466030029931
:1011900001750B994175062216300A99FCF7B9FAC8
:1011A0002046042200210C30FCF7BDFA0020C04389
:1011B000606105B0F0BD0000A8030020A00300207E
:1011C00010B5412400F022F8002805D06030017DE0
:1011D0008022114301750024204610BD10B5002463
:1011E00000F014F800280ED00089C10407D50124AE
:1011F000810401D5032402E0410400D50524000444
:1012000001D408200443204610BD000070B500281A
:101210001BD003050F48002100680D4A1B0DA030AC
:101220001268047B0FE008467C267043D56F0830B7
:10123000285A0005000D984203D17C2251436818BA
:1012400070BD491CC9B28C42EDD8002070BD0000B1
:10125000A8030020A0030020F0B514460E46074660
:10126000FFF7D4FF050016D03846FFF7B7FF01227D
:10127000297F3270C30709D043070322002B03DA0A
:10128000102903D1042004E0800701D52270F0BDAD
:1012900002202070F0BD00203070FAE71CB5FFF787
:1012A000B5FF040016D0208912F0AAF802460A4BB6
:1012B0000021012000F042F920890005000D12F004
:1012C000C1F80220694600940871684612F0ECFEED
:1012D000FE20A0721CBD000030750000F8B5074666
:1012E0000E4600251046FFF791FF040071D0002E36
:1012F0000BD120890121090308432081E17F0229C4
:101300000DD003290BD0042909D020890105090D2E
:10131000002E10D07420005DC00723D03DE0E17A9C
:10132000090702D50121890301E00121490308438E
:1013300001052081090DA07ABC2806D0AD2806D071
:10134000AE2806D0F12807D037E0BF2002E0AF205A
:1013500000E0F020A07230E0032F2ED100231A46C7
:10136000422028E0A07AF12817D1264839210068C8
:1013700049014118897B422589060ED50121C90200
:10138000083040181722C06C0023294602F056FA94
:10139000010002D0284602F03DFA00200125A0728B
:1013A000032F0AD10522062E00D104222089002312
:1013B0000105090D022003F00FF87420005DC0073D
:1013C00008D0207B810700D001250009000120738F
:1013D0000CE016E0A07BC10608D5EF210840A07301
:1013E000010603D54006400EA07301E0002D08D091
:1013F000208912F005F80246034B0021012000F07D
:101400009DF8F8BDA003002030750000F0B585B050
:101410000E4607461C46154602A804A9F9F7DAFF4E
:101420006946097C02A80191009023462A4631466C
:101430003846FFF77BFE05B0F0BDFFB585B0154619
:101440000E461C46062202A80F9F0E99FCF761F972
:1014500002A8F8F7BDFD002806D0012069460874EF
:10146000A80706D53B4605E002A804A9F9F7B2FF94
:10147000F6E723466946097C02A8019100902A46B6
:1014800031460598FFF752FE09B0F0BD70B515461C
:101490000E46FFF7BBFE040013D0607B012108431A
:1014A0006073A07ABC280CD0E07A000709D42046EB
:1014B000082231462A30FCF72CF932342570280AEC
:1014C000607070BDF8B51B4EC000316805468031B4
:1014D0000A68083D515D40234906490E515532685E
:1014E00019438032126800245155851F124F1AE0AB
:1014F000306880210958C26F20467C2358430090F1
:10150000801C101849190622FCF7F9F8002808D1A8
:101510003068C16F00980818817AFB2901D1102129
:101520008172641CE4B23868A030007BA042DFD82E
:10153000F8BD0000A8030020A00300207FB5002410
:10154000002902D0012902D002E0082500E0002590
:10155000A9186A4611730293012809D000280AD1FC
:10156000104600F0DBFC684600F08CFC044602E00C
:10157000104600F0D3FC204604B070BD70B505469F
:101580000024204612F094FB002801D0462404E0F9
:10159000012D02D1012012F085FB204670BD000014
:1015A00070B5054611F098FF002801D0462407E0E9
:1015B0000448002400680C2229460C30FCF7A9F8E6
:1015C000204670BDA803002010B50C46FFF71EFE94
:1015D00000280FD00189002C0ED00122D203114324
:1015E00001814804800F0AD00905090D022002F08C
:1015F00099FA04E0402010BD4904490C0181002003
:1016000010BD000030B50C4A002113680B4A126867
:10161000A032147B0AE07C224A43DD6F0832AA5ACA
:10162000002A01D0462030BD491CC9B28C42F2D8F4
:101630001876002030BD0000A8030020A003002081
:1016400070B588B00E46FFF7E1FD050024D069466D
:10165000FFF748F8F4882B46241DA1B2103304226A
:101660003046FCF769FBE2B204AB3146684610F045
:1016700075FA201D81B206AB08223046FCF75CFBF0
:101680000834F4802869411C04D0401C28610020E3
:1016900008B070BD0020F9E74020F9E7F0B58BB045
:1016A0000F46CE88FFF7B2FD050032D007A911F032
:1016B000E5FE002802D05A200BB0F0BD083EB1B2C2
:1016C0006B460C223846FCF73FFA684601784078B2
:1016D00002026846807803046846C07804061C430A
:1016E000144368690C43411C01D0A0420CD2F2B2F1
:1016F00003AB394607A810F031FA082205A901A862
:10170000FBF7FDFF002801D00520D5E700206C6124
:10171000D2E74020D0E710B586B0044601A8FEF716
:10172000F3FFF8F769FB69468870000A4870F8F71C
:1017300063FB69460870887840214006400E0843E4
:101740006946887005AA01A810F06BFA032205A962
:101750002046FBF7DEFF03226946E01CFBF7D9FFBA
:1017600006B010BD38B50B460446C11C6A46184683
:1017700010F057FA032221466846FBF7C0FF002805
:1017800000D0412038BD00B501E000F089F8042008
:1017900000F044F80128F8D000BD00000C49097899
:1017A00002229143891C0A4A117002E00849C96863
:1017B000084307498039097BC907C90F0029F5D0BB
:1017C0000349097802229143014A117070470000D1
:1017D00080004040002807D0074949680222914311
:1017E000891C054A516005E003494968022291437A
:1017F000014A51607047000000004040002905D0B8
:10180000054A12790243044B1A7104E0024A127924
:101810008243014B1A717047200040400146044842
:10182000007B0840002801D0012070470020FCE721
:10183000000040407047000010B50446606800F0AA
:101840003BF8164840680421884321788900042227
:101850001140084311494860084600684021884308
:10186000A17889014022114008430C4908600846CC
:10187000006880218843E178C90180221140084333
:101880000649086008460068400940016178C906B9
:10189000C90E08430149086010BD00000000404027
:1018A000014880687047000000004040014988609E
:1018B0007047000000004040F8B5054601270226A9
:1018C00069001048F0F758FC0446002C0BD07F202C
:1018D0004002844207D802E07006060E6408FF2C1E
:1018E000FAD8601EC7B2084806740068FF210902D2
:1018F00088433902FF22120211400843024908605E
:10190000F8BD00000024F4000000404001210170F7
:101910000721417000218170C17001494160704709
:1019200040420F0070470000F0B5944600220A8044
:101930006346104C1A60092322681B028646D2189F
:101940004120D26E00230FE05D01AD182F6976466D
:10195000374207D06F880E88B74203D90F806046A0
:10196000056000205B1CDBB22568A0352D7B9D4205
:10197000EAD8F0BDA0030020F0B5FFB086B005ACFA
:10198000002508260027B10105A8F0F747FC1648F6
:10199000C068206016E005AA134800890023124998
:1019A000098901930392009102900F4BDA8899887C
:1019B0005888012305F0D9FC0546002D02D1206886
:1019C000401C2060002D04D13846791CCFB2B042B3
:1019D000E1DB642D02D101200349487002492068EF
:1019E000C8607FB006B0F0BDDC03002030B5FFB0AA
:1019F00082B001AC00250121490201A8F0F70EFCDC
:101A00000E48C06820600CE00C4B1A7AD9885888C0
:101A100001AB05F058FF0546002D02D12068401C9F
:101A20002060002DF0D0642D02D1012003494870C0
:101A300002492068C8607FB002B030BDDC030020DE
:101A40007CB50C4605466A4601A9FFF76DFF0028E4
:101A500001D041207CBD6846E1888088814200D960
:101A6000E08000980088A0802046F4F7EFFB009803
:101A7000012D07D00169082211430222914301611F
:101A800000207CBD016949084900F8E730B5EFF353
:101A9000108172B60922D2061269FF25821A12023B
:101AA00014120C4A91351368AC4208DC012212066C
:101AB00090431A464032D479DF252C40D471C201BC
:101AC0000724D20924021B19DA65034A906081F3C6
:101AD000108830BDA003002040000048002004E032
:101AE0001549095C491C0918C8B21349095C002949
:101AF000F6D1C11C20291EDA02210F4A11542122DD
:101B00000D4B411C5A540822811C5A540022C11CFE
:101B10005A541946091889B20122120411430922A4
:101B2000D206D16000BF0921C906C968012212048A
:101B300011400029F7D17047AC0300201FB50446BF
:101B4000064802900846F5F77FFE800000196946B6
:101B500011300873684600F095F91FBD307500001C
:101B60001FB504460846F5F76FFE80000019694668
:101B700011300873684600F0D1F91FBD10B5314B24
:101B8000197A314B1A890020002905D10923134005
:101B9000092B01D120231843002905D1112313401B
:101BA000112B01D140231843002905D121231340D3
:101BB000212B01D180231843002906D14123134052
:101BC000412B02D1FF2301331843002906D1812381
:101BD0001340812B02D101235B021843002909D154
:101BE000FF2302331340FF240234A34202D1012316
:101BF0009B021843002907D1144B1340134CA342F6
:101C000002D10123DB021843002905D1052313402B
:101C1000052B01D110231843002905D193079B0FF1
:101C2000032B01D108231843022901D101231843B2
:101C3000042901D102231843082901D104231843A0
:101C400010BD00000000904000001048010400009A
:101C5000012905D1054A126A0243044B1A6204E0C5
:101C6000024A126A8243014B1A6270470000904098
:101C700002480068401C0149086070474803002082
:101C8000002806D00649096901221143044A11615E
:101C900005E00349096949084900014A1161704793
:101CA00000E000E010B5030000F027FE3A332D2DD0
:101CB0002D1E2130332A2A2A2A2A2A2A2A2A242493
:101CC00024242424242424242424242424242424D4
:101CD00024242424242424242424242424242427C1
:101CE0002727272727272733F3F740FD10BDF3F7D2
:101CF0007BFE10BDF4F7D8FA10BDF8F755FC10BD07
:101D0000FFF73CF810BDFFF7DDFB10BDF3F7D0FB8C
:101D100010BD3A38C0B20428FAD2F7F7B8FD10BDAA
:101D20000348DF2200684030C1791140C17170471B
:101D3000A003002070B50B481D21006889014418DC
:101D40002646646008362460E6600025A6602069A7
:101D5000290141183046FBF799F96D1CEDB20B2DA6
:101D6000F5D370BDA0030020F0B5002693B0701E1F
:101D70000E9042481D210068890144180920C006C0
:101D80000069374605022D0A72B6A0692146281A55
:101D90000002000A223112F0D9FA6169A5614018E7
:101DA0006061364800684030C1798A0663D42022D9
:101DB0001143C17162B6256814E0A8686169401AD0
:101DC00000280ADCBA0001A8761C85507F1CF6B2F8
:101DD000FFB2287BFFF766FF03E00E99884200D22E
:101DE0000E902D68A542E8D12046083000250C90C1
:101DF0001830129018E0AF0001A8761EC159F6B253
:101E00002046FBF762F901A8C1590C98FBF73EF98F
:101E100001A8C059007B3A2804D212981299007880
:101E2000401E08706D1CEDB2002EE4D12068A04267
:101E300017D03D256D04284612F080FA01460E9811
:101E4000814201D8284601E00EF062FEA16908181F
:101E500000020121000A09064018FFF717FE13B01F
:101E6000F0BD72B6002005490722096812028918E0
:101E7000C8650349886062B6F1E70000A00300204E
:101E80004000004810B504460920C0060069000261
:101E9000000A00F06FF8A168F7F7DEFCA0602046AA
:101EA00000F002F810BD0000F8B51B4D06461D21DC
:101EB000286889014418317B481E3E2801D34220FE
:101EC000F8BD2046A2680830824205D03A2905D2E2
:101ED0002021095D072901D36420F8BD6946FBF77D
:101EE000E7F8102231460098FBF713FC20460099D2
:101EF000FBF7CCF80098007B3A2803D220342078F6
:101F0000401C207072B62868DF224030C179114031
:101F1000C17162B60020F8BDA003002070B5144E58
:101F20001D22316892018D182C681DE0017B227BF7
:101F3000914218D121462846FBF7C7F8284621468A
:101F40000830FBF7A3F8207B3A2803D22035287805
:101F5000401E287072B63068DF224030C1791140CF
:101F6000C17162B670BD2468AC42DFD170BD0000A3
:101F7000A003002010B507491D22096892018C18A2
:101F8000A169401A0002000A12F0D8F96169081824
:101F900010BD0000A00300200149888070470000A8
:101FA00040003040002807D00749096B4908490024
:101FB000491C054A116305E00349096B49084900BA
:101FC000014A11637047000000003040012905D12B
:101FD000054A127A0243044B1A7204E0024A127A4A
:101FE0008243014B1A727047400030400146C80FCF
:101FF000C007002808D0094840680840002801D0E0
:10200000012070470020FCE70448008B08400028AE
:1020100001D00120F5E70020F3E700000000304088
:1020200001460448808B0840002801D001207047F9
:102030000020FCE72000304008B507E000F018F968
:10204000C0B200900121684609F0B4F91020FFF7F2
:10205000E7FF0028F2D12020FFF7E2FF002802D09E
:102060002020FFF799FF08BD002905D0054A128BF3
:102070000243044B1A8304E0024A128B8243014B51
:102080001A83704720003040F8B504467648006B4C
:102090000007C00F002806D1206801017348F0F73F
:1020A0006BF8054605E02068C1007048F0F764F859
:1020B00005466802060C6C4820308680F001281A1C
:1020C000401CC003070C3F2F04DD701C86B2781C37
:1020D0008706BF0E644920310F720846007B6021DD
:1020E0008843217949016022114008435E4920312B
:1020F00008735D48007F6021884361794901114080
:1021000008435949087758482030007B0821884304
:10211000A179C900082211400843534920310873AE
:102120005148007F08218843A179C9001140084324
:102130004D490877E07900280ED14B482030007BCC
:10214000022188434849203108734748007F022113
:102150008843454908773FE0E07902281DD142488D
:102160002030007B02218843801C3F4920310873C6
:102170000846007B042188433B49203108733A48D4
:10218000007F02218843801C374908770846007F7A
:1021900004218843344908771EE033482030007B0F
:1021A00002218843801C3049203108730846007B97
:1021B00004218843001D2C49203108732A48007FE0
:1021C00002218843801C284908770846007F0421A3
:1021D0008843001D244908772348006B01214902E8
:1021E0008843217A490201225202114008431E49C4
:1021F00008630846006B89158843217A4910090253
:10220000521011400843184908630846006B9101B9
:102210008843617A89039201114008431249086397
:102220000846006B51008843617A4910C903520087
:10223000114008430C4908630B482030007B1021F3
:102240008843A17A09011022114008430649203130
:1022500008730548007F10218843A17A09011140C5
:10226000084301490877F8BD000030400000127AA9
:1022700001480088C0B2704700003040E1214902A7
:10228000016003210171417100218171C17103213C
:1022900001720021417281727047000010B5012166
:1022A0008020FFF7D5FC024800F006F810BD0000C2
:1022B000FD7F000070470000014908607047000082
:1022C0000000704089084143880A401C7047414320
:1022D000080A292109014843C00A401C7047000030
:1022E000FFB585B00D460FF08FF9044600270C208E
:1022F000029060E020460FF0BFF90646FE2861D04C
:10230000FC2E04D0002E02D0FA2009B0F0BD2046E9
:102310000FF096F984465F49A000401800686A46AD
:10232000030A1370030C5370000E9070641CA0001D
:1023300040180068D070030A1371000C5071641CBF
:10234000A000401800680390FC2E0AD105998C4526
:1023500006D1062229466846FBF7D1F9002804D0A9
:10236000039880080419641C25E0079903988842A3
:1023700019D10622FF216846FBF7D5F9002635E082
:10238000641C4448A1000818016868460BF08AFDE7
:102390000898042280196946FBF7B1F9002824D077
:1023A000B008241A641EA41E20460FF039F90398C1
:1023B00080080419E41C384602997F1C884299D38E
:1023C0008F4210D8344801681320C0010818026BEE
:1023D000C16A406B8918401E091807980C308008A4
:1023E0000019814206D25D208FE7361D0398864290
:1023F000C6D34DE005986946C007C00F001F08709E
:102400002878487068788870A878C87000990006A5
:102410000902090A01432046F2F71AFF002831D1C8
:10242000E978684601702979417069798170FF21E6
:10243000C1700098641C0102FF20090A00060143D4
:102440002046F2F705FF00281CD1641C204607999E
:10245000F2F7FEFE002815D1079800258107890FA5
:102460000E18641C12E0089840190746EFF7EEFEBC
:102470000102F878090A000601432046F2F7E8FE57
:10248000002801D0FB2040E7641C2D1DB542EAD393
:1024900000203AE700000410A0030020F0B5044635
:1024A00088680F460146007B083185B0522810D05D
:1024B0000F250826F888A8425CD3022203A8491DEC
:1024C000FBF727F968468089002853D0082E03D0EF
:1024D0000DE003250426EDE72069400107D420889C
:1024E00039460005000DFFF7D9F8002842D1012137
:1024F000206989068843206168468089F5F780F95C
:10250000010037D068460A8D8089824232D002AA03
:10251000F7F708F800282DD1208832460005000D75
:102520000299F1F7A4FB002824D1F888401B85B25A
:102530000298014620310A468978002902D00129F3
:1025400002D004E0C18B00E0018CA94212D3917942
:10255000890711D521694A030ED40122920411433F
:102560002161E9B201970091828B21880323022027
:1025700005F026F905B0F0BD2146F2F727FC064626
:1025800002982A468169008C70430B18072138464F
:10259000FBF7DAFA0298014620318A78012A00D145
:1025A000C5838979C907E5D0018C826971435118C7
:1025B000002200920191C38B828B20880105090DB6
:1025C000022003F00FFCD5E7F0B50446C88887B0B9
:1025D0000F461646032804D2134600221221042077
:1025E00016E0B968022205A80D31FBF792F868469B
:1025F000808A002814D0F5F703F9010010D068464E
:102600000A8D808A824206D1024633461221032077
:10261000F0F7CEFA74E002AAF6F784FF002805D09E
:102620006846828A122133460120F1E7208802227F
:102630000005000D0299F0F713FD002804D069464B
:102640008A8A33461221E3E7F888C01E85B20298D1
:10265000014620318A78002A02D0012A02D00AE0FD
:10266000C28B00E0028CAA4205D26846828A1221FF
:1026700033460D20CCE78979890714D521698A036F
:1026800011D4CA010FD40122520411432161E9B2CD
:1026900001970091828B21880323022005F090F896
:1026A000692007B0F0BD2146F2F790FB0190029837
:1026B000028C8169019842438B182A4607213846CB
:1026C000FBF742FA0298014620310A46897801292F
:1026D00000D1C583B16813230B7391790125C90714
:1026E0000DD0018C019A8369514359180022009240
:1026F0000191C38B828B2188022003F073FBF5804C
:102700000020CEE7F8B5062632484025056032485D
:1027100000270780A9050920C00641602F4A916063
:10272000016801602E48032104694269601E084364
:102730003946401CFAF7F7FF08F06CF8C1B22046A2
:10274000F1F7D4FFF2F70EF90EF042FA11F030FD76
:10275000244917208881244C20684219014657706B
:10276000FA20886228201070FBF7D6FD012805D1D9
:102770002068102240300178114301700EF0C4FF30
:10278000012805D120688022403001781143017072
:102790002068014640300278324302700020C04376
:1027A0000866FBF7A9F8F1F7A9F8F1F7D9F820685E
:1027B000012120300177072141770120F7F72AF81E
:1027C000FBF7E4FCF1F752F902488038056002217A
:1027D0000160F8BD80E100E0C0000020400000483A
:1027E000C014002000001048A003002030B5194B91
:1027F000047A1B68C268AE331B799D06AD0F04D105
:102800000078042801D000200EE0012030BD155CC6
:10281000002D0BD0401C80B2155C012D08D015187E
:10282000203DED7F281880B2A042F0D3087830BD5B
:10283000401CDD07012480B2002D02D0105CC007CF
:1028400003E09B07F2D5105C80070028EED00C70E7
:10285000ECE70000A0030020FFB597B00C20159016
:10286000142014901D48002500681321C901401848
:10287000C66A1F462C461D7030460EF0FDFEFC2831
:102880000DD0FE2806D014986D1C36181598EDB2A0
:102890008542F1D31798047000201BB0F0BD694643
:1028A00030460EF0D7FE1999E01D884201D9642008
:1028B000F3E7684640780622C1071898C90F01550A
:1028C000641C1898A4B20FA900190231FAF721FF6D
:1028D000A41D3878A4B2401C3870D4E7A0030020AF
:1028E0000A7802704B7843708A788270CA78C27016
:1028F0000B7903714A794271704730B47446641E93
:102900002578641CAB4200D21D46635D5B00E31872
:1029100030BC184738B51A48007A40084000401CBF
:1029200017490872002017490860002409E0FFF7E2
:1029300025F9009069460888002800D003E0601C53
:10294000C4B2032CF3DB00BF68460088202815DBE7
:10295000684600880EF0AAF901200B490870EFF7CD
:10296000D8FB0AE000BFBFF34F8F08480849C86092
:10297000BFF34F8F00BF00BFFEE7F3E7012038BD74
:1029800000002040140000200C0000200400FA0584
:1029900000ED00E002E008C8121F08C1002AFAD1C9
:1029A00070477047002001E001C1121F002AFBD1CF
:1029B00070470000F0B5054600200F46079E059CB5
:1029C000174309D0202905D30127BF03BA4201D8F4
:1029D000914201D94220F0BD194621430AD09C42C0
:1029E000F8D309498C4203D00849A41F8C42F1D284
:1029F000062BEFD3002D03D0022D01D0032DE9D1FA
:102A0000032EE7D8F0BD0000FFFF00007B0C0000A4
:102A1000F8B504460D4616461F46207B4019401E59
:102A2000217B491E884380B20090208861888842BB
:102A300003DB20886188401A04E060882188401AFE
:102A4000A188081A009988420EDBA068C1192A469D
:102A50003046FAF75EFEA1886388009A9818EFF76F
:102A6000A1FB61800020F8BD0120FCE7FFB595B017
:102A70000E46054620210CA8EFF7D0FB002004905D
:102A8000564800270468681EAE34042802D8A0788F
:102A9000C0070BD0062D02D0002D0AD002E0A0788E
:102AA000800703D5E0784006800E0AD0462019B092
:102AB000F0BDA0788007F9D0E0784006800EF5D010
:102AC0000FE0002D0DD0012D20D0022D28D0062D95
:102AD00033D0032D33D0042D37D0002E3BD04220ED
:102AE000E5E70020F8F7DEF90028E0D1E07880077C
:102AF00008D50420694608736846FFF70FFA0220DC
:102B000001F092FB0120E0700020D0E7012EE6D01A
:102B1000042EE4D01F980028E1D10627042008E005
:102B2000012EDCD0042EDAD01F980028D7D105273B
:102B30000220E0700120049010E040200DE0022E01
:102B400001D0032ECBD1082007E0012E01D0042EA6
:102B5000C5D1102001E004272020E07000230BAA3B
:102B600019461E98F2F750FE030002D007F0F2FF5C
:102B700032E01022002107A8FAF7D5FD07A86C461D
:102B8000279B269A1F990FC42B463046189A1799EF
:102B900006F0AEF80300E9D108A8017BC1702598C2
:102BA00003AC049B289A29990FC422AB07CB02924D
:102BB0000091019039460CA8209B219A0EF0EEFD61
:102BC0000300D3D107A8F9F719FB0300CED10120E8
:102BD000F8F768F90300C9D1184668E7A003002098
:102BE00070B51C4613460D46012C03D0022C03D0B1
:102BF000422070BD022200E010221946FAF789FD3A
:102C00002C70002070BD70B5C2B004460D4602AEF7
:102C100001363470200A7070B570280AF0700421F3
:102C200068460171FF214171062181710321C17143
:102C30000C2101728079C11C162201A80EF072FDD0
:102C400042B070BD30B5C1B0044601AD01352C7045
:102C5000200A6870042168460170FF214170042138
:102C600081700D21C1700C2101718078C11C20225E
:102C700068460EF057FD41B030BD000070B50D46FE
:102C800001230446C1061148006803D53122BF2143
:102C90000C4008E0392149014118497CC90601D49A
:102CA000002070BD2E222107890E08180121C902BB
:102CB0004018C06C214600F0C1FD010004D08D8099
:102CC000204600F0A7FDEBE7072070BDA003002021
:102CD00010B5F4F721FD10BDFFB583B005460E46D3
:102CE00014462F4601200290E01C01900698072808
:102CF00002DA002007B0F0BD032E03D012210198A4
:102D000001700AE0B9787A783B7812021A431046CB
:102D1000FFF7DEFF0199087000BF042020700F202C
:102D200060700298C01CA070012020711120607199
:102D3000FD20A0710298801D80B2DBE7FEB56C46D5
:102D4000099E089D20806180A280E3802581314614
:102D50006846F4F7EAFCFEBDFFB587B006460F46AD
:102D60001446354601200690E01C05900A98072875
:102D700002DA00200BB0F0BD287A0930B84203D047
:102D80001221059801701EE028460930297A009129
:102D90000190E879A9790002084303466879297906
:102DA000000208430246E878A9780002084304902C
:102DB000687829780002084303900499FFF7BEFF62
:102DC0000599087000BF042020700F2060700698DD
:102DD000C01CA070012020710D206071FD20A07129
:102DE0000698801D80B2C5E7F7B5C2B00D461646FD
:102DF000002702AC013442982070000A6070A57070
:102E0000002012E08100715A8200E31CD218117078
:102E1000090A5170BF1C8100891949888200D218A3
:102E20009170090AD170BF1C401CA842EADB042142
:102E300068460171FF214171781DC1B268468171F8
:102E40000521C1710C2101728079C11C182201A8D1
:102E50000EF068FC45B0F0BDF7B506469079032149
:102E6000401EC5B2E81C0843401C8308174817469B
:102E70000068F10603D52922BF210E4008E0392160
:102E800049014118097CC90601D40020FEBD262253
:102E90003107890E08180121C9024018C06C31465B
:102EA00000F0CCFC04000FD00198A080A808A0710D
:102EB00023462A46052138460833FAF745FE2146BF
:102EC000304600F0A7FCE0E70720FEBDA00300208D
:102ED00010B5F4F775FC10BDFFB583B006460F467C
:102EE0001446354601200290E01C01900698072800
:102EF00002DA002007B0F0BD062F03D0122101989E
:102F0000017013E068792B79000218430246E878D3
:102F1000AB7800021843014668782B78000218430A
:102F20000090FFF7D5FF0199087000BF04202070C2
:102F30000F2060700298C01CA070012020710C202E
:102F40006071FD20A0710298801D80B2D2E7FFB5AC
:102F5000C1B006460F46154601AC01342670300A52
:102F60006070A770E5702A46201D4499FAF7D1FBDE
:102F7000042168460170FF214170A81DC1B2684656
:102F800081700421C1700C2101718078C11C17224D
:102F900068460EF0C7FB45B0F0BD0000F7B5064629
:102FA00090790321801EC5B2E81C0843401C8308A9
:102FB000184817460068F10603D52822BF210E40A5
:102FC00008E0392149014118097C090701D4002092
:102FD000FEBD25223107890E08180121C9024018BB
:102FE000C06C314600F02AFC040011D00198A0808A
:102FF000B8682346407BA071E5712A460621384611
:103000000833FAF7A1FD2146304600F003FCDEE765
:103010000720FEBDA003002038B56D46049C2A8021
:103020006B8023466A46F4F79BFD38BDFFB585B03B
:1030300006460F461446354601200490E01C0390D6
:103040000898072802DA002009B0F0BDA879C01D51
:10305000B84203D012210398017017E0E81D0090D8
:10306000AB7968792979000208430246E878A978A3
:103070000002084302906878297800020843019012
:103080000299FFF7C9FF0399087000BF0420207060
:103090000F2060700498C01CA070012020711020C7
:1030A0006071FD20A0710498801D80B2CCE7FFB54F
:1030B000C1B006460F461D4601AC01342670300AE9
:1030C0006070A770380AE07043982071000A607140
:1030D000A5712A46E01D4A99FAF71BFB04216846B0
:1030E0000170FF21417028460930C1B268468170E5
:1030F0000C21C17001718078C11C1F2268460EF03E
:1031000011FB45B0F0BD0000F7B582B0064604984B
:1031100003218079401FC5B2E81D0843401C830885
:103120002148F106006803D53022BF210E4009E096
:10313000392149014118497C090702D4002005B012
:10314000F0BD2D223107890E08180121C90240184F
:10315000C06C314600F072FB040022D00498271D99
:103160008168022268460D31FAF7D3FA04980222E8
:10317000816801A80F31FAF7CCFA039838806846C5
:103180000088788068468088B880BD71FB1D2A461B
:1031900009210498FAF7D8FC2146304600F03AFBA2
:1031A000CCE70720CBE70000A0030020F0B5C1B0BA
:1031B00006460C46174601AD01352E70300A687080
:1031C000AC7022463946E81CFAF7A3FA0421684697
:1031D0000170FF214170601DC1B2684681700821F5
:1031E000C1700C2101718078C11C1B2268460EF051
:1031F00099FA41B0F0BD0000F7B506469079032179
:10320000401EC5B2E81C0843401C830816481746F8
:103210000068F10603D52C22BF210E4008E03921B9
:1032200049014118097C090601D40020FEBD29226C
:103230003107890E08180121C9024018C06C3146B7
:1032400000F0FCFA04000DD00198A080A5712A4678
:1032500005213846E31DFAF777FC2146304600F099
:10326000D9FAE2E70720FEBDA003002070B586B0C2
:103270000D46144606466946881C0A9AFFF7B0FCBC
:10328000002805D16B46224629463046F4F76EFDEC
:1032900006B070BDFFB589B006460F4615463446E8
:1032A00001200490E81C03900C98072802DA002003
:1032B0000DB0F0BDA079012801D1022005E0A07970
:1032C000022801D1102000E000200246E11D05A8DF
:1032D000FAF71FFAA079012801D1022005E0A079B0
:1032E000022801D1102000E00020C01DB84203D008
:1032F00012210398017017E005A80090A379607966
:103300002179000208430246E078A17800020843D0
:103310000290607821780002084301900299FFF73B
:10332000A5FF0399087000BF042028700F20687063
:103330000498C01CA870012028710F206871FD201E
:10334000A8710498801D80B2B2E7FFB5C1B00646EF
:103350000F46154601AC01342670300A6070A77024
:10336000E5702A46201D4499FAF7D3F904216846EE
:103370000170FF214170A81DC1B2684681700A2109
:10338000C1700C2101718078C11C1D2268460EF0AD
:10339000C9F945B0F0BD0000F7B5064690790321A4
:1033A000801EC5B2E81C0843401C83081848174615
:1033B0000068F10603D52E22BF210E4008E0392116
:1033C00049014118497C890701D40020FEBD2B2208
:1033D0003107890E08180121C9024018C06C314616
:1033E00000F02CFA040011D00198A080B8682346A0
:1033F000407BA071E5712A46062138460833FAF76A
:10340000A3FB2146304600F005FADEE70720FEBDAB
:10341000A003002070B586B00D46144606466946E6
:10342000881C0A9AFFF7DCFB002805D16B46224670
:1034300029463046F4F7B2FC06B070BDFFB589B03E
:1034400006460F461546344601200490E81C0390BA
:103450000C98072802DA00200DB0F0BDA0790128F1
:1034600001D1022005E0A079022801D1102000E05E
:1034700000200246E11D05A8FAF74BF9A0790128C2
:1034800001D1022005E0A079022801D1102000E03E
:103490000020C01DB84203D012210398017017E02C
:1034A00005A80090A37960792179000208430246BB
:1034B000E078A17800020843029060782178000249
:1034C000084301900299FFF7A5FF0399087000BF18
:1034D000042028700F2068700498C01CA870012078
:1034E00028710E206871FD20A8710498801D80B29B
:1034F000B2E7FFB5C1B006460F46154601AC013430
:103500002670300A6070A770E5702A46201D449925
:10351000FAF7FFF8042168460170FF214170A81DE9
:10352000C1B2684681700621C1700C21017180789A
:10353000C11C192268460EF0F5F845B0F0BD000038
:10354000F7B5064690790321801EC5B2281D0843B1
:10355000401C8308184817460068F10603D52A2244
:10356000BF210E4008E0392149014118097C890634
:1035700001D40020FEBD27223107890E0818012141
:10358000C9024018C06C314600F058F9040011D04F
:103590000198A080B8682346407BA071E5712A4657
:1035A000062138460833FAF7CFFA2146304600F0B4
:1035B00031F9DEE70720FEBDA0030020F0B5C1B061
:1035C00006460C46174601AD01352E70300A68706C
:1035D000AC7022463946E81CFAF79BF8042168468D
:1035E0000170FF214170601DC1B2684681700921E0
:1035F000C1700C2101718078C11C1C2268460EF03C
:1036000091F841B0F0BD0000F7B50646907903216E
:10361000401EC5B2E81C0843401C830816481746E4
:103620000068F10603D52D22BF210E4006E03921A6
:1036300049014118497CC90719D02A223107890E4E
:1036400008180121C9024018C06C314600F0F6F894
:1036500004000ED00198A080A5712A4605213846A5
:10366000E31DFAF771FA2146304600F0D3F8002046
:10367000FEBD0720FEBD0000A0030020F0B5C1B0D4
:1036800006460C46174601AD01352E70300A6870AB
:10369000AC7022463946E81CFAF73BF8042168462C
:1036A0000170FF214170601DC1B268468170072121
:1036B000C1700C2101718078C11C1A2268460EF07D
:1036C00031F841B0F0BD0000F7B50646907903210E
:1036D000401EC5B2E81C0843401C83081648174624
:1036E0000068F10603D52B22BF210E4008E03921E6
:1036F00049014118097C490601D40020FEBD282259
:103700003107890E08180121C9024018C06C3146E2
:1037100000F094F804000DD00198A080A5712A460D
:1037200005213846E31DFAF70FFA2146304600F02E
:1037300071F8E2E70720FEBDA00300207047FFB547
:10374000C1B006460F46509D01AC01342670611C85
:103750003846EEF793FD611D4398EEF78FFD214645
:1037600009314498EEF78AFD21460D314A98EEF76B
:1037700085FD214611314B98EEF780FD214615312C
:103780004C98EEF77BFD214619314D98EEF776FD0A
:1037900021461D314E98EEF771FD214621314F989B
:1037A000EEF76CFD252005552A4620462630519916
:1037B000F9F7AFFF042168460170FF2141702846E8
:1037C0002830C1B2684681700321C17000210171A7
:1037D0008078C11C0022D24368460DF0A3FF45B09B
:1037E000F0BD30B5C1B0044601AD01352C700421E7
:1037F00068460170FF214170032181700121C17071
:10380000002101718078C11C082268460DF08AFFF2
:1038100041B030BD0A46400608D5D0783A280AD2D1
:10382000111D054B80001B581046184790788008E2
:103830008000801C8870704798510610FFB50446C0
:1038400000262C4F83B09C460D46080616D572B64E
:1038500001AB6A466146204607F03EF800280BD0CF
:103860006846818800988278920892008270018070
:103870006180012662B615E062B621E001AB6A46BE
:103880006146204607F028F8002819D0680609D4B8
:103890006846818800988278920892008270018040
:1038A000618001260098AA00817840238907890F4A
:1038B0001A40114381700599C170002E0ED115E098
:1038C0000020009072B6A8060FD401203968C0020B
:1038D0000818816B08221143816362B672B638689A
:1038E000F7224030C1791140C17162B6009807B02B
:1038F000F0BD0000A003002070B504460D4616463A
:1039000032462946204600F001F870BDF0B5064663
:1039100000208DB00D46002A03D007F091FF00284B
:1039200006D1002E03D0002D04D0002428E0002072
:103930000DB0F0BD4220FBE7E000001B295C4719F9
:1039400008467F1C00910AF098FB0028F0D103AADA
:1039500039460098FCF732FD002804D010220021DF
:1039600003A8F9F7E0FE07A8FCF7CEFE07AB03AA11
:103970003946009807F01CFE0028D9D1641CE4B237
:10398000B442D9D3D4E70000FFB52F4CA544074675
:1039900014463D462878C100081A401CC1192B481E
:1039A0006844816201210291A11D0191806B072869
:1039B00004DA0020254C3C34A544F0BD002616E076
:1039C000F000811B681C405CF100891B03AA505465
:1039D000F000801B6A1C8018411CF000801B03AAA9
:1039E0008218531C06221846F9F793FE761C287895
:1039F000B042E5DC2878C100081A801C13496944EC
:103A0000096B884203D01221019801700BE00F4826
:103A10006844806A02782B7803A91846FFF76CFF88
:103A20000199087000BF042020700E206070029879
:103A3000C01CA0700121E170A9212171FC216171DC
:103A40000298801D80B2B5E7D4F1FFFF000E0000A0
:103A500030B5C1B0044601AD01352C70200A687044
:103A6000042168460170FF21417004218170082102
:103A7000C170042101718078C11C102268460DF0CC
:103A800051FE41B030BD10B5FDF7F2FA10BDFEB5E4
:103A900005460E4614461F46029501200190A01DC2
:103AA0000090072F01DA0020FEBD022E03D0122164
:103AB000009801700AE002994A780B7811021943C4
:103AC0000846FFF7E0FF0099087000BF042020704F
:103AD0000E2060700198C01CA0700120E07095203D
:103AE0002071FC2060710198801D80B2DCE730B548
:103AF000C1B0044601AD01352C70200A6870042164
:103B000068460170FF214170042181700321C1705A
:103B1000042101718078C11C0C2268460DF002FE60
:103B200041B030BD70B50D4601230446C1061148B1
:103B3000006803D51822BF210C4008E03921490153
:103B40004118897B090701D4002070BD1522210787
:103B5000890E08180121C9024018C06C2146FFF7E0
:103B60006DFE010004D08D802046FFF753FEEBE789
:103B7000072070BDA003002010B5012903D0022941
:103B800001D0422010BDFDF788FA10BDFFB583B00B
:103B900005460E4614462F4601200290A01D0190B6
:103BA0000698072802DA002007B0F0BD032E03D0E4
:103BB0001221019801700AE0B9787A783B781202F4
:103BC0001A431046FFF7D8FF0199087000BF042080
:103BD00020700E2060700298C01CA0700120E07060
:103BE00089202071FC2060710298801D80B2DBE783
:103BF00000B5C1B0042168460170FF214170022167
:103C000081700521C170042101718078C11C0E22D0
:103C100068460DF087FD41B000BD10B5FCF724FBF0
:103C200010BDF8B50D4614461E460127A01D009094
:103C3000072E01DA0020F8BD002D03D012210098D4
:103C4000017004E0FFF7E9FF0099087000BF04204D
:103C500020700E206070F81CA0700120E07094208D
:103C60002071FC206071B81D80B2E4E710B5F2F756
:103C70001DFA10BDF8B50D4614461E460127A01DBD
:103C80000090072E01DA0020F8BD002D03D012218C
:103C90000098017004E0FFF7E9FF0099087000BF89
:103CA000042020700E206070F81CA0700120E070CD
:103CB00092202071FC206071B81D80B2E4E7FFB54E
:103CC00087B0149F139E119D109C15991698049708
:103CD000039605910690129801950094029007A80A
:103CE0000FC800F002F80BB0F0BDFFB58DB0144660
:103CF00018AAECCA04976F466CC70A46014605A885
:103D0000179B09F089FC00280AD108A84471012CEE
:103D100008D0002C06D0022C04D0032C02D0422064
:103D200011B0F0BD09A8062202301099F9F7F1FC94
:103D300008A916980873C0B20328F0D805A8F1F7AF
:103D400009FBEDE7FFB589B006461546344601206C
:103D50000890E81C07900C98072802DA00200DB0A4
:103D6000F0BD0A98182803D012210798017030E09E
:103D7000E07DA17D00020143607D227D00020243BF
:103D8000E07CA37C00020343607C277C0002384374
:103D90000493059206910390E07BA17B000201430E
:103DA000607B227B00021043E27A00920291019034
:103DB0002279E078A37800021843014660782378DE
:103DC000000218430746631DFFF779FF0799087043
:103DD00000BF042028700F2068700898C01CA870CD
:103DE000012028719C206871FC20A8710898801D12
:103DF00080B2B4E710B5044606F0C0FE082803D030
:103E00002046F1F7D9FA10BD462010BDFEB5054693
:103E10000E4614461F46029501200190A01D0090F9
:103E2000072F01DA0020FEBD012E03D012210098D9
:103E3000017006E002990878FFF7DCFF009908702E
:103E400000BF042020700E2060700198C01CA0707C
:103E50000120E0708F202071FC2060710198801D8E
:103E600080B2E0E7704708B500226B461A7003463F
:103E7000FA226846FEF7F0FC08BD0000FFB5394C99
:103E8000A54415461F460024A91D37486844016211
:103E90000021C161072F04DA0020334C3434A544DB
:103EA000F0BD31486844806A002805D012212E48B0
:103EB0006844006A017046E069462C486844FFF790
:103EC000D2FF29496944096A0870641CE01D8742D1
:103ED00001DA0020E1E724486844017F006A41706C
:103EE000641C002629E0E01D874201D20020D4E7AF
:103EF000F000801B6946095CF000821B1A48684488
:103F0000006A801C8154641C20460C30874201DA10
:103F10000020C2E7F000801B6A468018411CF000B8
:103F2000821B11486844006A801C1218531C062228
:103F30001846F9F7EEFBA41D761C0B486844007F79
:103F40008642D0DB00BF042028700E206870E01C81
:103F5000A8700120E870A3202871FC206871A01DC2
:103F600080B29AE7DCF1FFFF000E00001C0E00009B
:103F700038B5049C022801D9422038BD0094FCF7D2
:103F80006DFF38BDFFB58DB006460F4614460C9642
:103F90001A200B90A51D00210A9107911098202846
:103FA00002DA002011B0F0BD012F02D012202870DB
:103FB0001FE003A800900C98007807AB08AA0AA994
:103FC0000290FFF7D5FF287008A8007A68700622D3
:103FD00008A9A81CF9F79DFB0C9800782872684680
:103FE000007F6872102203A928460A30F9F791FB76
:103FF00000BF042020700E2060700B98C01CA070C1
:104000000120E070A7202071FC2060710B98801DBA
:1040100080B2C7E710B5FDF71FF9002010BDFFB54E
:1040200085B006460F461446049603200390A51D4E
:104030000021029101910898092802DA002009B0B4
:10404000F0BD022F02D01220287011E004994A78A6
:104050000B7811021943084601AA02A9FFF7DAFFFB
:1040600028706846007A687068460079A87000BFBA
:10407000042020700E2060700398C01CA0700120E6
:10408000E07090202071FC2060710398801D80B248
:10409000D5E77CB5069D079C002805D0860705D18D
:1040A000460703D4060701D442207CBD002903D073
:1040B000012901D00229F7D100950194F1F7FCF90B
:1040C0007CBDFFB587B0074614463E4607200690E4
:1040D000A51D00210591049103910A980D2802DA8B
:1040E00000200BB0F0BD0898032802D012202870E1
:1040F00019E003A804A900910190B2787178307892
:1041000005AB0290FFF7C5FF28706846818A697089
:10411000090AA970018AE970090A297181896971FE
:10412000090AA97100BF042020700E206070069853
:10413000C01CA0700120E0708A202071FC206071FA
:104140000698801D80B2CCE700B595B00B460128DB
:1041500004D0002802D0422015B000BD01466A46B6
:104160001846FCF7D7F8F7E7FFB583B005460E46CB
:1041700014462F4601200290A01D019006980728A2
:1041800002DA002007B0F0BD072E03D012210198FB
:10419000017006E03878791CFFF7D6FF01990870A6
:1041A00000BF042020700E2060700298C01CA07018
:1041B0000120E070A4202071FC2060710298801D15
:1041C00080B2DFE770B5C2B004460D4602AE0136DC
:1041D0003470200A7070B570042168460171FF21A7
:1041E0004171052181710A21C17104210172807917
:1041F000C11C372201A80DF095FA42B070BD00B580
:10420000C1B0042168460170FF2141700221817014
:104210000021C170042101718078C11C0922684607
:104220000DF080FA41B000BD10B50446C10611483A
:10423000006803D51522BF210C4006E03921490151
:104240004118897BC90710D012222107890E08184E
:104250000121C9024018C06C00232146FFF7EEFA85
:10426000010004D02046FFF7D5FA002010BD07203A
:1042700010BD0000A003002070B504460D4629467D
:10428000204600F001F870BD10B5002903D00129C7
:1042900001D0422010BDFCF79FFB10BDFFB583B0DD
:1042A00005460E4614462F4601200290A01D01909F
:1042B0000698072802DA002007B0F0BD032E03D0CD
:1042C0001221019801700AE0B9787A783B781202DD
:1042D0001A431046FFF7D0FF0199087000BF042071
:1042E00020700E2060700298C01CA0700120E07049
:1042F000A5202071FC2060710298801D80B2DBE750
:1043000070B5C2B004460D4602AE01363470200AC4
:104310007070B11C2846EDF7B1FF042168460171A9
:10432000FF214171082181710921C17104210172AC
:104330008079C11C362201A80DF0F4F942B070BD9D
:1043400070B50E4602230446C106124815460068A1
:1043500003D51E22BF210C4008E039214901411834
:10436000C97B890601D4002070BD1B222107890E5C
:1043700008180121C9024018C06C2146FFF75EFAF7
:10438000010005D08E8020468D60FFF743FAEAE7F2
:10439000072070BDA0030020F0B5C1B005460E4651
:1043A000174601AC01342570280A6070A670E770CA
:1043B000042168460170FF214170062181700121AE
:1043C000C170042101718078C11C0A2268460DF079
:1043D000A9F941B0F0BD0000F8B51D460F46012314
:1043E0000446C10612481646006803D51622BF21AE
:1043F0000C4008E0392149014118897B890701D423
:104400000020F8BD13222107890E08180121C902D6
:104410004018C06C2146FFF711FA010006D08F80CA
:104420008E71CD712046FFF7F5F9E9E70720F8BD59
:10443000A003002030B5C1B0044601AD01352C7099
:10444000200A6870042168460170FF214170042130
:1044500081700221C170042101718078C11C0B227E
:1044600068460DF05FF941B030BD0000044A10B558
:10447000914201D9422010BDFCF712FD10BD000091
:104480003F420F00FFB583B005460E4614462F4647
:1044900001200290A01D01900698072802DA002052
:1044A00007B0F0BD062E03D01221019801700EE076
:1044B000B81CEDF7CBFE009079783A7809021143E9
:1044C00008460099FFF7D2FF0199087000BF042049
:1044D00020700E2060700298C01CA0700120E07057
:1044E00088202071FC2060710298801D80B2D7E77F
:1044F00070B504460D462946204600F001F870BD0F
:1045000010B5042901D9422010BDFCF77FFA10BD77
:10451000FFB583B005460E4614462F460120029093
:10452000A01D01900698072802DA002007B0F0BD10
:10453000032E03D01221019801700AE0B9787A782D
:104540003B7812021A431046FFF7D2FF0199087018
:1045500000BF042020700E2060700298C01CA07064
:104560000120E070A6202071FC2060710298801D5F
:1045700080B2DBE7FFB5C1B006460F46154601AC79
:10458000013426706770A5702A46E01C4499F9F73B
:10459000C0F8042168460170FF214170681DC1B256
:1045A000684681700721C170042101718078C11CA7
:1045B0000F2268460DF0B6F845B0F0BDF8B5891E7B
:1045C000CDB20646A81C03210843401C83081748A7
:1045D00017460068F10603D51C22BF210E4008E0F3
:1045E000392149014118897B090601D40020F8BD11
:1045F00019223107890E08180121C9024018C06C20
:104600003146FFF71BF904000ED039782171797813
:104610006171A5712A46B91CE01DF9F77AF82146A7
:104620003046FFF7F7F8E1E70720F8BDA0030020C8
:1046300010B5002803D0012801D0422010BDFBF79F
:10464000D7FF10BDFFB583B005460E4614462F4672
:1046500001200290A01D01900698072802DA002090
:1046600007B0F0BD072E03D012210198017006E0BB
:104670003878791CFFF7DCFF0199087000BF04202F
:1046800020700E2060700298C01CA0700120E070A5
:10469000AA202071FC2060710298801D80B2DFE7A3
:1046A00010B5F1F7E5F910BDFFB585B006460F4628
:1046B0001446049607200390A51D08980D2802DAD9
:1046C000002009B0F0BD062F02D0122028700AE0A9
:1046D00001A90498FFF7E4FF2870062201A9681CCD
:1046E000F9F717F800BF042020700E2060700398BF
:1046F000C01CA0700120E070A0202071FC2060711F
:104700000398801D80B2DCE770B504460D4629464B
:10471000204600F001F870BD10B50122FCF7B6F993
:1047200010BDFFB583B005460E4614462F46012046
:104730000290E01C01900698072802DA002007B0DA
:10474000F0BD032E03D01221019801700AE0B97860
:104750007A783B7812021A431046FFF7D5FF019989
:10476000087000BF042020700F2060700298C01CE9
:10477000A070012020719F206071FC20A071029820
:10478000801D80B2DBE70000FFB583B003980C9D6D
:104790001E4614460F46002804D0012802D04220AD
:1047A00007B0F0BD002F01D0012FF8D1E81F0A2873
:1047B000F5D20D981028F2D8A842F0D30E98002810
:1047C00001D00128EBD114490F988842E7D81098FE
:1047D000002801D00128E2D10CF096FF012804D076
:1047E0002046304305D01120DAE7022CD7D8012E1D
:1047F000D5D868460399017047708472C672857077
:104800000D99C1700E9901720F9801906846109928
:104810004172FCF7C5FEC3E73F420F00FFB589B008
:1048200006460F461546344601200890A81D0790FD
:104830000C98072802DA00200DB0F0BD0C2F03D031
:1048400012210798017017E0E01DEDF7FFFC0690BC
:10485000E07AA27963790699019302920391049018
:1048600020790090E378A278617820780590FFF7AE
:104870008BFF0799087000BF042028700E20687015
:104880000898C01CA8700120E87086202871FC20C0
:1048900068710898801D80B2CEE710B5002903D05A
:1048A000012901D0422010BDFCF78EFE10BDFFB5DE
:1048B00083B005460E4614462F4601200290A01DE7
:1048C00001900698072802DA002007B0F0BD032EF9
:1048D00003D01221019801700AE0B9787A783B7808
:1048E00012021A431046FFF7D8FF0199087000BF63
:1048F000042020700E2060700298C01CA07001205F
:10490000E07087202071FC2060710298801D80B2C9
:10491000DBE7F0B585B08C46864600250A9F0C9EE5
:104920000B990D982C46022A04D0032A02D042206B
:1049300005B0F0BD002F00D00C46002E00D005467B
:10494000614670460097029603950194F1F7A9F825
:10495000EEE70000FFB5374CA544154636486844DD
:10496000C46BA079C11D34486844C46B0F19012180
:104970000791A91D0691806C072804DA00202E4CAF
:104980004C34A544F0BD002616E0F000811B781CD5
:10499000405CF100891B08AA5054F000801B7A1C6F
:1049A0008018411CF000801B08AA8218531C0622A4
:1049B0001846F8F7AEFE761C3878B042E5DCA079F0
:1049C00008303978CA00511A41181B486844006CF5
:1049D000814203D01221069801701AE008A93878A4
:1049E000E21DA379009301920391029063792279E9
:1049F000E178A078090201430591617820780902E5
:104A00000143049105990498FFF783FF0699087004
:104A100000BF042028700E2068700798C01CA87082
:104A20000121E970A1212971FC2169710798801D7C
:104A300080B2A4E7C4F1FFFF000E00007CB5069D24
:104A4000079C012903D0042901D042207CBD012A02
:104A500001D0002AF9D100950194F1F746F87CBD08
:104A6000FFB585B006460F46144635460120049032
:104A7000A01D03900898072802DA002009B0F0BDB5
:104A80000D2F03D012210398017014E0297BEA7ADC
:104A9000080210430146AA7A6B7A1002184301916A
:104AA0000090AA7869782878EB1C0290FFF7C6FF7F
:104AB0000399087000BF042020700E2060700498D5
:104AC000C01CA0700120E07084202071FC20607167
:104AD0000498801D80B2D1E7FFB587B0109D159E68
:104AE000169C01930295009407A807C81F463346F9
:104AF000FDF760FF00280ED11398149903AA0694BD
:104B000043C21198129901900095029107A807C815
:104B10003B46F1F702F80BB0F0BDFFB58DB006468D
:104B200015463446E07908308719E079093039783C
:104B3000401880190C9001200B90A81D0A90109825
:104B4000072802DA002011B0F0BDE0790930397889
:104B50004018001D0E99884203D012210A98017056
:104B600029E00C98C17882780802104301460C981D
:104B700042780378100218437A1C3B78039304921E
:104B80000691059021460831E079A27900920291C0
:104B9000019063792179E078090201430A46A178FE
:104BA000607809020143099120780890FFF794FF8B
:104BB0000A99087000BF042028700E2068700B98B6
:104BC000C01CA8700120E87083202871FC20687147
:104BD0000B98801D80B2B6E701B5064869460268A9
:104BE0003920400109781018817369464978C173EA
:104BF000002008BDA0030020FEB505460E46144661
:104C00001F46029501200190A01D0090072F01DA98
:104C10000020FEBD022E03D01221009801700AE090
:104C200002994A780B78110219430846FFF7D4FF1E
:104C30000099087000BF042020700E206070019859
:104C4000C01CA0700120E07091202071FC206071D8
:104C50000198801D80B2DCE710B5042801D94220FC
:104C600010BDFCF7CFFC10BDFEB505460E46144640
:104C70001F46029501200190A01D0090072F01DA28
:104C80000020FEBD012E03D012210098017006E025
:104C900002990878FFF7E0FF0099087000BF042030
:104CA00020700E2060700198C01CA0700120E07080
:104CB00085202071FC2060710198801D80B2E0E7A2
:104CC000FFB587B0109D159E169C01930295009428
:104CD00007A807C81F463346FDF76CFE00280ED113
:104CE0001398149903AA069443C21198129901903B
:104CF0000095029107A807C83B46F0F72BFF0BB0C1
:104D0000F0BDFFB58DB0064615463446E079083053
:104D10008719E07909303978401880190C90012002
:104D20000B90E81C0A901098072802DA002011B0B6
:104D3000F0BDE079093039784018001D0E9988429D
:104D400003D012210A98017029E00C98C17882786A
:104D50000802104301460C98427803781002184369
:104D60007A1C3B7803930492069105902146083102
:104D7000E079A27900920291019063792179E0783B
:104D8000090201430A46A1786078090201430991AA
:104D900020780890FFF794FF0A99087000BF04205C
:104DA00028700F2068700B98C01CA8700120287113
:104DB00082206871FC20A8710B98801D80B2B6E734
:104DC00010B5022803D0032801D0422010BDF0F70F
:104DD000EBFE10BDFFB583B005460E4614462F46C8
:104DE00001200290A01D01900698072802DA0020F9
:104DF00007B0F0BD022E03D012210198017006E029
:104E000079783878FFF7DCFF0199087000BF04203B
:104E100020700E2060700298C01CA0700120E0700D
:104E20008B202071FC2060710298801D80B2DFE72A
:104E300010B5F0F7CFFE040002D10120F0F7BCFA64
:104E4000204610BDF8B50D4614461E460127A01D8C
:104E50000090072E01DA0020F8BD002D03D01221AA
:104E60000098017004E0FFF7E3FF0099087000BFAD
:104E7000042020700E206070F81CA0700120E070EB
:104E800081202071FC206071B81D80B2E4E77CB500
:104E9000079D069C012807D8022B05D8102C03D8A3
:104EA000012903D0002901D042207CBD0195009446
:104EB000FCF70EF87CBDFFB585B006460F461446DC
:104EC000354601200490A01D03900898072802DAB7
:104ED000002009B0F0BD1A2F03D0122103980170F1
:104EE0000EE028460A30697A009101902B7A6978A1
:104EF0002878AA1C0290FFF7CAFF0399087000BF28
:104F0000042020700E2060700498C01CA070012046
:104F1000E070A8202071FC2060710498801D80B290
:104F2000D7E710B5002B03D0032B01D0422010BDD2
:104F3000F0F766FE10BDFFB585B006460F46144675
:104F4000354601200490A01D03900898072802DA36
:104F5000002009B0F0BD062F03D012210398017084
:104F600011E06B792A79E878A97800020843029069
:104F7000687829780002084301900299FFF7D1FF71
:104F80000399087000BF042020700E206070049800
:104F9000C01CA0700120E0708C202071FC2060718A
:104FA0000498801D80B2D4E700B5C1B004216846E2
:104FB0000170FF214170022181700421C1700171D3
:104FC0008078C11C0D2268460CF0ACFB41B000BDDE
:104FD00010B5FBF7F5FE10BDFEB505460E461446AE
:104FE0001F46029501200190E01C0090072F01DA76
:104FF0000020FEBD022E03D01221009801700AE0AD
:1050000002994A780B78110219430846FFF7E0FF2E
:105010000099087000BF042020700F206070019874
:10502000C01CA070012020718D206071FC20A07137
:105030000198801D80B2DCE7FFB587B0149F139EF6
:10504000119D109C1599169804970396059106904A
:10505000129801950094029007A80FC800F002F87A
:105060000BB0F0BDF0B58DB09C4613ABF0CB08ABE8
:105070001A7301AAF0C2129A00920A4601466346C8
:1050800005A808F0C9FA002804D105AA18991798AC
:10509000F0F7CEFD0DB0F0BDFFB5414CA54415466F
:1050A00040486844446C01210991E91C0891006D55
:1050B000072804DA00203B4C5434A544F0BD0026F8
:1050C00017E0F000811B20461230405CF100891B84
:1050D0000AAA5054F200921B23461233D218511CD4
:1050E000F200921B0AABD218501C0622F8F711FBF3
:1050F000761C607CB042E4DC607CC100081A12308F
:1051000028496944896C884203D0122108980170AB
:1051100035E00AAA617C237CE77B1802384303460A
:10512000A77B607B3F02384304930692059103906E
:10513000217BE27A080210430146A27A637A1002C8
:1051400018430246237AE779180238430192029104
:105150000090A77960793F02384303462279E078CE
:10516000A778000238430146677820783F0207435A
:1051700038460797FFF760FF0899087000BF0420C2
:1051800028700F2068700998C01CA870012129712F
:1051900099216971FC21A9710998801D80B28AE763
:1051A000BCF1FFFF000E0000FFB583B004460D46C2
:1051B0000E9F0C9E0D98029700960190294620465E
:1051C000069B059A00F002F807B0F0BDF0B589B073
:1051D0000EAF70CF04AF03976F4670C706F078FC30
:1051E000002802D104A8F0F7A5F809B0F0BDFFB57A
:1051F00087B006460F461446354601200690E01C4F
:1052000005900A98072802DA00200BB0F0BD0E2F97
:1052100003D012210598017028E0687B297B0002E9
:105220000143E87AAA7A00020243687A2B7A0002E4
:105230001843019202910090E879A979000208438D
:10524000034668792979000208430246E878A9787C
:10525000000208430490687829780002084303900C
:105260000499FFF7A1FF0599087000BF0420207082
:105270000F2060700698C01CA070012020719E2035
:105280006071FC20A0710698801D80B2BDE7FFB55B
:1052900083B004460D4616460C9F0D98009701906A
:1052A000324629462046069B00F002F807B0F0BDC2
:1052B00030B585B0009313460A46089D099C014607
:1052C0000195029403A80BF0D9FA002803D12146D6
:1052D00003A8F0F707FD05B030BDFFB587B006465F
:1052E0000F461446354601200690E01C05900A98AA
:1052F000072802DA00200BB0F0BD082F03D01221DE
:105300000598017015E0E879A979009101906B7911
:105310002979E878090201430A46A97868780902E0
:105320000143049128780390FFF7B1FF05990870B5
:1053300000BF042020700F2060700698C01CA07071
:10534000012020719A206071FC20A0710698801DB8
:1053500080B2D0E7F8B504460D4616461F463B46D8
:1053600032462946204600F001F8F8BD10B5F0F7A6
:10537000E7FC10BDFFB585B006460F46144635461E
:1053800001200490E01C03900898072802DA00200E
:1053900009B0F0BD062F03D012210398017011E06F
:1053A0006B792A79E878A978000208430290687836
:1053B00029780002084301900299FFF7CBFF039977
:1053C000087000BF042020700F2060700498C01C7B
:1053D000A0700120207197206071FC20A0710498BA
:1053E000801D80B2D4E7F8B504460D4616461F4628
:1053F0003B4632462946204600F001F8F8BD10B57C
:10540000F0F7C2FC10BDFFB585B006460F46144646
:10541000354601200490E01C03900898072802DA22
:10542000002009B0F0BD062F03D0122103980170AF
:1054300011E06B792A79E878A97800020843029094
:10544000687829780002084301900299FFF7CBFFA2
:105450000399087000BF042020700F20607004982A
:10546000C01CA0700120207196206071FC20A071EA
:105470000498801D80B2D4E7FFB587B0149F139EB7
:10548000119D109C15991698049703960591069006
:10549000129801950094029007A80FC800F002F836
:1054A0000BB0F0BDFFB58DB0144618AAECCA049736
:1054B0006F466CC70A46014605A8179B08F0ACF872
:1054C00000280AD108A84471012C08D0002C06D06D
:1054D000022C04D0032C02D0422011B0F0BD09A848
:1054E000062202301099F8F714F908A916980873E3
:1054F00005A8F0F76DFCF0E7FFB589B00646154644
:10550000344601200890E81C07900C98072802DA1E
:1055100000200DB0F0BD0A98182803D0122107987A
:10552000017030E0E07DA17D00020143607D227DBD
:1055300000020243E07CA37C00020343607C277CE2
:10554000000238430493059206910390E07BA17B0F
:1055500000020143607B227B00021043E27A00924A
:10556000029101902279E078A37800021843014665
:1055700060782378000218430746631DFFF77CFF1D
:105580000799087000BF042028700F2068700898E1
:10559000C01CA8700120287198206871FC20A87197
:1055A0000898801D80B2B4E7FFB583B004460D466D
:1055B00016460C9F0D9800970190324629462046CA
:1055C000069B00F002F807B0F0BD7CB56C46079E64
:1055D000069D2080618022716371A571E671684625
:1055E000F0F71EFC7CBDFFB587B006460F4614469B
:1055F000354601200690E01C05900A98072802DA3B
:1056000000200BB0F0BD082F03D0122105980170C7
:1056100015E0E879A979009101906B792A79E87809
:10562000A9780002084304906878297800020843AA
:1056300003900499FFF7B8FF0599087000BF042094
:1056400020700F2060700698C01CA070012020718F
:10565000A2206071FC20A0710698801D80B2D0E766
:10566000FFB585B00EACF0CC03970296019500947F
:1056700005A80FC800F002F809B0F0BDF0B585B07C
:105680000A9E009313460B9C0A460C9F01460D9DF3
:105690000196029403A80BF0F1F8002805D12346E7
:1056A00003AA29463846F0F7F5FB05B0F0BD000027
:1056B000FFB5354CA544074615463C4601210791E8
:1056C000E91C069131486844806C072804DA002000
:1056D0002E4C4C34A544F0BD002618E0F000811B90
:1056E00020460930405CF100891B08AA5054F000A4
:1056F000801B224609328018411CF000801B08AA3A
:105700008218531C06221846F8F703F8761C207AF4
:10571000B042E3DC207AC100081A09301B49694411
:10572000096C884203D01221069801701BE008A979
:10573000207AE279A3790093019203910290637930
:105740002179E078090208430246A17860780902CD
:10575000014305912178049105990498FFF780FF92
:105760000699087000BF042028700F206870079801
:10577000C01CA870012129719B216971FC21A971AC
:105780000798801D80B2A3E7C4F1FFFF000E000060
:1057900010B5F0F711FC10BD10B50446204600F01E
:1057A00001F810BD10B5F0F7C1FB10BDFEB5054600
:1057B0000E4614461F46029501200190A01D009040
:1057C000072F01DA0020FEBD012E03D01221009820
:1057D000017006E002990878FFF7DEFF0099087073
:1057E00000BF042020700E2060700198C01CA070C3
:1057F0000120E0709D202071FC2060710198801DC7
:1058000080B2E0E7FFB583B005460E4614462F464A
:1058100001200290E01C01900698072802DA00207F
:1058200007B0F0BD032E03D01221019801700AE0E9
:10583000B9787A783B7812021A431046FFF7A8FF2E
:105840000199087000BF042020700F20607002983A
:10585000C01CA0700120207193206071FC20A071F9
:105860000298801D80B2DBE710B51F2801D94220C5
:1058700010BDF0F7A5FB10BDFFB583B006460F467F
:105880001446354601200290A01D01900698072875
:1058900002DA002007B0F0BD2878401CB84203D0DF
:1058A00012210198017006E02878691CFFF7DCFFDF
:1058B0000199087000BF042020700E2060700298CB
:1058C000C01CA0700120E0708E202071FC2060714F
:1058D0000298801D80B2DDE7F0B587B01C460B460C
:1058E000054600A9023101A80C9F0D9EFDF778F92D
:1058F00000280ED16846058084828775C6750E998A
:1059000001760F9941761099817669461198F0F7E2
:105910008FFF07B0F0BDF0B58BB09C460C46054636
:105920001346624601A806A9139F179EFDF758F972
:10593000002816D11298079068460580448008A870
:10594000077014994170159981701699C17006718C
:105950006846119981821099C18269461898F0F7BA
:10596000B7FE0BB0F0BDFFB593B01546139C207980
:10597000012801D1022005E02079022801D1102060
:1059800000E00020401D139946182079012801D11C
:10599000022005E02079022801D1102000E000203B
:1059A000C01D7178411813980F1803200E90A81D80
:1059B0000D9000200C901698092802DA002017B0EC
:1059C000F0BD2079012801D1022005E020790228CC
:1059D00001D1102000E000200246611D0FA8F7F75A
:1059E00098FE2079012801D1022005E020790228C3
:1059F00001D1102000E00020C01D71784018401D2A
:105A00001499884203D012210D98017029E00CAB43
:105A10003879F978BA7808930592069107907878E2
:105A20003978B21C73780193029203910490307814
:105A300000902279E078A178000208430B9060780A
:105A40002178000208430FAB0A900B99FFF763FF20
:105A50000D9908706846018E0D984170090A817091
:105A600000BF042028700E2068700E98C01CA8701B
:105A70000120E87005202871FD2068710E98801DB6
:105A800080B29CE7FFB58FB015460F9CA078012827
:105A900001D1022005E0A078022801D1102000E009
:105AA0000020C01C0F99461803200A90AF1D00204B
:105AB00009901298092802DA002013B0F0BDA078EE
:105AC000012801D1022005E0A078022801D1102090
:105AD00000E000200246E11C0BA8F7F71AFEA078B0
:105AE000012801D1022005E0A078022801D1102070
:105AF00000E000200A301099884202D0122038704D
:105B000022E009ABB0797179327905930292039161
:105B10000490F078B17800910190707831780002AB
:105B200008430346A0780890607821780002084373
:105B30000BAA07900899FFF7CFFE38706846818C52
:105B40007970090AB97000BF042028700E206870AF
:105B50000A98C01CA8700120E87004202871FD205C
:105B600068710A98801D80B2A7E770B586B01446A8
:105B70001D460A4603466946881C0A9EFDF730F812
:105B8000002804D1012C04D0022C02D0422006B0FF
:105B900070BD23462A4669463046F1F793F8F6E78A
:105BA000FFB589B00646144635462878012801D14C
:105BB000022005E02878022801D1102000E0002012
:105BC000401C8019089003200390A71D002002901C
:105BD0000C98092802DA00200DB0F0BD28780128C1
:105BE00001D1022005E02878022801D1102000E030
:105BF00000200246691C04A8F7F78BFD28780128CD
:105C000001D1022005E02878022801D1102000E00F
:105C10000020C01C0A99884202D01220387010E07F
:105C200002A80090089843780278287804A9019087
:105C3000FFF79BFF3870684601897970090AB970CF
:105C400000BF042020700E2060700398C01CA0705C
:105C50000120E07002202071FD2060710398801DFA
:105C600080B2B9E710B500221146F1F7E1F810BD96
:105C7000FEB505460E4614461F46029501200190CA
:105C8000A01D0090072F01DA0020FEBD022E03D0D8
:105C90001221009801700AE002994A780B781102EB
:105CA00019430846FFF7DEFF0099087000BF042083
:105CB00020700E2060700198C01CA0700120E07060
:105CC00027202071FD2060710198801D80B2DCE7E3
:105CD000FFB5FFB08AB006461D46929F3B462A4656
:105CE00030468A99EDF7D4FD002802D07FB00EB07F
:105CF000F0BD02AC03342670300A60708A98A07040
:105D0000000AE07000202071607167E0012040020D
:105D1000854201D8284601E001204002A071000A16
:105D2000E071E079A3790002184302466079237993
:105D300000021843C11920460830F7F7EAFC102189
:105D400068460171FF2141710C2181710121C171EE
:105D50000C210172E079A17900020843C1B26846C2
:105D60004172E079A1790002084300126946887205
:105D7000E079A17900020843281A85B2002D09D0E4
:105D800060792179000208430121C9030843207189
:105D9000000A6071E079A279000210436A469279A4
:105DA0008018C01C81B2142201A80BF0BBFC6079E2
:105DB0002179000208430121C90388432071000AA8
:105DC00060716079217900020843E179A2790902C2
:105DD0001143401880B22071000A6071002D95D1E6
:105DE00000BF83E7FFB50F460646D81D03210843D1
:105DF0001D46401C8308184881B00068F10603D591
:105E00002522BF210E4006E0392149014118097CB5
:105E1000C9071CD022223107890E08180121C902A6
:105E20004018C06C3146FDF709FD040012D0A78070
:105E30000399E1800A992181204665810C302A4628
:105E40000B99F7F766FC21463046FDF7E3FC00208E
:105E500005B0F0BD0720FBE7A003002010B5F1F767
:105E600084F910BDFEB505460E4614461F46029540
:105E700001200190A01D0090072F01DA0020FEBD37
:105E8000022E03D01221009801700AE002994A788C
:105E90000B78110219430846FFF7E0FF00990870DC
:105EA00000BF042020700E2060700198C01CA070FC
:105EB0000120E07025202071FD2060710198801D77
:105EC00080B2DCE710B5F1F773F910BDFFB583B010
:105ED00005460E4614462F4601200290A01D019053
:105EE0000698072802DA002007B0F0BD042E03D080
:105EF0001221019801700EE0FA78BB7812021A4361
:105F000011467A783B7812021A431046FFF7DAFFFF
:105F10000199087000BF042020700E206070029864
:105F2000C01CA0700120E07007202071FD2060716E
:105F30000298801D80B2D7E710B5F1F781F910BD46
:105F4000FFB583B005460E4614462F460120029049
:105F5000A01D01900698072802DA002007B0F0BDC6
:105F6000042E03D01221019801700EE0FA78BB785C
:105F700012021A4311467A783B7812021A431046ED
:105F8000FFF7DAFF0199087000BF042020700E208F
:105F900060700298C01CA0700120E0700920207180
:105FA000FD2060710298801D80B2D7E710B5F1F72F
:105FB0007BF910BDFEB505460E4614461F460295F8
:105FC00001200190A01D0090072F01DA0020FEBDE6
:105FD000022E03D01221009801700AE002994A783B
:105FE0000B78110219430846FFF7E0FF009908708B
:105FF00000BF042020700E2060700198C01CA070AB
:106000000120E07008202071FD2060710198801D42
:1060100080B2DCE710B50A460121F0F709FF10BD98
:10602000FFB583B005460E4614462F460120029068
:10603000A01D01900698072802DA002007B0F0BDE5
:10604000032E03D01221019801700AE0B9787A7802
:106050003B7812021A431046FFF7DCFF01990870E3
:1060600000BF042020700E2060700298C01CA07039
:106070000120E0702D202071FD2060710298801DAC
:1060800080B2DBE710B5F1F731FA10BDFFB583B090
:1060900006460F461446354601200290E01C01904A
:1060A0000698072802DA002007B0F0BD062F03D0BB
:1060B00012210198017013E068792B7900021843CE
:1060C0000246E878AB7800021843014668782B78DE
:1060D000000218430090FFF7D5FF0199087000BF38
:1060E000042020700F2060700298C01CA070012056
:1060F000207117206071FD20A0710298801D80B270
:10610000D2E710B5F1F730F910BDFFB583B0064600
:106110000F461446354601200290E01C0190069877
:10612000072802DA002007B0F0BD062F03D01221A5
:106130000198017013E068792B7900021843024638
:10614000E878AB7800021843014668782B780002A3
:1061500018430090FFF7D5FF0199087000BF042095
:1061600020700F2060700298C01CA0700120207168
:1061700015206071FD20A0710298801D80B2D2E7C9
:1061800010B5F1F727F910BDFEB505460E461446C9
:106190001F46029501200190E01C0090072F01DAB4
:1061A0000020FEBD022E03D01221009801700AE0EB
:1061B00002994A780B78110219430846FFF7E0FF6D
:1061C0000099087000BF042020700F2060700198B3
:1061D000C01CA0700120207112206071FD20A071F0
:1061E0000198801D80B2DCE770B586B00D4614467C
:1061F00006466946881C0A9AFCF7F2FC002805D17D
:106200006B46224629463046F1F71AF906B070BDB2
:10621000FFB589B006460F46154634460120049066
:10622000E81C03900C98072802DA00200DB0F0BD9E
:10623000A079012801D1022005E0A079022801D12E
:10624000102000E000200246E11D05A8F7F761FAE2
:10625000A079012801D1022005E0A079022801D10E
:10626000102000E00020C01DB84203D01221039886
:10627000017017E005A80090A379607921790002E8
:1062800008430246E078A178000208430290607853
:1062900021780002084301900299FFF7A5FF0399B6
:1062A000087000BF042028700F2068700498C01C7C
:1062B000A8700120287116206871FD20A87104982B
:1062C000801D80B2B2E710B586B00B460446694621
:1062D000881CFCF785FC002803D169462046F1F7AD
:1062E0003BF906B010BDFFB587B006460F46144611
:1062F000354601200290E01C01900A98072802DA36
:1063000000200BB0F0BDA878012801D1022005E0E3
:10631000A878022801D1102000E000200246E91CE4
:1063200003A8F7F7F6F9A878012801D1022005E0C3
:10633000A878022801D1102000E00020C01CB8423B
:1063400003D01221019801700BE0A97868782A78AF
:1063500000021043034603AAFFF7B5FF0199087036
:1063600000BF042020700F2060700298C01CA07035
:106370000120207113206071FD20A0710298801D02
:1063800080B2BEE7FFB5C1B006460F46154601AC68
:1063900001342670300A6070A770380AE0702571E9
:1063A0002A46601D4499F7F7B4F904216846017044
:1063B000FF214170E81DC1B2684681701221C17091
:1063C0000C2101718078C11C252268460BF0AAF9C6
:1063D00045B0F0BDFFB59B1E0646DDB2681D03212A
:1063E0000843401C83081B4881B000681746F1062B
:1063F00003D53622BF210E4009E039214901411859
:10640000897C890702D4002005B0F0BD3322310712
:10641000890E08180121C9024018C06C3146FDF7E9
:106420000DFA040014D00298A0800A9823468068D0
:106430002A460830C0190079E0802572B91D093359
:106440000A98F7F781FB21463046FDF7E3F9DAE7D2
:106450000720D9E7A0030020FFB5C1B005460E46CE
:10646000174601AC01342570280A6070A670E770E9
:10647000390A217144986071042168460170FF2136
:106480004170082181701121C1700C210171807847
:10649000C11C242268460BF045F945B0F0BD000050
:1064A000F8B5044690680F4601461546467B0E3106
:1064B00002226846F7F72DF9A8680223057C1548E3
:1064C000E10603D53522BF210C4009E039220168DD
:1064D00052018918497C090601D40020F8BD3222F6
:1064E00021070068890E08180121C9024018C06CF4
:1064F0002146FDF7A3F9010009D08F808E716A460D
:1065000012880A818D722046FDF784F9E5E707209D
:10651000F8BD0000A003002010B5F1F773F810BD1E
:10652000FEB505460E4614461F4602950120019011
:10653000E01C0090072F01DA0020FEBD022E03D0E0
:106540001221009801700AE002994A780B78110232
:1065500019430846FFF7E0FF0099087000BF0420C8
:1065600020700F2060700198C01CA0700120207165
:106570000B206071FD20A0710198801D80B2DCE7C6
:1065800010B5F1F7E7F810BDFFB583B006460F462A
:106590001446354601200290E01C01900698072819
:1065A00002DA002007B0F0BD062F03D012210198B7
:1065B000017013E068792B79000218430246E878ED
:1065C000AB7800021843014668782B780002184324
:1065D0000090FFF7D5FF0199087000BF04202070DC
:1065E0000F2060700298C01CA07001202071142040
:1065F0006071FD20A0710298801D80B2D2E7F0B5D5
:1066000087B0064614460D4602A8811E0D9F0C9ABF
:10661000FCF7E6FA002807D16846068045808480AA
:1066200069463846F1F7C4F907B0F0BDFFB58BB045
:10663000074615463C4603200690AE1D00200590F7
:106640000E98092802DA00200FB0F0BDA0790128C9
:1066500001D1022005E0A079022801D1102000E03C
:1066600000200246E11D07A8F7F753F8A07901289A
:1066700001D1022005E0A079022801D1102000E01C
:106680000020C01D0C99884202D0122030701DE0FD
:1066900005A807A900910190A379607921790002EA
:1066A00008430246E078A17800020843049060782D
:1066B00021780002084303900499FFF7A0FF30708F
:1066C0006846818A7170090AB17000BF0420287081
:1066D0000E2068700698C01CA8700120E870032086
:1066E0002871FD2068710698801D80B2ACE7FFB567
:1066F000C1B006460F46154601AC01342670300A7B
:106700006070A770380AE07025712A46601D4499B0
:10671000F6F7FFFF042168460170FF214170E81D74
:10672000C1B2684681700E21C1700C210171807860
:10673000C11C212268460AF0F5FF45B0F0BD0000FB
:10674000F7B5064690799168C01E82B01746C5B26B
:10675000022268460D31F6F7DCFF681D032108436D
:10676000401C83081948F10603D53222BF210E4090
:106770000AE03922016852018918497C890602D44D
:10678000002005B0F0BD2F2231070068890E0818DF
:106790000121C9024018C06C3146FDF74FF80400D2
:1067A00011D00398A08068460088E08023462572B7
:1067B0002A46072138460933F7F7C6F921463046FD
:1067C000FDF728F8DCE70720DBE70000A003002046
:1067D00010B5F1F713FD10BDF8B50D4614461E4671
:1067E0000127A01D0090072E01DA0020F8BD002D22
:1067F00003D012210098017004E0FFF7E9FF00992F
:10680000087000BF042020700E206070F81CA0707B
:106810000120E0702071FD206071B81D80B2E5E7B5
:10682000FFB5FFB08AB006460F4615461121490153
:1068300001A8EBF7F3FC2A46394630468C9BECF76F
:1068400039FF002802D07FB00EB0F0BD02AC013499
:106850002670300A6070A770380AE07025712A46E9
:10686000601D8C99F6F755FF042168460171FF21E0
:106870004171E81DC1B2684681710F21C1710C21BF
:1068800001728079C11C222201A80AF04BFF00BFCF
:10689000D9E70000F7B5064690799168C01E82B02E
:1068A0001746C5B2022268460D31F6F732FF681D61
:1068B00003210843401C83081948F10603D53322FD
:1068C000BF210E400AE03922016852018918497C33
:1068D000490602D4002005B0F0BD3022310700681F
:1068E000890E08180121C9024018C06C3146FCF716
:1068F000A5FF040011D00398A08068460088E080BE
:10690000234625722A46072138460933F7F71CF932
:1069100021463046FCF77EFFDCE70720DBE700007E
:10692000A0030020FFB5C1B006460F461D4601ACCE
:1069300001342670300A6070A770380AE0704398FE
:106940002071000A6071A5712A46E01D4A99F6F788
:10695000E0FE042168460170FF214170284609309D
:10696000C1B2684681701821C1700C210171807814
:10697000C11C2B2268460AF0D5FE45B0F0BD70B5AB
:10698000C2B004460D4602AE01363470200A707063
:10699000B570042168460171FF21417105218171A3
:1069A0001021C1710C2101728079C11C232201A820
:1069B0000AF0B8FE42B070BD70B50E460123044621
:1069C000C10612481546006803D53422BF210C4089
:1069D00006E0392149014118897CC90711D03122CB
:1069E0002107890E08180121C9024018C06C2146F0
:1069F000FCF724FF010006D08E808D712046FCF745
:106A000009FF002070BD072070BD0000A00300201A
:106A100030B5C1B0044601AD01352C70200A687054
:106A2000042168460170FF21417004218170022118
:106A3000C1700C2101718078C11C152268460AF0D2
:106A400071FE41B030BD10B5F1F70BFA10BDFFB5C6
:106A500083B005460E4614462F4601200290E01CE6
:106A600001900698072802DA002007B0F0BD042E36
:106A700003D01221019801700EE0FA78BB7812025F
:106A80001A4311467A783B7812021A431046FFF7F0
:106A9000DAFF0199087000BF042020700F20607099
:106AA0000298C01CA0700120207122206071FD207E
:106AB000A0710298801D80B2D7E710B5F1F7D5F923
:106AC00010BDFFB583B005460E4614462F46012083
:106AD0000290E01C01900698072802DA002007B017
:106AE000F0BD042E03D01221019801700EE0FA7857
:106AF000BB7812021A4311467A783B7812021A4385
:106B00001046FFF7DAFF0199087000BF04202070DB
:106B10000F2060700298C01CA07001202071182006
:106B20006071FD20A0710298801D80B2D7E7FEB58C
:106B30000E46144600216A461F46118000280CD0DC
:106B400001AA6946F1F796F9050018D16846008850
:106B5000388068460088864201D342250FE0801BBA
:106B600080B2A04200D2044668460480089804809F
:106B700001988119684602880998F6F7CAFD2846E7
:106B8000FEBDFFB5FFB090B015461F468F988E90A2
:106B90000024AE1D00218D918C91072F03DA002077
:106BA0007FB014B0F0BD9098062802D0122030704B
:106BB0004CE004A88CA9009101908E98417903794A
:106BC0000802184302468E98C17883780802184359
:106BD00003908E9841780378080218438DAB029099
:106BE0000399FFF7A4FF3070641C204608308742E9
:106BF00001DA0020D4E780A8818E7170090AB17093
:106C0000A41C20460830874201DA0020C8E780A88B
:106C1000018EF170090A3171A41C3179F2780802F1
:106C200010430019801DB84201D90020B8E731791E
:106C3000F37808021843024604A9701DF6F769FDAF
:106C40003179F27808021043041900BF042028703B
:106C50000E206870E01CA8700120E8702A202871BE
:106C6000FD206871A01D80B29AE710B5F1F789F98F
:106C700010BDFFB583B006460F46144635460120C9
:106C80000290E01C01900698072802DA002007B065
:106C9000F0BD062F03D012210198017013E068792E
:106CA0002B79000218430246E878AB7800021843BB
:106CB000014668782B78000218430090FFF7D5FF53
:106CC0000199087000BF042020700F2060700298A6
:106CD000C01CA0700120207120206071FD20A071D7
:106CE0000298801D80B2D2E710B5F1F74EF910BDC1
:106CF000FFB583B006460F46144635460120029084
:106D0000E01C01900698072802DA002007B0F0BDC9
:106D1000062F03D012210198017013E068792B79B6
:106D2000000218430246E878AB7800021843014697
:106D300068782B78000218430090FFF7D5FF01997F
:106D4000087000BF042020700F2060700298C01CE3
:106D5000A070012020711A206071FD20A07102989E
:106D6000801D80B2D2E7F7B5C2B006460C460027B8
:106D700002AD01352E70300A6870AC7000200AE058
:106D800042004499895A4200EB1CD2181170090A3A
:106D90005170BF1C401CA042F2DB04216846017107
:106DA000FF214171781DC1B2684681711521C17101
:106DB0000C2101728079C11C282201A80AF0B2FCC2
:106DC00045B0F0BDFFB50F460546D01C0321084372
:106DD000401C830881B01646E80603D53A22BF203E
:106DE000054000E03722104928070968800E401846
:106DF0000121C9024018C06C2946FCF71FFD0400A0
:106E00000FD0A7807108A17120463246083004993E
:106E1000F6F77FFC21462846FCF7FCFC002005B075
:106E2000F0BD0720FBE70000A003002010B5F0F73D
:106E30006BFE10BDFFB5FFB0FFB08DB00746144626
:106E40003D4601210291E11C0191FFA8C06B07287A
:106E500004DA00207FB07FB011B0F0BD00260AE058
:106E60007100E81C0918487809780002084371008D
:106E700003AA5052761CA878B042F1DCA8784000F2
:106E8000C01CFFA9496B884203D0122101980170F0
:106E90000CE0A97868782B7802021A43009203AAC2
:106EA0000098FFF7C3FF0199087000BF042020700D
:106EB0000F2060700298C01CA070012121711B215D
:106EC0006171FD21A1710298801D80B2C2E7F0B509
:106ED000C1B005460E46174601AC01342570280A9C
:106EE0006070A670300AE0702771380A6071042162
:106EF00068460170FF214170082181701421C17022
:106F00000C2101718078C11C272268460AF00AFC16
:106F100041B0F0BDF8B51D460446022316460F46A3
:106F2000C00603D53922BF20044000E036220C49B8
:106F300020070968800E40180121C9024018C06C62
:106F40002146FCF77BFC010007D08F80CE800D81AD
:106F50002046FCF75FFC0020F8BD0720F8BD0000CC
:106F6000A003002070B586B00D461446064669465B
:106F7000881C0A9AFBF734FE002805D16B4622468E
:106F800029463046F0F728FF06B070BDFFB589B03E
:106F900006460F461546344601200490E81C03902F
:106FA0000C98072802DA00200DB0F0BDA079012866
:106FB00001D1022005E0A079022801D1102000E0D3
:106FC00000200246E11D05A8F6F7A3FBA0790128E1
:106FD00001D1022005E0A079022801D1102000E0B3
:106FE0000020C01DB84203D012210398017017E0A1
:106FF00005A80090A3796079217900020843024630
:10700000E078A178000208430290607821780002BD
:10701000084301900299FFF7A5FF0399087000BF8C
:10702000042028700F2068700498C01CA8700120EC
:10703000287119206871FD20A8710498801D80B204
:10704000B2E730B5C1B0044601AD01352C70200A5D
:107050006870042168460170FF214170042181702D
:107060001721C1700C2101718078C11C2A22684649
:107070000AF058FB41B030BD10B5F1F7BDFA10BDB4
:10708000FFB583B006460F461446354601200290F0
:10709000A01D01900698072802DA002007B0F0BD75
:1070A000052F03D01221019801700FE02A79E878AA
:1070B000AB7800021843014668782B780002184329
:1070C0000090FFF7D9FF0199087000BF04202070DD
:1070D0000E2060700298C01CA0700120E0702E206D
:1070E0002071FD2060710298801D80B2D6E7FEB548
:1070F0006C46099E089D20806180A280E3802581E6
:1071000031466846F1F7BEFAFEBDFFB587B00646C8
:107110000F461446354601200690A01D05900A989A
:10712000072802DA00200BB0F0BD287A0930B842F7
:1071300003D01221059801701EE028460930297AF3
:1071400000910190E879A979000208430346687923
:107150002979000208430246E878A978000208432A
:107160000490687829780002084303900499FFF797
:10717000BEFF0599087000BF042020700E206070CB
:107180000698C01CA0700120E07029202071FD200D
:1071900060710698801D80B2C5E7000001B5054802
:1071A000732300681B0104226946C018F6F7B1FA80
:1071B000002008BDA0030020F0B585B005460E46AE
:1071C00014461F46039501200290A01D0190072F31
:1071D00002DA002005B0F0BD042E03D01221019880
:1071E000017008E00398EBF731F80090FFF7D6FF45
:1071F0000199087000BF042020700E206070029872
:10720000C01CA0700120E0700A202071FD20607178
:107210000298801D80B2DDE710B5EFF759FF10BD71
:10722000FFB583B006460F4614463546012002904E
:10723000A01D01900698072802DA002007B0F0BDD3
:10724000052F03D01221019801700FE02A79E87808
:10725000AB7800021843014668782B780002184387
:107260000090FFF7D9FF0199087000BF042020703B
:107270000E2060700298C01CA0700120E0702820D1
:107280002071FD2060710298801D80B2D6E710B594
:10729000F1F77CFA10BDFFB585B006460F461446DF
:1072A000354601200490A01D03900898072802DAB3
:1072B000002009B0F0BD2879401DB84203D012214A
:1072C0000398017011E02A79E878A9780002084350
:1072D000029068782978000208436B1D019002999A
:1072E000FFF7D5FF0399087000BF042020700E201F
:1072F00060700498C01CA0700120E07024202071F0
:10730000FD2060710498801D80B2D2E770B5C2B0D4
:1073100005460E46ECF7C0F9002801D042B070BD1A
:1073200002AC01342570280A6070A670300AE07043
:10733000042168460171FF214171062181711621E6
:10734000C1710C2101728079C11C292201A80AF0A7
:10735000E9F900BFE2E738B56D46049C2A806B80EE
:1073600023466A46F1F75AFD38BDF0B585B084462C
:107370000AA8F0C868468581C68103A801900297D3
:1073800000946046F1F77EFD05B0F0BDFFB587B013
:1073900006461546344601200690A81D05900A9819
:1073A000072802DA00200BB0F0BD217BE27A080248
:1073B00010430D300899884203D0122105980170BE
:1073C00028E021460D31227BE37A10021843024661
:1073D000A37A677A180238430346277BE07A3F0294
:1073E00038430193029203910090A3796079277941
:1073F000000238430246E078A7780002384301468D
:1074000060782778000238430490FFF7AEFF0599B3
:10741000087000BF042028700E2068700698C01CF9
:10742000A8700120E8702C202871FD206871069852
:10743000801D80B2B7E7FFB585B006460F461446FB
:10744000354601200490A01D03900898072802DA11
:10745000002009B0F0BD6879801DB84203D0122128
:107460000398017013E0A81D00906B792A79E878E1
:10747000A97800020843029068782978000208433E
:1074800001900299FFF767FF0399087000BF04207D
:1074900020700E2060700498C01CA0700120E07065
:1074A00006202071FD2060710498801D80B2D0E715
:1074B00010B5F1F7E9FE10BDFFB585B006460F46E1
:1074C0001446354601200490E01C039008980728D4
:1074D00002DA002009B0F0BD2879401DB84203D07F
:1074E00012210398017011E02A79E878A978000246
:1074F0000843029068782978000208436B1D0190C8
:107500000299FFF7D5FF0399087000BF042020708F
:107510000F2060700498C01CA070012020712120F1
:107520006071FD20A0710498801D80B2D2E738B54B
:107530006D46049C2A806B8023466A46F1F7ACFEB8
:1075400038BDFFB585B006460F46144635460120C6
:107550000490E01C03900898072802DA002009B084
:10756000F0BDA879C01DB84203D012210398017064
:1075700017E0E81D0090AB7968792979000208438B
:107580000246E878A97800020843029068782978D2
:107590000002084301900299FFF7C9FF03990870A0
:1075A00000BF042020700F2060700498C01CA070E1
:1075B000012020711E206071FD20A0710498801DA3
:1075C00080B2CCE710B5F1F7D1FE10BDFFB585B0A4
:1075D00006460F461446354601200490E01C0390F1
:1075E0000898072802DA002009B0F0BD2879401D6C
:1075F000B84203D012210398017011E02A79E8788B
:10760000A9780002084302906878297800020843AC
:107610006B1D01900299FFF7D5FF0399087000BF19
:10762000042020700F2060700498C01CA0700120FE
:1076300020711C206071FD20A0710498801D80B213
:10764000D2E738B56D46049C2A806B8023466A4693
:10765000F1F701FF38BDFFB585B006460F46144669
:10766000354601200490E01C03900898072802DAB0
:10767000002009B0F0BDA879C01DB84203D0122186
:107680000398017017E0E81D0090AB7968792979BB
:10769000000208430246E878A978000208430290F5
:1076A000687829780002084301900299FFF7C9FF22
:1076B0000399087000BF042020700F2060700498A8
:1076C000C01CA070012020711F206071FD20A071DE
:1076D0000498801D80B2CCE738B56D46049C2A80A2
:1076E0006B8023466A46F1F7BEFE38BDFFB585B014
:1076F00006460F461446354601200490E01C0390D0
:107700000898072802DA002009B0F0BDA879C01D4A
:10771000B84203D012210398017017E0E81D0090D1
:10772000AB7968792979000208430246E878A9789C
:10773000000208430290687829780002084301900B
:107740000299FFF7C9FF0399087000BF0420207059
:107750000F2060700498C01CA070012020711D20B3
:107760006071FD20A0710498801D80B2CCE7FFB548
:10777000C1B006460F46154601AC01342670300AEA
:107780006070A770380AE07025712A46601D449920
:10779000F5F7BFFF042168460170FF214170E81D25
:1077A000C1B2684681701321C1700C2101718078CB
:1077B000C11C2622684609F0B5FF45B0F0BD0000A7
:1077C000FFB581B00A9E05460321701D0843401C89
:1077D00083081746E80603D53722BF20054000E09E
:1077E0003422114928070968800E40180121C90276
:1077F0004018C06C2946FCF721F8040012D002980A
:10780000A080E7802672049923463246091D093379
:107810000B98F6F799F921462846FBF7FBFF002065
:1078200005B0F0BD0720FBE7A0030020FEB56C46C5
:10783000099E089D2080618022716371E580684601
:107840000296EFF769FBFEBDFFB587B006460F460F
:107850001446354601200690A01D05900A98072879
:1078600002DA00200BB0F0BDA879C01DB84203D0E9
:1078700012210598017015E0E81DA9790091019089
:107880006B792A79E878A97800020843049068782F
:1078900029780002084303900499FFF7C7FF059970
:1078A000087000BF042020700E2060700698C01C75
:1078B000A0700120E07026202071FD2060710698E4
:1078C000801D80B2CEE710B5F1F7D6FD10BDFFB533
:1078D00085B006460F461446354601200490A01D8B
:1078E00003900898072802DA002009B0F0BD287933
:1078F000401DB84203D012210398017011E02A798B
:10790000E878A97800020843029068782978000294
:1079100008436B1D01900299FFF7D5FF039908708A
:1079200000BF042020700E2060700498C01CA0705E
:107930000120E07023202071FD2060710498801DDB
:1079400080B2D2E7F0B5C1B005460E46174601AC8D
:10795000013425706670A11C3846EAF78FFC0421BB
:1079600068460170FF214170082181700421C170B7
:10797000002101718078C11C0022D243684609F0C1
:10798000D1FE41B0F0BDF0B5C1B006460C46174679
:1079900001AD01352E706C7022463946A81CF5F7F2
:1079A000B8FE042168460170FF214170201DC1B25C
:1079B000684681700621C170002101718078C11C68
:1079C0000022D243684609F0ADFE41B0F0BD000090
:1079D000FFB50546012381B016460F46C00603D504
:1079E0002422BF20054000E021220F492807096812
:1079F000800E40180121C9024018C06C2946FBF7CF
:107A00001DFF04000DD0277166713246A01D049938
:107A1000F5F77FFE21462846FBF7FCFE002005B067
:107A2000F0BD0720FBE70000A003002010B5F3F72E
:107A300035FD10BDFFB583B00E4614460927A51DC0
:107A400000200290019006980F2802DA002007B06B
:107A5000F0BD002E02D0122028700DE001A902A86E
:107A6000FFF7E4FF2870691C0298EAF707FC691D1C
:107A70000198EAF703FC00BF042020700E2060701C
:107A8000F81CA0700120E07019202071FC206071AA
:107A9000B81D80B2DBE70000F0B587B004460D46A4
:107AA00016461F46129800F0A9F80021069105918C
:107AB00004910391029102A803AB04AA05A90090C6
:107AC00006A805F0E7FE032020700420287000209F
:107AD0003070144814490978405C387000210C98C3
:107AE00001806846808A0107090F0D980170684679
:107AF00000890006010F0E98017068460089010791
:107B0000090F0F98017068460089C013109908701A
:107B1000119800880F21084311990880002007B0B0
:107B2000F0BD00007C50061014030020FFB593B098
:107B30000E4615460F27AC1D002112911191109190
:107B40000F910E910D910C910B910A910991089151
:107B50001698152802DA002017B0F0BD002E02D0CA
:107B6000122020703BE008A809A90AAA0BAB0393D6
:107B70000492059106900CA80DA90EAA0FAB0092D5
:107B80000191029010AA11A912A8FFF785FF207099
:107B900010A8007A607010A80079A07010A8007872
:107BA000E07008A8007F20716846018F6171090AA2
:107BB000A17108A8007DE07108A8007C207208A8C7
:107BC000007B607208A8007AA0726846818CE1721E
:107BD000090A2173018C6173090AA17300BF042093
:107BE00028700E206870F81CA8700120E8702871B9
:107BF000FC206871B81D80B2AEE700000149018029
:107C000000207047409B0000FFB581B00E4614462F
:107C10000327A51D002000900498092802DA0020FF
:107C200005B0F0BD002E02D01220287009E0684691
:107C3000FFF7E4FF2870684601886970090AA97097
:107C400000BF042020700E206070F81CA07001207E
:107C5000E07000202071FC206071B81D80B2DFE769
:107C6000F0B5124B09241A6824021219966E104DB1
:107C700000221C68A034247B944213D9602454430E
:107C8000A719BC786407640F845403D07C8957001B
:107C9000CC5301E054000D53521CD2B2082AE8D351
:107CA0000020F0BD00248454F4E70000A00300206D
:107CB000FFFF0000FFB587B00E4614461927A51D2B
:107CC0000A981F2802DA00200BB0F0BD002E02D067
:107CD0001220287010E001A905A8FFF7C1FF287045
:107CE000082205A9681CF5F714FD102201A92846F1
:107CF0000930F5F70EFD00BF042020700E206070E3
:107D0000F81CA0700120E07017202071FC20607129
:107D1000B81D80B2D8E700000449092209681202A0
:107D20008918896E0989016000207047A00300202E
:107D3000FFB581B00E4614460527A51D0020009012
:107D400004980B2802DA002005B0F0BD002E02D006
:107D50001220287008E06846FFF7DEFF2870691CD3
:107D60000098EAF78BFA00BF042020700E206070A4
:107D7000F81CA0700120E07014202071FC206071BC
:107D8000B81D80B2E0E710B5F1F70AFD10BDFFB5F0
:107D9000FFB08CB014461F468B988A900025A61D14
:107DA00000208990072F02DA7FB010B0F0BD8C98C8
:107DB000012802D0122030701FE08A99087801AAA9
:107DC00089A9FFF7E0FF30706D1CE81D874201DADA
:107DD0000020E9E788A8007970706D1C7078401960
:107DE000801DB84201D90020DEE7727801A9B01CDD
:107DF000F5F78FFC7078451900BF042020700E2025
:107E00006070E81CA0700120E0700D202071FC2043
:107E10006071A81D80B2C7E7F0B5C1B005460E4637
:107E2000174601AC01342570667006223946A01C45
:107E3000F5F76FFC042168460170FF2141700A21AB
:107E400081700521C170002101718078C11C002260
:107E5000D243684609F066FC41B0F0BD01B5054863
:107E6000054B006804226946C018F5F752FC002053
:107E700008BD0000A003002039070000F0B585B060
:107E800005460E4614461F46039501200290A01D8C
:107E90000190072F02DA002005B0F0BD042E03D0B8
:107EA00012210198017008E00398EAF7CFF90090D9
:107EB000FFF7D4FF0199087000BF042020700E2046
:107EC00060700298C01CA0700120E0701A20207120
:107ED000FC2060710298801D80B2DDE702490968CC
:107EE0006831C88000207047A0030020FEB5054619
:107EF0000E4614461F46029501200190A01D0090D9
:107F0000072F01DA0020FEBD022E03D012210098B7
:107F100001700AE002994A780B7811021943084669
:107F2000FFF7DCFF0099087000BF042020700E20CE
:107F300060700198C01CA0700120E07018202071B2
:107F4000FC2060710198801D80B2DCE710B5F1F76C
:107F500061FC10BDFFB583B005460E4614462F46A2
:107F600001200290A01D01900698072802DA002047
:107F700007B0F0BD022E03D012210198017006E077
:107F800079783878FFF7E2FF0199087000BF042084
:107F900020700E2060700298C01CA0700120E0705C
:107FA0000F202071FC2060710298801D80B2DFE7F5
:107FB000F0B5354C0646206887B02030807F0D46EE
:107FC000002802D00C2007B0F0BD282E01D2022DCF
:107FD00001D91220F7E7F4F769FF0028F2D12B4806
:107FE00072000121101889030004012D02D0022D16
:107FF00002D002E0401800E0401A01014302C90E1D
:108000005B0FC900401C1943030B9C460301060982
:10801000206809332030047F9E46A5010623447F53
:108020001D43E3002B43312564002C430125857754
:10803000032568460570042747708270C3700222CA
:1080400002711C23437173238371C571242303724E
:1080500044723F238372C272232303734573827376
:10806000C373072202740522427428228274C174E9
:10807000634603754675734683750021C1750CF020
:1080800045FD00209FE70000A003002062090000DA
:10809000FFB583B005460E4614462F4601200290D8
:1080A000A01D01900698072802DA002007B0F0BD55
:1080B000022E03D012210198017006E079783878F9
:1080C000FFF776FF0199087000BF042020700E2092
:1080D00060700298C01CA0700120E0701520207113
:1080E000FC2060710298801D80B2DFE70EB50F485A
:1080F00001682031887F002816D00020887704226C
:1081000069460A7023224A7088700E22CA7008716C
:1081100002224A712B228A710822CA7108726846AB
:108120000CF0F4FC00200EBD0C200EBDA0030020BE
:10813000F8B50D4614461E460127A01D0090072ED7
:1081400001DA0020F8BD002D03D012210098017043
:1081500004E0FFF7CBFF0099087000BF04202070F7
:108160000E206070F81CA0700120E07016202071B5
:10817000FC206071B81D80B2E4E70000FFB583B059
:1081800006460F461C460020114908603946304615
:10819000059A05F09FF90546002D16D101900BE0D8
:1081A0000B4901980968884206D00A48FAF784F812
:1081B0000748006880B2019005480068A042EFD3EC
:1081C00002A805F049F9054600BF284607B0F0BDF2
:1081D000DC020020FD7F0000FFB585B006460F469B
:1081E0001446354601200490A01D039008980728E6
:1081F00002DA002009B0F0BD052F03D01221039848
:1082000001700FE02979E878090201430B46AA784A
:1082100068780290287801900299FFF7AFFF0399E0
:10822000087000BF042020700E2060700498C01CED
:10823000A0700120E0702B202071FC206071049858
:10824000801D80B2D6E70000034804490860012081
:10825000034908700020704701010101300000202F
:108260003C030020F8B50D4614461E460127A01D0C
:108270000090072E01DA0020F8BD002D03D0122156
:108280000098017004E0FFF7DFFF0099087000BF5D
:10829000042020700E206070F81CA0700120E07097
:1082A00020202071FC206071B81D80B2E4E710B579
:1082B000F1F7EEFA10BDFFB583B006460F4614463F
:1082C000354601200290A01D01900698072802DA89
:1082D000002007B0F0BD6878801CB84203D012219E
:1082E0000198017007E069782878AA1CFFF7DFFF82
:1082F0000199087000BF042020700E206070029861
:10830000C01CA0700120E0700C202071FC20607166
:108310000298801D80B2DCE7FFB5C1B006460F466B
:108320001D4601AC01342670300A6070A770439876
:10833000E070000A207165712A46A01D4A99F5F780
:10834000E8F9042168460170FF2141702846083091
:10835000C1B2684681700A21C1700821017180781C
:10836000C11C0122D243684609F0DCF945B0F0BDDA
:108370003EB56C46069D20806180A280E380258109
:108380006846F1F777FE3EBDFFB585B006460F465D
:108390001446354601200490E01C039008980728F5
:1083A00002DA002009B0F0BD0A2F03D01221039891
:1083B00001701EE0687A297A000208430090E8798B
:1083C000A979000208430346687929790002084325
:1083D0000246E878A9780002084302906878297874
:1083E0000002084301900299FFF7C2FF0399087049
:1083F00000BF042020700F2060700498C01CA07083
:108400000120207181206071FD20A0710498801DE1
:1084100080B2C7E7FFB585B00FACF0CC04970396E8
:10842000029501940E98009005A80FC800F002F87C
:1084300009B0F0BDF0B585B06C460A9F0B9E0E9D4D
:1084400020806180A280E380278166810C98A081D2
:108450002A4668460D99F1F787FE05B0F0BDFFB5D5
:1084600089B006461546344601200890A81D07909D
:108470000C98072802DA00200DB0F0BD0A981028E9
:1084800003D01221079801702BE0E17BA27B607B77
:10849000237B00020343E07AA77A00023843029369
:1084A000039204910190607A217A000208430090BF
:1084B000E079A77900023843034660792779000202
:1084C00038430246E078A7780002384301466078D6
:1084D0002778000238430690FFF79CFF0799087041
:1084E00000BF042028700E2068700898C01CA87077
:1084F0000120E87082202871FD2068710898801D95
:1085000080B2B9E7FFB5C1B005460E46174601ACCB
:1085100001342570280A6070A670E770390A21714D
:1085200044986071000AA0714A98E071000A2072B4
:108530004B986072000AA0724C98E072000A207397
:10854000042168460170FF2141700F2181700221D2
:10855000C170082101718078C11C1322684609F09E
:10856000E1F845B0F0BD0000F7B504230446C106AC
:1085700022481546006803D52222BF210C4006E0A0
:10858000392149014118C97BC90732D01F2221076F
:10859000890E08180121C9024018C06C2146FBF75A
:1085A0004DF9010027D0AA68081D577BD57B937B26
:1085B000BE462D025F19557C137C2D025E19D57CB9
:1085C000937CBC462D025D19577D137D3F02DB195C
:1085D000977DD27D1202BA18019F07807746877077
:1085E00067468780C6800581438182812046FBF7EC
:1085F00011F90020FEBD0720FEBD0000A0030020F1
:1086000070B5C2B004460D4602AE01363470200A81
:108610007070B570280AF070042168460171FF215E
:108620004171062181710021C17108210172807997
:10863000C11C112201A809F075F842B070BDF0B557
:10864000C1B006460C46174601AD01352E70300A02
:108650006870AC7022463946E81CF5F75AF80421D8
:1086600068460170FF214170601DC1B2684681708B
:108670000121C170082101718078C11C1222684655
:1086800009F050F841B0F0BDF8B504460D46164665
:108690001F46EBF79DF8206039463046EBF71EF891
:1086A00028600020F8BDFFB585B00E4614460F27A0
:1086B000A51D0020049003900290019008981528B1
:1086C00002DA002009B0F0BD002E02D0122028707E
:1086D00019E001AB02AA03A904A8FFF7D5FF28708F
:1086E000691C0498E9F7CAFD691D0398E9F7C6FDFE
:1086F000684601896972090AA97229460B310198F5
:10870000E9F7BCFD00BF042020700E206070F81C4B
:10871000A0700120E07004202071FE206071B81D5F
:1087200080B2CFE770B504460D461646324629465C
:108730002046EAF7E3FF70BDFFB583B006460F465B
:108740001446354601200290A01D01900698072886
:1087500002DA002007B0F0BD052F03D012210198E6
:1087600001700FE02A79E878AB78000218430146DF
:1087700068782B78000218430090FFF7D3FF019927
:10878000087000BF042020700E2060700298C01C8A
:10879000A0700120E07002202071FE20607102981C
:1087A000801D80B2D6E710B50446002C02D0012C03
:1087B00006D102E0EBF712F804E0EAF7BDFF01E0B2
:1087C000122010BD00BF0020FBE7FEB505460E4697
:1087D00014461F46029501200190A01D0090072F0E
:1087E00001DA0020FEBD012E03D012210098017095
:1087F00006E002990878FFF7D6FF0099087000BFDD
:10880000042020700E2060700198C01CA070012010
:10881000E07003202071FE2060710198801D80B2FD
:10882000E0E7F8B504460D4616461F463B4632467D
:1088300029462046EAF78EFFF8BDFFB585B006460B
:108840000F461446354601200490A01D0390089859
:10885000072802DA002009B0F0BD082F03D012214A
:108860000398017019E0E879A979000208430346EA
:1088700068792979000208430246E878A97800025D
:108880000843029068782978000208430190029911
:10889000FFF7C7FF0399087000BF042020700E2067
:1088A00060700498C01CA0700120E070002020714E
:1088B000FE2060710498801D80B2CCE770B504463C
:1088C0000D461646324629462046EAF795FF70BD0A
:1088D000FFB583B006460F46144635460120029088
:1088E000A01D01900698072802DA002007B0F0BD0D
:1088F000062F03D012210198017013E068792B79BB
:10890000000218430246E878AB780002184301469B
:1089100068782B78000218430090FFF7CFFF019989
:10892000087000BF042020700E2060700298C01CE8
:10893000A0700120E0702071FE2060710298801DFF
:1089400080B2D3E70068704710B50446007AFF286C
:108950000BD00846F5F73AF9E17A627A891840189F
:10896000217A884201D9012010BD002010BD0023CA
:108970000360436041720272C3728372704710B524
:108980000446006808602068002800D1616008463D
:108990002160F5F71BF9E17A4018E072A07A401CDB
:1089A000A07210BD10B504460020086020680028A1
:1089B0000CD06068016008466160F5F707F9E17A5C
:1089C0004018E072A07A401CA07210BD2160F2E74E
:1089D0000068002801D0002070470120704710B5C2
:1089E00004460068884209D10268226000220260C1
:1089F000206800280BD1626009E0104602688A42B4
:108A0000FBD10A68026062688A4200D16060084651
:108A1000F5F7DCF8E17A081AE072A07A401EA0723D
:108A200010BD10B504460068086020680268226026
:108A3000002202602068002800D162600868F5F713
:108A4000C5F8E17A081AE072A07A401EA07210BD43
:108A5000FFB58FB01A9E0F9808F030FA9249FD20AA
:108A60000A68C00015181046363084460F9808284A
:108A700022D0044601200346A3403A24645D270720
:108A80003F0F0446BC402343644624782407240F48
:108A9000A0400343287D984311D0686801900120CD
:108AA00000240C90A86CA0320690127B2746805CB4
:108AB000A44696460D9430E0822013B0F0BD119884
:108AC000189B0268129800681018002240081A804B
:108AD000400A119B40021860129B18601B9B1A8071
:108AE000724A80183268824201D8104600E0306035
:108AF000800930600868A030017B0F9808F020F9E9
:108B0000CDE06A6A4100AB6A525A595A511889013C
:108B1000614500D98C460699085C8645F1D16348C9
:108B2000129940420968019A60440291914202D828
:108B30001099C90701D0144632E0119909680691CD
:108B4000814200D908460A9010460299E9F714FBC1
:108B5000089006990198E9F70FFB401C09900898C6
:108B6000002800D101200999069088420D9815D857
:108B7000002815D106990198E9F7FEFAC1050AD136
:108B80000A99884207D30299814204D304460121FD
:108B900006980D910C900698401CE4E7002803D03D
:108BA00011992046096804E0842086E700197F1C9B
:108BB000BFB28142FAD80299814204D21099890742
:108BC00001D4852079E7119903AA086012980460FE
:108BD00031683F20491E0143491C2046316008F09E
:108BE000BDF800280AD00EE030687F0840083060E9
:108BF0001999490819910599814204D210984007A2
:108C000001D5002FF0D105983168884208D93F205E
:108C1000491E0143491C03AA2046316008F09EF812
:108C20000599199881423CD30846032109028842DC
:108C300037D30C980890401E09906846017B0F9826
:108C400008F07EF872B61849AA6C0868A030007B5C
:108C5000105C12E0EB6A41009C465A5A089B5A434A
:108C600063465A522B6B9C465A5A089B5A43099B9F
:108C7000D21863465A52A96C085C0B490968A031A6
:108C8000097B8142E6D16C6062B604988002010CD7
:108C90001B98018005988009306018980780002093
:108CA0000BE7862009E70000A00300209AFDFFFFE4
:108CB00070B5044616460D46084607F06BFD206069
:108CC000281D07F05DFD31044018606070BD70B56F
:108CD000054616460C46084607F07DFD28602179BA
:108CE00060790002084331044018686070BD0000DC
:108CF000F8B5204B204D1B6801265B19069CB60376
:108D00000093002814D0042812D0022813D003287E
:108D100011D006252B46012810D00F4617430DD041
:108D2000914203D8202901D3B2420AD94220F8BD8A
:108D300030256023EFE7A025F023ECE72580638052
:108D400001E02180628020710798A071089820724C
:108D50000998002805D00146204606220930F4F77C
:108D6000D8FC0720607100982030807B6071002063
:108D7000F8BD0000A003002058080000F1B5B04A7B
:108D8000FD211068C90090B041180491AD49044616
:108D90004518C034014636310D9100210291AA498F
:108DA000497AC9000C91816A0B91049920310E9186
:108DB000897E079108297DD2092109024018816E18
:108DC00017460798602250430818089007988101B9
:108DD0009D480C3008180A90C07A2E4640360990FB
:108DE000B08B08F0A1FD39684031098E401880B27F
:108DF0000390E96C0398F9F765FAE96C09020F1A18
:108E0000B07F0BF0BBFA381807F082FEA96C41184E
:108E10000C98081A0002000A01901099411A0B9848
:108E2000081A00020121000AC90588427ED204986E
:108E300001994163099807F02BFF0A99C8720D98B0
:108E40000078C143090706D041070798490F40073A
:108E5000400F81422BD10E980821807E08430D9946
:108E60000870A86C2060E86C60600198A0600298AF
:108E7000E060A86D2061686D6061B08B2083B07F79
:108E8000A076284660300178E176B18CA183318DDF
:108E9000E183B18D2184318E6184B18EA184318FC3
:108EA000E184C17E2820015584204059E0620D985C
:108EB000007800E07CE0079942074907520F490F0C
:108EC0008A4261D0F72108400D995D4F0870400734
:108ED000400F07900920396800020818816E079832
:108EE00060225043081804900798810156480C30BE
:108EF00008180A90C07A0990208B08F015FD39688F
:108F00004031098E401880B2039061680398F9F7E8
:108F1000D9F9616809020F1AA07E0BF02FFA3818F0
:108F200007F0F6FD216841180C9800E042E0081AAD
:108F3000070210983F0A391A0B98081A00020121FB
:108F4000000AC905884258D2A760099807F0A0FE18
:108F50000A99C87201980899C01B00024979000A51
:108F60009022114210D10121C90588420AD30498E8
:108F7000C17B0898C07B401C814203D8049840798B
:108F8000C00601D50BF028F9E96C0398F9F79FF9B1
:108F90000446B07F0BF0FAF9A96D2018401807219C
:108FA000090508438035A96B0322091D08F0CAFC96
:108FB00011B0F0BD08984030008841000A98203078
:108FC00002780998101880B209900898089A0089C8
:108FD000401C108108984069421A0898426108981C
:108FE000C07BFF2802D2089A401CD073E86C40185E
:108FF000E864079800F01EFEFBE604984030008805
:1090000041000A98203002780998101880B209901F
:109010000498049A0089401C108104984069421AFF
:10902000049842610498C07BFF2802D2049A401C35
:10903000D073606840186060079800F0FBFD64E73B
:10904000A003002058080000C000002070B50446AE
:109050001A48007800281BD01948007819498968F7
:10906000184A5288885416484178164882684088C1
:10907000401C115412488178124882684088801C34
:1090800011540F48C2780F4881684088C01C0A54A8
:10909000052C0FDD0C4805780A2D06D1601F81B222
:1090A0000948401D02F086F904E00B2D02D1054865
:1090B00001F070FC01200549087070BD43030020D9
:1090C0003F03002080140020621200203E03002095
:1090D000FEB552480088602341075148490F026895
:1090E000092000021018826E59435418A27825698D
:1090F0005207520F216A0092022A01D0052A20D17C
:109100002A0404D46279920701D1002919D0A66AF1
:10911000444A2B0443D563799B0715D0676B77804E
:109120000120C0038543256101F074FB012809D0AB
:109130001F217878014204D0218A890401D5001DBD
:109140007870FEBDFF21F4E70029FAD01542F8D16E
:109150000A7C406FD206D20E921C1718B8B201904A
:109160007080204601F014FB0120C0038543256177
:1091700005110098052800D1AD0001F04BFB012836
:109180000BD01F217878014204D02169294201D0F7
:10919000001D787001987080FEBDFF21F2E7708895
:1091A00001235B07C01863799C469B0704D0636B5F
:1091B000834201D0012700E00027666B864202D07F
:1091C0002388834212D1002912D015420ED10123E7
:1091D00000290ED086420CD02488844209D0096828
:1091E000002906D0154204D1012103E00023EFE756
:1091F0000023002162469206920F03D00022002F26
:1092000006D101E00122FAE70B43C5D0002AC3D002
:109210000178102211430170FEBD0000C000002043
:10922000A003002060060000F1B5FD4FFD22386864
:10923000D2000146851896B06830129009200002CD
:109240000818806E0F90F7480E180920C0060069B4
:109250000990002014900824F34807F059FC02906C
:109260000020139072B63868F7214030C2790A4066
:10927000C271129801210171129801684A07520FB8
:109280004271C9081298C900016062B61698002898
:1092900001D009980EE0642007F03AFC01460998D5
:1092A0000918E248427ADE480068806A10180818F7
:1092B0000002000AFFF762FD686B05903A20405DEE
:1092C0000D90082841D2012014900D986021484348
:1092D0000F9940180390D648876AD448407AC00056
:1092E0000BF02CF80146039840300288520289188E
:1092F000CD4A524289188F4200D239467165B82151
:1093000089590B794A79897912021A438907890B9D
:109310001143028B408BFF311018C331401807F006
:10932000B3FC07465F20000107F0F2FBB84204D906
:109330005F20000107F0ECFB00E0384605990918B2
:10934000BA48407AC00008181390706D07F0E0FB2F
:10935000059940180190002007460390287D0028B9
:1093600009D10D98082806D3B049002008800921AA
:10937000C906486060E168680790686C04902968D5
:109380000998401A00020412A84800884007400FBC
:1093900004F0B0FE002801D0002007E0002CFBDB29
:1093A00020460AF0CBFF0499884200DA049001209D
:1093B00080070824099000200B90297D3AE00D9A3F
:1093C000904234D0964A12682032927D1207120FD2
:1093D00082422CD0EB6A420010930C929F5A009765
:1093E0006B6A9A5A079B92017B43D318049A9C4656
:1093F000934212DACA0710D02A6B0C9B079FD25AED
:10940000521C93B21A467A43009F9444FA1892B2BF
:1094100013460092109F0C9ABB52099A63469445DA
:1094200005D2CA0703D0009A099304460B92490853
:10943000401CC0B20029C2D1099807F069FB296815
:109440004718A86A6100405A800107F061FBC01903
:1094500003907648407A5822C10071480068125C37
:10946000002A744A126939D0BB1A029A52009B1A18
:1094700038E0002001E0806A4018181A0002000A53
:1094800001460A900120C005814209D3082C7DD0F5
:10949000204600F08FFB64490998401804906864E6
:1094A00001210A98C905884281D2082C6ED00B98F8
:1094B000002835D007994843049007F029FB296814
:1094C00040180002000A2860696C0498081A686451
:1094D00009990498081A002109901BE0029BBA1A06
:1094E0005B08D31A169A002AC5D0C2E7EA6A480078
:1094F00007909446105A0B9A801A04E02B6B079A37
:10950000401C9A5A10180028F8DB079B6246491C39
:10951000D052C9B242480068A030007B8842E5D8EA
:109520000D9808286CD20598C01B01020120090A79
:10953000C005814223D30298391A1398081A0202EF
:109540000120120AC005824201D313980FE0019A4C
:10955000891A0902090A814201D2019808E0012012
:10956000400207F0D5FA02994900791A081A0190C9
:109570000599401A0002000A0AF0E0FE706502999F
:1095800001984018C01B0102090A00E054E00120C4
:10959000C005814254D202994A0003995218059994
:1095A000511A0902090A81422AD20D9860214843C2
:1095B0000F994218602060434018C17BD37B9942C9
:1095C00001D3102100E00021C90615D48179CA0712
:1095D00004D07221895B0289891A05E0890707D5C1
:1095E00076218A5B0189511A491E0904090C07D0AA
:1095F0004079000604D423E05079902108421FD11D
:10960000082C21D0084909984018686460200F99F7
:109610006043401880784007400F01284BD013E08A
:10962000A00300205808000066020000C0000020CF
:10963000C0140020000000481498002804D003D073
:10964000059F0D9C01980390039839020002000ABF
:109650000390090A01200091800207F059FA029054
:109660000120400207F054FA074600990398401A77
:1096700000020012002809DD0299000A884200D980
:1096800001460291B84200D838460746082C7DD0E2
:10969000804800884007400FA0424FD060200F99BB
:1096A00060434018079080784007400F052812D08B
:1096B000022810D042E03146803103208A684002FF
:1096C0008242C1D0C9688142BED0F0F795FB400507
:1096D000400DC719B8E70798A101006A04906D48CA
:1096E0000818818B079880B2814227D004980028FF
:1096F00024D00499079801F04BF8674904980A6848
:10970000007C09210902C0065118C00E496F801C57
:1097100040180490079801692120800101420DD072
:1097200001F078F801283BD01F20049949780842BD
:1097300004D0049840780499001D48705648554953
:1097400000682030847448202043088030468030F0
:10975000436B997ACA06D20E61010A439A72826BF0
:10976000907AC006C00E0843907200983065F2F7F8
:10977000C5FF012816D0484846490068497A20307C
:10978000007D401A316DC000081800E03AE0000288
:109790000121000A490641180920C00641600EE077
:1097A000FF20C2E70121306D090641180920C006DB
:1097B0004160394800682030017D36484172082CEC
:1097C00024D2602044430F98241872B61298A178CE
:1097D00000684907C008C000490F08432F490840E6
:1097E0000099C90008431299086062B6A078400742
:1097F000400F03280FD001F00DF801280FD0039877
:10980000C01B19E000200921C90648602149002039
:10981000088017B0F0BD02990398401A0CE040345C
:10982000208B618B4018FF30C33007F02DFA874240
:1098300000D938460399081A0002000AE863A88B89
:10984000800107F065F9296800264418144807F0DC
:109850005FF9201A0002000A28640F4C2E84206849
:109860004030407E002807D0F3F7AAFA2068403045
:10987000417E49084900417620684030407E0028FA
:10988000C7D0F3F7C7FA20684030417EFD2211406F
:109890004176BEE7C0000020A0030020070000F8CA
:1098A0003502000010B51149FD220968D20089185F
:1098B0004C688B6842009C4204D1086B4C8A805AE9
:1098C000A04201D0012000E000204B608B688B613A
:1098D0004C6A8B89A3528C6ACB89A3520C6B4B8A3E
:1098E000A3520B8AC96A8B5210BD0000A00300204E
:1098F00010B50448044B006804220021C018F3F797
:1099000012FF10BDA003002039070000FEB5394941
:109910000922096812028A18936E602242439C1839
:10992000354A80018D183549228946184020005B50
:109930002021895D521C228140006269002700B20B
:10994000101A6061F07A4018C0B2252800D325387B
:10995000F072A079C0072ED0284640300090408E8B
:109960002189401A0004000C25D124480C380088B5
:109970004007400FFFF796FF8446A079400840005B
:10998000A0712846C030017A490849000172009947
:10999000A3894A8DC98D0905090C934205D1A36994
:1099A0008B4202D16346002B01D0402701E00823FF
:1099B0008373A281A161A079800719D57620405BCD
:1099C0002189401A0004000C12D1802149596035C8
:1099D0000091A97E0191A179FD221140A17131462A
:1099E00068460522213100F085FD0120400507432E
:1099F0003846FEBDA003002058080000CC0000201F
:109A000010B504462046FFF781FF10BDF1B5674948
:109A1000674A086882B082180092FD22D200861838
:109A2000AC22155C04460346029AC0343633954294
:109A30007ED909210902401817466021806E4F43E4
:109A40000025B91C4554029804F054FB00280CD1A1
:109A50005648BF1D0168092000020818806EC05DCD
:109A6000002802D00098C030057272B64F48029D9F
:109A70000768012039462031CA7DA8408243CA7553
:109A8000317D81433175197808077AD44A070298E5
:109A9000520F82427CD030462030827E5507029A97
:109AA0006D0F954276D181760F201870404AA068DC
:109AB0007063BD18A86D2169A9652061686D616931
:109AC000696560612146284618315C300AF027FC40
:109AD0003748A37E5E3039180A780B70A276A86CDE
:109AE0002168A9642060E86C6168E96460603048BE
:109AF000E37E603039180A780B7021462846E276FA
:109B00001C3164300AF00BFC214628461E316830B7
:109B10000AF005FC2146284620316C300AF0FFFB94
:109B200021462846223170300AF0F9FB214600E038
:109B30003AE02846243174300AF0F1FB21462846E9
:109B4000263178300AF0EBFB194880357B30391824
:109B5000204628300A7803780B7002701448E26AB5
:109B60008430381801680260E1620721E068090565
:109B70000843A96B0322091D07F0E4FE0AE000E098
:109B800006E03A20805D41070298490F814201D1E9
:109B90000F2018702036B07E41070298490F81428D
:109BA00001D10F20B07662B6FEBD0000A0030020F8
:109BB00058080000F8B501461B4809220068120247
:109BC0008218936E60224A439E18184A0024851812
:109BD000174A88018718B0784007400F052802D03F
:109BE000012805D010E00846FFF70AFF04460BE005
:109BF0002A468032108A002802D0401E108203E0DC
:109C000001240846FFF702FFF07BFF2801D2401C29
:109C1000F073002C06D023463246294600200097D8
:109C200005F0ECFBF8BD0000A00300205808000080
:109C3000CC000020FEB503462C48412702680920CD
:109C400000021018816E602058430C1828481146F5
:109C50001018284E7F019D01D219AE199278C0319B
:109C600000259A420CD1024640321746928E3F8F11
:109C7000009784273F58012301977B273F5C07E02B
:109C80008A8CCF8C0097CF6A0023019728277F5CAE
:109C90000297A779FF0708D02789D21B1204120C5C
:109CA00003D12246F3F798F90546A079810710D52C
:109CB00022890099891A491C0904090C09D1FD213E
:109CC000084001ABA071314605222131184600F051
:109CD00011FC002D09D005480096016804482B4668
:109CE00009182246002005F089FBFEBDA0030020D4
:109CF00058080000CC00002010B507483922006841
:109D000052018018007C400704D508464988008825
:109D1000F8F779FF10BD0000A003002010B5064839
:109D20003922006852018018407CC00602D508889C
:109D3000F8F788FF10BD0000A003002010B5074809
:109D40003922006852018018007CC00605D50A46F9
:109D500010888978121DF9F747F810BDA00300207C
:109D600010B508483922006852018018007C0007AD
:109D700006D50B46CA78188889781B1DF9F7E7F8CD
:109D800010BD0000A003002008B509483922006872
:109D900052018018407C000708D50846C91D009173
:109DA0008379828841880088F9F781F908BD00002D
:109DB000A003002010B5074839220068520180181E
:109DC000007C000605D50A4610888978D21CF9F770
:109DD000EDF910BDA003002010B508483922006835
:109DE00052018018407C800706D50B46CA78188837
:109DF00089781B1DF9F7A9FA10BD0000A003002007
:109E000010B508483922006852018018007C80068D
:109E100006D50B46CA78188889781B1DF9F769FBA7
:109E200010BD0000A003002010B5074839220068CB
:109E300052018018407CC00705D00A4610888978F6
:109E4000D21CF9F7BBFB10BDA003002010B50748DA
:109E50003922006852018018007C400605D50A4668
:109E600010888978D21CF9F709FC10BDA0030020E6
:109E700010B507483922006852018018407C40071D
:109E800005D50A4610888978D21CF9F757FC10BD11
:109E9000A003002010B5064839220068520180183E
:109EA000C07B000702D50888F9F7D2FD10BD00007D
:109EB000A003002010B5064839220068520180181E
:109EC000807B000702D50888F9F711FE10BD00005D
:109ED000A003002010B50548392100684901401849
:109EE000807B800601D5F9F783FE10BDA00300201A
:109EF00010B506483922006852018018807B400660
:109F000003D50878491CF9F7ADFF10BDA003002068
:109F100010B507483922006852018018C07B4006FE
:109F200004D5084689780088FAF74CF910BD00007E
:109F3000A003002010B505483921006849014018E8
:109F4000807BC00701D0FAF75AF910BDA0030020AA
:109F500010B507483922006852018018C07B80067E
:109F600004D5084649680088FAF7CAF910BD000010
:109F7000A003002010B5074839220068520180185C
:109F8000807B800705D50846CA7889780088FAF76B
:109F900003FA10BDA003002010B50648392200685E
:109FA00052018018807B400702D50888FAF742FAF0
:109FB00010BD0000A003002010B508483922006839
:109FC00052018018807B000606D50B468A781878E7
:109FD0004978DB1CFAF7CEFA10BD0000A003002080
:109FE00010B505483921006849014018807BC0063A
:109FF00001D5FAF7D9FF10BDA003002008B5094824
:10A000003922006852018018007CC00708D0084639
:10A0100008310091C388828841880088FBF758FE88
:10A0200008BD0000A003002010B5084839220068D0
:10A0300052018018807C800706D50B460A79188863
:10A0400049885B1DFCF79EF910BD0000A0030020AD
:10A0500010B508483922006852018018407C00067B
:10A0600006D508468B798A8889780088FCF7F4F948
:10A0700010BD0000A003002010B508483922006878
:10A0800052018018407C800606D50B460A79188854
:10A0900049885B1DFCF72BFB10BD0000A0030020CE
:10A0A00010B508483922006852018018407C4006EB
:10A0B00006D50B460A79188849885B1DFCF7B0FB6A
:10A0C00010BD0000A003002008B50846C91D00917E
:10A0D0008379828841880088FCF724FC08BD000051
:10A0E00010B507483922006852018018807CC007EB
:10A0F00004D0084689780088FCF741FC10BD0000B8
:10A10000A003002010B506483922006852018018CB
:10A11000007C800702D50888FCF77AFC10BD00009F
:10A12000A003002010B50A4610888978121DFCF79C
:10A130001AFE10BD10B508468A8849880088FCF7C9
:10A14000C6FE10BD10B50888FCF77BFF10BD10B52A
:10A15000084649880088FDF7D9F810BD10B50B46B0
:10A160000A79188849885B1DFDF701FB10BD10B501
:10A170000A4610784978921CFDF705FC10BD0000D6
:10A1800010B508483922006852018018407EC00787
:10A1900006D00A46002010564978921CFDF73CFE76
:10A1A00010BD0000A003002008B508460021009162
:10A1B0008288817800880023FEF7AEF808BD000091
:10A1C0000EB50B483922006852018018C07BC007C9
:10A1D0000CD008468B894A89098902930192009123
:10A1E000C388828881780088FEF78CF90EBD000054
:10A1F000A003002010B507483922006852018018DA
:10A20000C07B800704D5084649880088FEF7F8F926
:10A2100010BD0000A003002010B5074839220068D7
:10A2200052018018C07B400704D5088800221146DF
:10A23000FEF705FA10BD0000A003002070470000E3
:10A2400010B507480722006812028018807FC006F8
:10A2500005D508460A794988007800F0EBFF10BD63
:10A26000A003002010B507480722006812028018DA
:10A27000807F000605D508460A794988007800F0F5
:10A28000F4FF10BDA003002010B507483922006874
:10A2900052018018C078000604D508464988007825
:10A2A00001F02CF810BD0000A003002010B50748F5
:10A2B00002683920400110184279920605D580794C
:10A2C000800702D5012001F00DFA10BDA003002087
:10A2D000084610B50E4986B00A683921490151185F
:10A2E0004A79920611D58979C9070ED0847C038AF0
:10A2F000C2898189049401AC0EC4811D0091437907
:10A3000002794188007801F0EDFA06B010BD000036
:10A31000A003002008B50A4802683920400110183F
:10A32000427992060BD58079400708D508460989FD
:10A330000091C38882884188007801F06CFB08BDD9
:10A34000A003002008B50A4802683920400110180F
:10A35000427992060BD58079400608D508460989CE
:10A360000091C38882884188008801F017FD08BDEC
:10A37000A003002010B507480268392040011018DA
:10A380004279920605D5C079400702D5012001F037
:10A390002DFD10BDA0030020084610B5104988B05F
:10A3A0000A683921490151184A79920616D5C979A6
:10A3B000890713D5847F838B428B018B069403AC72
:10A3C0000EC4014612318A1F831D0093019202912F
:10A3D000437902794188007801F0DBFD08B010BDB7
:10A3E000A003002010B50848026839204001101869
:10A3F0004279920606D5C079C00703D00878491C77
:10A4000001F048FE10BD0000A003002010B5084870
:10A4100002683920400110184279920607D58079E8
:10A42000C00604D54A890888891C01F07AFE10BD4F
:10A43000A003002010B50848026839204001101818
:10A440004279920606D58079000603D50878491C22
:10A4500002F012F810BD0000A003002010B509485A
:10A4600002683920400110184279920608D5807997
:10A47000000705D50A4610784988121D02F066F9D2
:10A4800010BD0000A003002010B5012003F0F6F875
:10A4900010BD000008B508480722006812028018A5
:10A4A000C07F000707D5C88800908B888A78098804
:10A4B000002003F095FA08BDA003002008B5084667
:10A4C000891D00918388C2788178008803F0DEFBC3
:10A4D00008BD002805D00C2805D00D2805D2401E47
:10A4E00006E025207047262070472728FCD2801ED2
:10A4F000C0B2704704E003780B70401C491C521E28
:10A50000002AF8D170470000F0B5044661088C4677
:10A5100061400A464908114393081943CB080B438D
:10A520000120D943890100D000205200234913465D
:10A5300057089508D60812090B400A400F40D21858
:10A540000D40D2190E4052199219D30E022B00D28F
:10A55000002053099A18930A9A18130D9A187C230D
:10A560001A405C2A00D90020154BE2B25A439442AB
:10A5700000D10020134A23465340134D62466A40DF
:10A58000124EA5087540E608114F24097E407F1041
:10A590007C400B400A400D400E400C409918491970
:10A5A000891909194A0951188A0A51180A0D5118AE
:10A5B0007C221140042900D80020F0BD84104208FC
:10A5C00001010101D6BE898E6BDF4447B56FA2231E
:10A5D000DA37D1113EB56846EFF7ACF8534800784A
:10A5E000002803D144205249887302E0402050499A
:10A5F00088734E484078002803D15B204C49087589
:10A6000002E01B204A49087548488078002802D09B
:10A6100001280CD107E04C204549C872402008723F
:10A62000BE2048740BE06C204149C87207E04C2002
:10A630003F49C87220200872B220487400BF00BF92
:10A640003A48407B012804D0022808D0032812D1C0
:10A650000BE03720364988703420487111E004201F
:10A6600033498870342048710BE0382030498870B5
:10A670003420487105E000202D4988703020487151
:10A6800000BF00BF2B48846A200C2B4988420CD1A4
:10A690002748C07D702188432549C8750846C07D7C
:10A6A0006107490E08432249C8752248446A200CB4
:10A6B000214988420CD11E484079302188431C49E9
:10A6C000487108464079A107890E08431849487126
:10A6D00018484038046B200C174988420CD11448A4
:10A6E000C07D800880001249C8750846C07DA1075A
:10A6F000890F08430E49C8750D48C07A0421884364
:10A700000B49C872694648780001897808431228C5
:10A710000ADB0748C07D042108430549C87508467F
:10A72000C57D2846E8F74AFF3EBD0000CC03002067
:10A7300015030020C007001055AA00000CB505A2A3
:10A7400006CA00917F210192082801D26946095664
:10A7500008460CBDF2F5F8FBFE020408CA68026068
:10A760008A6842604A6882600968C160704770B553
:10A77000002407E00D5D002B07D0161B3618203E85
:10A78000F577641C9442F5D370BD0555F9E70000D8
:10A79000F8B50C46CA88098A4030521A80891026BA
:10A7A00095B2A84205D20546E07C4006400EE07412
:10A7B00003E02068002800D10026002904D1207B76
:10A7C000800701D5022000E00120CF060643FF0EDE
:10A7D000E81982B20E48A16903680920000218181E
:10A7E000406F001DF2F792FC60610948A574016892
:10A7F000092000020818416FB81C0E540448016873
:10A80000092000020818406FFF1CC555F8BD000064
:10A81000A0030020012070477047000018B40168B1
:10A82000184ACB6813608C68012354604C689460AC
:10A830000968D1604168144ACC6814608C6854601F
:10A840004C6894600968D16064216A4611700922DD
:10A85000D2066C462178491E21705169C90402D480
:10A8600021780029F5D122782270084A8168D468BD
:10A870000C6094684C6054688C601268CA60037302
:10A8800018BC7047180000482800004838000048ED
:10A89000FFB581B007461C463846039A029900F07E
:10A8A000F9F8002813D0002C11DB402C0FDA01201E
:10A8B00008490870881DE7F7D3FC0122A240D3178E
:10A8C000104319430546034A921DE7F7E0FC05B023
:10A8D000F0BD0000A0140020F0B54488491CA4B2CB
:10A8E000E5B2A40809B21C808EB287883619BE4230
:10A8F00004D9A6B2891B6D1C09B2EDB2A4002418BC
:10A90000083414601C88AD076418A400AD0F2C43F4
:10A91000A4B21C800388E31A9C07A40F012C02D860
:10A9200003D1002B01DD00230AE00123002907DA0F
:10A9300011688C78A408A400641C8C700830106026
:10A940001846F0BD0022028042808180704770B5B9
:10A9500004460D46207B4019401E217B491E88433A
:10A9600086B220886188884203DB20886188401A8B
:10A9700004E060882188401AA188081AB04207DBE9
:10A98000A18862889019E7F70DFC6180002070BDF6
:10A990000120FCE738B505466A460221284600F04A
:10A9A0000FF80446002C05D1684601882846FFF7B9
:10A9B000CEFF0446204638BD00214180018070470B
:10A9C00070B504460D461646638832462946204631
:10A9D000F8F71EF870BDF8B504460D4616466088B7
:10A9E000002801D1A08800E0608807463B46324637
:10A9F00029462046F8F70CF8F8BD30B50346187B19
:10AA00004018401E1D7B6D1EA84384B218885D88C7
:10AA1000A84203DB18885D88401B04E058881D8825
:10AA2000401B9D88281AA04205DB5D889868401964
:10AA30001060002030BD0120FCE7F0B507460C4651
:10AA400015462A4602213846FFF7D7FF0646002E54
:10AA500002D12868008820803046F0BDF8B506464F
:10AA60000C461746224602213046FFF7A9FF05464D
:10AA7000002D05D121883A463046FFF7ACFF054648
:10AA80002846F8BD10B5002444800480818082608F
:10AA9000037310BDF7B582B004461646002001903E
:10AAA000207B694689894018401E217B491E8843C6
:10AAB00087B2207B401C217B491E8843C5B2208879
:10AAC0006188884203DB20886188401A04E060883E
:10AAD0002188401AA188081AC0194019A188884203
:10AAE00017DA2288A1688818022203A9F2F711FE5A
:10AAF00022885219A168881869468A893146F2F776
:10AB000008FEA1882288D2195019E7F74BFB218053
:10AB100001E001200190019805B0F0BD01460888D0
:10AB20004A88904203DB08884A88801A04E04888F3
:10AB30000A88801A8A88101A80B27047034802492E
:10AB4000C16003494161704781FF05107C0300200B
:10AB500039E50510034881220068A030417C11408E
:10AB600041747047A003002010B50B460178CA0954
:10AB7000014608311846FEF79BF810BD70B5104825
:10AB800009240268FD20C0001018037D240208205B
:10AB900000211419A032157B0EE0DA0709D06022DB
:10ABA0004A43A66E921CB25C5207520F012A00D192
:10ABB00008465B08491CC9B28D42EED870BD000042
:10ABC000A0030020F8B507461F4809260568FD20A8
:10ABD000C0002C182846363036023F0584463F0D0B
:10ABE000AE19237D08200022A0350097B6462D7BA4
:10ABF0000EE0DE0709D07646B66E60275743F61999
:10AC00007689009FB74200D110465B08521CD2B231
:10AC10009542EED82034A27E1207120F824202D152
:10AC2000CB0700D10820824207D062461278130772
:10AC300007D45207520F824203D1C90700D108201E
:10AC4000F8BD8907FBD5F8BDA003002010B50B485F
:10AC500000210368FD20C0001818027D0820A033E1
:10AC60001B7B05E0D40700D108465208491CC9B235
:10AC70008B4201D90828F5D010BD0000A0030020A8
:10AC800010B50B4601784906CA0F811C1846FEF71D
:10AC90000FF810BD70B5104809240268FD20C000EF
:10ACA00011180B7D2402082000211519A032127BF7
:10ACB0000EE060244C43AE6EA41C345D6407640F48
:10ACC000032C02D1DC0700D008465B08491CC9B23E
:10ACD0008A42EED870BD0000A0030020FFB50D46EB
:10ACE00007468DB000200921C906169E144648600B
:10ACF00038460E3005F04EFD0790B97CF87C020214
:10AD0000387D0004104308430990787D069038464A
:10AD1000163005F035FD0A903846183005F030FD44
:10AD20000B9038461A3005F02BFD0C9038461C303D
:10AD300005F026FD039038461E3020370090F87845
:10AD4000C106C90E47090920C00608918068A86499
:10AD500000203146E8642131052202910098FFF776
:10AD6000C9FB0221E170002022225055E0730B98AC
:10AD70000C225043606100203122105503980123BA
:10AD80000001A061284621714030039083710B9827
:10AD90007149400240187149896A814200D20846CF
:10ADA0000021686521810C98A081204640300B9AD3
:10ADB00002800A9A01235200921CEA64039A978344
:10ADC000039A9780A17121612380A26A1280A26AEE
:10ADD000548001771B27FF21478049312B46018290
:10ADE000C0331A8A1B2A02D15A8A8A4201D0102201
:10ADF00002771A8B8280C780078147818781C7814C
:10AE00005A8B42828182C18201834183288C5449BA
:10AE1000401C80B2884202D94942401880B2608109
:10AE20002884C7200190A16AC8720522029900985F
:10AE3000FFF760FB0020F072218D3182F0750798DA
:10AE4000B0610998F061202108988855FFF7E2FC6D
:10AE50008021012800D1B17542200290059041481F
:10AE600004902F461098404B803700283AD0B86B9A
:10AE70000080B96B0198C872388F708210983B4976
:10AE80000068286110984068686106984843FF3060
:10AE9000F530A86503990120887718881946344A47
:10AEA000400712684123400F5B01D218907060790F
:10AEB000C022104360710020B072A078C008C000AA
:10AEC000801CA070BA6B1B2090720888A16A400198
:10AED000083088720020C0433882B96B0322C91D34
:10AEE000029825E0786B00807A6B0198D072B88E5A
:10AEF00070826079C02210436071B172A0781D4DDC
:10AF0000C008C000401DA07018884101A06A193116
:10AF10008172796B0A20887209F040FA796B0322FA
:10AF2000C91D029806F00EFD796B03222846091D03
:10AF300006F008FD0120FEF777F9A16A0322C91D7A
:10AF4000059806F0FFFCA16A0322091D049806F08B
:10AF5000F9FC11B0F0BD00009AFDFFFFC014002005
:10AF6000FF0E0000FA003000C0000020E2040000E4
:10AF7000A00300202C01B000F0B50D4689B00027D9
:10AF80000921C9060E9E14464F60827BC17B944600
:10AF90000B02017C0A04417C0906114319436246F5
:10AFA00011430491827CC17C0B02017D0904194389
:10AFB00011430591027E417E090211430691827E72
:10AFC000C17E090211430891027F417F09021143AA
:10AFD000009101461E3102912030C0783146C006F2
:10AFE000C00E21310790052203910298FFF782FAE3
:10AFF0002220475531200755E7730220E07006995B
:10B000000C22514361610099FF220901A161207165
:10B0100027810899A1812046403006990180A771B7
:10B02000276107771B21418049322B460282C033BA
:10B030001F8A1B2F02D15F8A974201D01027077702
:10B040001F8B8780C180018141818181C181598BA2
:10B0500041828282C2820283428301202080A06AD0
:10B060000080A06A4480288C2F49401C80B288420E
:10B0700002D94942401880B260812884A06AC7275B
:10B08000C772052203990298FFF734FA0020F07284
:10B09000218D3182F0750498B0610598F06120210E
:10B0A00007988855FFF7B6FB8021012800D1B175BC
:10B0B0004220039080350290686B0080686BC772F5
:10B0C000A88E7082C0206071B172A078174EC0083F
:10B0D000C000401DA07016480088A16A40011930C8
:10B0E0008872696B0A20887209F058F9696B03222B
:10B0F000C91D039806F026FC696B03223046091D22
:10B1000006F020FC0120FEF78FF8A16A0322C91D7A
:10B11000029806F017FCA16A03220648091D06F0F2
:10B1200011FC09B0F0BD0000FF0E00002C01B000C2
:10B13000C0000020FA0030003EB50B4801AA0468A8
:10B14000694602A8683400F01FF800280BD0684652
:10B15000007AE18801228240114204D069460978D0
:10B16000019AFCF7EFFB3EBDA0030020054800213B
:10B1700000686830017141710268D208D200026033
:10B18000C1807047A003002070B514460D4A1368B3
:10B1900072B668331A79002A01D0012500E0002533
:10B1A00000221A715A79027018784007400F08700F
:10B1B00018684001000AF6F7DDFE206062B62846F6
:10B1C00070BD0000A003002010B5EFF74DFE10BDCC
:10B1D000FFB583B005460E4614462F460120029067
:10B1E000E01C01900698072802DA002007B0F0BDA5
:10B1F000032E03D01221019801700AE0B9787A7801
:10B200003B7812021A431046FFF7DEFF01990870DF
:10B2100000BF042020700F2060700298C01CA07036
:10B2200001202071062060710420A0710298801D09
:10B2300080B2DBE7F0B5C1B005460E46174600AC5C
:10B24000033425706670310AA170E77004216846E6
:10B25000017005214170042181708078C11C002299
:10B26000684606F05FFA41B0F0BDF0B5C1B00546E2
:10B270000E46174600AC033425706670310AA17083
:10B28000E770042168460170082141700421817033
:10B290008078C11C0122684606F044FA41B0F0BD36
:10B2A000F8B51D460F4602230446C106124816464D
:10B2B000006803D50322BF210C4008E007210902E2
:10B2C0004118897F090601D40020F8BD0122210719
:10B2D000890E08180121C9024018C06C2146F8F7F0
:10B2E000ADFA010006D00F71CE800D722046F8F73E
:10B2F00091FAE9E70720F8BDA003002070B5C2B0BD
:10B3000004460D4601AE033634707570290AB170DB
:10B3100004216846017130214171032181718079D6
:10B32000C11C072201A806F0FDF942B070BD000063
:10B3300070B50E4601230446C10612481546006842
:10B3400003D50422BF210C4008E0392149014118EE
:10B35000C978090601D4002070BD02222107890E98
:10B3600008180121C9024018C06C2146F8F766FA96
:10B37000010005D00E71CD802046F8F74BFAEAE7C0
:10B38000072070BDA003002030B5C1B0044600AD59
:10B3900003352C7004216846017010214170012191
:10B3A00081708078C11C0522684606F0BBF941B067
:10B3B00030BD0000F8B505460E46002000907048EC
:10B3C0000078002801D16F490880CAE02C786D1CF4
:10B3D0006C490888411C6B4A11806B490C546848C1
:10B3E0000078002815D1012C03D101206449087090
:10B3F000B7E0022C03D1082061490870B1E0FF2CAE
:10B4000003D103205E490870ABE000205C4908705E
:10B41000A7E05B480078012803D102205849087052
:10B420009FE057480078022803D10620544908704D
:10B4300097E053480078062805D154480480072037
:10B440004F4908708DE04E480078072815D120023A
:10B450004E49098840184D49088000204C49088011
:10B460004A480088002804D14549087005F05CFD71
:10B4700077E00C204249087073E0414800780328C7
:10B4800003D104203E4908706BE03D480078042851
:10B4900005D13E48048005203949087061E03848EC
:10B4A0000078052815D12002384909884018374905
:10B4B000088000203649088034480088002804D1DC
:10B4C0002F49087005F030FD4BE00C202C49087026
:10B4D00047E02B480078082803D109202849087044
:10B4E0003FE027480078092803D10A202449087042
:10B4F00037E0234800780A2803D10B202049087040
:10B500002FE01F4800780B2817D11F4F7F1CF878B9
:10B51000B978000208431D49088000201C490880B2
:10B520001A480088002804D11549087005F0FCFC71
:10B5300017E00C201249087013E0114800780C281D
:10B540000FD113480088401C114908800846008824
:10B550000E490988884204DB00200949087005F07B
:10B56000E3FC084800880B49884206D20098411C39
:10B5700089B20091B04200DA28E701480078F8BDAE
:10B58000320300202E030020040400203603002094
:10B59000340300201E020000F8B504460D4616468E
:10B5A0001F463B4632462946204600F001F8F8BDCA
:10B5B00070B58AB01D461646002804D0012802D076
:10B5C00012200AB070BD6A4610706C460622601CDC
:10B5D000F2F79FF810223146E01DF2F79AF805A81D
:10B5E000102229460330F2F794F86846F0F7F4F891
:10B5F000E7E7FFB583B006460F46144635460120FF
:10B600000290A01D01900698072802DA002007B0DA
:10B61000F0BD272F03D01221019801700AE028788D
:10B620002B461733EA1D691C0090FFF7B5FF0199FF
:10B63000087000BF042020700E2060700298C01CAB
:10B64000A0700120E07027202071202060710298F6
:10B65000801D80B2DBE77CB504460D46012803D08F
:10B66000002C01D012207CBD0846E6F7EFFD000259
:10B6700020430090E81CE6F7E9FD0002000A019073
:10B680006846F0F75FF97CBDFFB583B005460E460E
:10B6900014462F4601200290A01D0190069807280D
:10B6A00002DA002007B0F0BD072E03D01221019866
:10B6B000017006E03878791CFFF7CDFF019908701A
:10B6C00000BF042020700E2060700298C01CA07083
:10B6D0000120E07011202071202060710298801DEF
:10B6E00080B2DFE7F3B5C3B00D46002603A8019092
:10B6F00001994398087000243EE0019887191420AE
:10B700006043285C7870761C1420604340194178AF
:10B71000B970761C142060434019811C0622F81C65
:10B72000F1F7F7FFB61D142060434019017A7972D2
:10B73000761C142060434019027A1420604340199B
:10B74000C16838460A30F1F7E4FF1420604340191D
:10B75000007A8619142060434019014610311420E4
:10B7600060434019027A38460A30131801221846FD
:10B77000F1F7CFFF761C641C43988442BDDB0421A3
:10B78000684601723E214172B01CC1B268468172A6
:10B790000221C172807AC11C2D2202A805F0C2FFCD
:10B7A00045B0F0BDFFB581B006460A9803211330BD
:10B7B0000843401C83081F48F106006803D5072290
:10B7C000BF210E400CE03921490141184A79920607
:10B7D00002D58979890702D4002005B0F0BD052281
:10B7E0003107890E08180121C9024018C06C314682
:10B7F000F8F724F805001AD00298287103986871A8
:10B800002C462F1D18340622A81D0499F1F781FF3C
:10B810000A983872FC6020460A9A0B99F1F779FF72
:10B820000C98387429463046F7F7F4FFD4E7072020
:10B83000D3E70000A003002010B500F001F810BD10
:10B8400010B5F0F7B7F810BDF8B50D4614461E4612
:10B850000127A01D0090072E01DA0020F8BD002D61
:10B8600003D012210098017004E0FFF7E5FF009972
:10B87000087000BF042020700E206070F81CA070BB
:10B880000120E0702920207120206071B81D80B255
:10B89000E4E710B5F0F7E4F810BDF8B50D4614462E
:10B8A0001E460127A01D0090072E01DA0020F8BDDA
:10B8B000002D03D012210098017004E0FFF7E9FF8A
:10B8C0000099087000BF042020700E206070F81CE2
:10B8D000A0700120E0701020207120206071B81D40
:10B8E00080B2E4E7FFB5C1B005460E46174601AC8D
:10B8F00025706670310AA170E770449820710622A5
:10B90000601D4A99F1F705FF4B98E072000A207319
:10B910004C986073000AA0734D98E073000A20747D
:10B920004E9860740421684601703E2141701321D5
:10B9300081700121C1708078C11C2C22684605F0FD
:10B94000F1FE45B0F0BD0000FFB51F4605230646D9
:10B95000C1061E4881B0006803D50522BF210E40F4
:10B9600009E03921490141184A79920629D5897996
:10B97000C90726D003223107890E08180121C90200
:10B980004018C06C3146F7F759FF04001CD00298EC
:10B9900020710398E08027720A9860722046251D66
:10B9A00006220A300B99F1F7B4FE0C98A8810D9885
:10B9B000E8810E9828820F98A87421463046F7F740
:10B9C00029FF002005B0F0BD0720FBE7A003002001
:10B9D000FFB583B004460D460E9F0C9E0D9802974E
:10B9E0000096019029462046069B059A00F002F831
:10B9F00007B0F0BDF0B589B00EAF70CF04AF0397BC
:10BA00006F4670C700F064F8002802D104A8F0F770
:10BA1000A1FE09B0F0BDFFB5C1B005460E46174600
:10BA200001AC25706670310AA170E770390A217186
:10BA300044986071000AA0714A98E071000A20726F
:10BA40000421684601703E2141700A218170032162
:10BA5000C1708078C11C2E22684605F063FE45B097
:10BA6000F0BD0000F8B51D460F4603230446C1068D
:10BA700016481646006803D51022BF210C400BE083
:10BA80003921490141184A79920602D58979490735
:10BA900001D40020F8BD0D222107890E08180121CC
:10BAA000C9024018C06C2146F7F7C8FE01000AD051
:10BAB0000F71CE800D81069A4A81079A8A812046AD
:10BAC000F7F7A8FEE5E70720F8BD0000A003002077
:10BAD000F0B50646089C124F1220059D2680BE42F6
:10BAE00001D90220F0BD0F4E8F1F6180B742F9D2FD
:10BAF000971FA280B742F5D28A42F3D3FF21F431D7
:10BB0000E3808B42EED82581311F0A3D8D42E9D278
:10BB100006996181079AA2818A42E3D30020F0BD91
:10BB2000FF0E00007B0C0000FFB587B006460F46F5
:10BB30001446354601200690E01C05900A98072817
:10BB400002DA00200BB0F0BD0E2F03D012210598B1
:10BB5000017028E0687B297B00020143E87AAA7A19
:10BB600000020243687A2B7A000218430192029184
:10BB70000090E879A9790002084303466879297999
:10BB8000000208430246E878A978000208430490BE
:10BB9000687829780002084303900499FFF718FF9A
:10BBA0000599087000BF042020700F20607006986F
:10BBB000C01CA07001202071132060712020A07192
:10BBC0000698801D80B2BDE7FFB589B012ACF0CCFD
:10BBD000179B169A18991998039702960195009445
:10BBE000059304920691079009A80FC800F002F887
:10BBF0000DB0F0BDF0B58DB084461D46164616A8B2
:10BC00008DC8139C049701AF0DC7159800900A4684
:10BC1000614605A8149B01F0FFFC002806D108A886
:10BC20000671002E04D0012E02D012200DB0F0BDFE
:10BC30004571012D05D0002D03D0022D01D0032D1B
:10BC4000F3D109A8062202301299F1F762FD08A883
:10BC50000473E0B2012806D0002C10D0022C0ED0C4
:10BC6000032CE2D103E0012C01D0032C07D168465C
:10BC7000EDF7CCFC6846EEF7ABF90028D5D005A867
:10BC8000EEF728FFD2E710B500F001F810BD10B5AF
:10BC9000EFF76EF810BDF8B50D4614461E460127A5
:10BCA000A01D0090072E01DA0020F8BD002D03D062
:10BCB00012210098017004E0FFF7E5FF0099087079
:10BCC00000BF042020700E206070F81CA0700120BE
:10BCD000E0700E20207120206071B81D80B2E4E772
:10BCE000FFB58BB006461546344601200A90E81C85
:10BCF00009900E98072802DA00200FB0F0BD0C98CA
:10BD0000192803D012210998017036E0217EE07DC8
:10BD100009020143A27D637D100218430246237D80
:10BD2000E77C180238430346A77C607C3F02384317
:10BD30000593069207910490217CE27B0802104350
:10BD40000146A27B637B100218430246207BA31DA1
:10BD5000009302920391019063792279E078A778A9
:10BD60000002384301466078277800023843089083
:10BD7000FFF72AFF0999087000BF042028700F20E0
:10BD800068700A98C01CA870012028710D20687185
:10BD90002020A8710A98801D80B2AEE7FFB5C1B01F
:10BDA00005460E46174601AC2570280A6070A6703D
:10BDB000300AE0702771380A60714498A071000A57
:10BDC000E0714A982072000A60720421684601708E
:10BDD0003E2141700B2181700721C1708078C11C08
:10BDE0003122684605F09EFC45B0F0BDF3B5C1B008
:10BDF0000D46002601AF41983870002436E020013E
:10BE0000295C2201781C8154761C2001401941785C
:10BE10002201781C10184170761C22015219911CC5
:10BE200022017B1CD218901C0622F1F772FCB61D71
:10BE300020014019017A2201781C10180172761C29
:10BE4000220152191146093122017B1CD2181046D9
:10BE500009300622F1F75DFCB61D20014019C17BB7
:10BE60002201781C1018C173761C641C419884420E
:10BE7000C5DB0421684601703E214170B01CC1B28F
:10BE8000684681700B21C1708078C11C35226846DC
:10BE900005F048FC43B0F0BDFFB504230546C106DC
:10BEA0001F4881B00C9E006803D50C22BF210D40B5
:10BEB0000CE03921490141184A79920602D5C97925
:10BEC000490702D4002005B0F0BD0A222907890ED7
:10BED00008180121C9024018C06C2946F7F7AEFCCA
:10BEE000040019D00298207103986071271D062262
:10BEF000A01D0499F1F70DFC0A9838723846062205
:10BF000009300B99F1F705FCFE7321462846F7F737
:10BF100081FC002005B0F0BD072005B0F0BD000099
:10BF2000A003002010B50023EFF748FA10BDFFB5BD
:10BF300087B006460F461446069611200590A51DAB
:10BF40000A98172802DA00200BB0F0BD202F02D08B
:10BF5000122028700CE001AA069910310698FFF70C
:10BF6000E1FF2870102201A9681CF1F7D2FB00BF85
:10BF7000042020700E2060700598C01CA070012065
:10BF8000E07017202071202060710598801D80B21C
:10BF9000DAE7FFB5C1B005460E46174601AC25707D
:10BFA0006670310AA170E770449820710622601D06
:10BFB0004A99F1F7AEFB062220460B304B99F1F778
:10BFC000A8FB0622204611304C99F1F7A2FB4D98B0
:10BFD000E075000A20764E986076000AA0764F98A9
:10BFE000E076000A20775098607704216846017057
:10BFF0003E2141701F2181700A21C1708078C11CCF
:10C000003422684605F08EFB45B0F0BD10B50446FD
:10C01000204600F001F810BDF1B51D4C0725206841
:10C020002D024119097F002690B0890701D53A26D3
:10C030002BE0F927FF00C2192021002002F025F88B
:10C04000002801D01F2620E0402268461099F1F711
:10C0500060FB2068022341190A7FC0191A430A773E
:10C060006946E7F73BFA002807D0206812264019F6
:10C07000017FFD221140017707E072B62068403051
:10C08000C1794906490EC17162B6304611B0F0BDA2
:10C09000A003002070B5C2B004460E4602AD2C705D
:10C0A00020223146681CF1F734FB042168460171F7
:10C0B0003E214171222181710921C1718079C11C08
:10C0C000332201A805F02EFB42B070BDFEB5054637
:10C0D0000E4614461F46029501200190E01C009078
:10C0E000072F01DA0020FEBD402E03D01221009858
:10C0F000017005E00298FFF789FF0099087000BF02
:10C10000042020700F2060700198C01CA0700120D6
:10C110002071262060712020A0710198801D80B2BE
:10C12000E1E7F0B5C1B005460F46164601AC2570F3
:10C13000280A607008223946A01CF1F7EAFAA672B4
:10C14000300AE0720421684601703E2141700D21E1
:10C1500081700521C1708078C11C3022684605F0CD
:10C16000E1FA41B0F0BD0A4610B501460020F0F7F3
:10C170000DFA10BDFFB581B0074614463D460320B9
:10C180000090A61D0498092802DA002005B0F0BD31
:10C190000298122802D01220307010E069782A78B4
:10C1A000090211430846A91CFFF7DDFF30706878CB
:10C1B0002978000208437070000AB07000BF0420A4
:10C1C00020700E2060700098C01CA0700120E070EC
:10C1D0001A202071202060710098801D80B2D5E760
:10C1E00010B5014600224120F0F7D0F910BDFFB58F
:10C1F00083B006460F461446029603200190A51D03
:10C200000698092802DA002007B0F0BD022F02D0FC
:10C210001220287011E002994A780B781102194314
:10C220000846FFF7DDFF287002984178027808027F
:10C2300010436870000AA87000BF042020700E2010
:10C2400060700198C01CA0700120E0701B2020715C
:10C25000202060710198801D80B2D5E710B5EFF7FE
:10C2600097F910BDFFB583B00E4614460927A51DEA
:10C2700006980F2802DA002007B0F0BD002E02D089
:10C280001220287009E001A8FFF7E8FF28700822B3
:10C2900001A9681CF1F73DFA00BF042020700E20B0
:10C2A0006070F81CA0700120E07018202071202020
:10C2B0006071B81D80B2DFE710B5EFF7E1F810BD8F
:10C2C000FFB581B00E4614460227A51D0020009040
:10C2D0000498082802DA002005B0F0BD002E02D034
:10C2E0001220287008E06846FFF7E6FF28706946CC
:10C2F00000200856687000BF042020700E20607077
:10C30000F81CA0700120E0700720207120206071CF
:10C31000B81D80B2E0E7000010B50C46FB2101809B
:10C32000FEF778FA01280ED01B201F30400941008B
:10C33000411806484078401A0921C01EE5F71CFF45
:10C340002070002010BDFB20EFE70000E01400206B
:10C35000FFB583B00E4614460427A51D00210291A7
:10C36000019106980A2802DA002007B0F0BD002EDD
:10C3700002D0122028700CE001A902A8FFF7CCFF20
:10C380002870684601896970090AA9700079E87007
:10C3900000BF042020700E206070F81CA0700120E7
:10C3A000E0700220207120206071B81D80B2DCE7AF
:10C3B00010B5EFF79FF810BDFFB585B006460F46E4
:10C3C0001446049608200390A51D08980E2802DA4A
:10C3D000002009B0F0BD022F02D01220287017E013
:10C3E00004994A780B7811021943084601A9FFF70E
:10C3F000DFFF2870049841780278080210436870C3
:10C40000000AA870052201A9E81CF1F782F900BF13
:10C41000042020700E2060700398C01CA0700120C2
:10C42000E07015202071202060710398801D80B27B
:10C43000CFE710B500F002F810BD000010B50D48B0
:10C4400007210068090241180A7F002493070DD4D0
:10C4500002231A430A7772B64030C1794906490E61
:10C46000C17162B6E7F762F8002800D03A2420468E
:10C4700010BD0000A003002070B5C2B004460E46F7
:10C4800002AD2C7040223146681CF1F742F90421BC
:10C49000684601713E214171422181710821C171BB
:10C4A0008079C11C322201A805F03CF942B070BD70
:10C4B000F8B50D4614461E460127E01C0090072ED5
:10C4C00001DA0020F8BD002D03D012210098017080
:10C4D00004E0FFF7AEFF0099087000BF0420207051
:10C4E0000F206070F81CA070012020712520607161
:10C4F0002020A071B81D80B2E4E770B504460D4657
:10C50000164632462946204600F001F870BD1CB59B
:10C5100014466A46107000A806220130F1F7F9F8B7
:10C52000224669460120EFF7AFFAFF2801D000202C
:10C530001CBD02201CBDFFB585B006460F46144643
:10C54000049607200390A51D08980D2802DA002004
:10C5500009B0F0BD072F02D0122028700CE004991A
:10C56000087801AA491CFFF7C8FF2870062201A914
:10C57000681CF1F7CEF800BF042020700E20607018
:10C580000398C01CA0700120E0702C202071202096
:10C5900060710398801D80B2DAE710B5EFF726F8D6
:10C5A000002010BDFFB583B00E4614460927A51D17
:10C5B00006980F2802DA002007B0F0BD002E02D046
:10C5C0001220287009E001A8FFF7E7FF2870082271
:10C5D00001A9681CF1F79DF800BF042020700E200F
:10C5E0006070F81CA0700120E070032020712020F2
:10C5F0006071B81D80B2DFE7F8B504460D461646F7
:10C600001F463B4632462946204600F001F8F8BD59
:10C6100010B5EEF7A9FF10BDFFB585B00E46144664
:10C620000927A51D00210491039102910191089809
:10C630000F2802DA002009B0F0BD002E02D012202F
:10C64000287018E001AB02AA03A904A8FFF7D4FFE1
:10C6500028706846018A6970090AA9708189E970A1
:10C66000090A297101896971090AA9718188E97129
:10C67000090A297200BF042020700E206070F81C87
:10C68000A0700120E0702F20207120206071B81D63
:10C6900080B2D0E770B504460D46164632462946AC
:10C6A000204600F001F870BD1CB514466A461070B3
:10C6B00000A806220130F1F72CF822466946002036
:10C6C000EFF7E2F9FF2801D000201CBD02201CBDBD
:10C6D000FFB585B006460F46144604960720039022
:10C6E000A51D08980D2802DA002009B0F0BD072F1B
:10C6F00002D0122028700CE00499087801AA491C85
:10C70000FFF7C8FF2870062201A9681CF1F701F89D
:10C7100000BF042020700E2060700398C01CA07021
:10C720000120E0702B202071202060710398801D73
:10C7300080B2DAE7044910B5884201D9022010BD61
:10C74000EFF7C0FA10BD0000FF0E0000F0B5C1B059
:10C7500005460E46174601AC25706670310AA17079
:10C7600008223946E01CF0F7D4FF04216846017026
:10C770003E2141700C2181700421C1708078C11C60
:10C780002F22684604F0CEFF41B0F0BDFEB505464D
:10C790000E4614461F46029501200190E01C0090B1
:10C7A000072F01DA0020FEBD022E03D012210098CF
:10C7B00001700AE002994A780B7811021943084681
:10C7C000FFF7B8FF0099087000BF042020700F2009
:10C7D00060700198C01CA07001202071162060714B
:10C7E0002020A0710198801D80B2DCE710B50446BE
:10C7F000204600F001F810BD10B50446EFF772F9BD
:10C800002070002010BDFFB581B00E4614460227EF
:10C81000A51D002000900498082802DA002005B029
:10C82000F0BD002E02D01220287007E06846FFF706
:10C83000DDFF287068460078687000BF0420207013
:10C840000E206070F81CA0700120E0702A2020717A
:10C8500020206071B81D80B2E1E770B504460D4636
:10C860002946204600F001F870BD10B5EEF75CFED9
:10C8700010BDFFB583B00E4614460527A51D002147
:10C880000291019106980B2802DA002007B0F0BD52
:10C89000002E02D0122028700EE001A902A8FFF796
:10C8A000DCFF2870684601896970090AA9708188CF
:10C8B000E970090A297100BF042020700E20607001
:10C8C000F81CA0700120E0702320207120206071EE
:10C8D000B81D80B2DAE710B5EEF7A7FE002010BD54
:10C8E000FFB583B00E4614460927A51D06980F28EC
:10C8F00002DA002007B0F0BD002E02D0122028700E
:10C9000009E001A8FFF7E7FF2870082201A9681CC9
:10C91000F0F7FFFE00BF042020700E206070F81CAE
:10C92000A0700120E0701C20207120206071B81DD3
:10C9300080B2DFE70D22D243027008200870002089
:10C940007047FFB583B00E4614460327A51D00218E
:10C95000029101910698092802DA002007B0F0BD83
:10C96000002E02D0122028700CE001A902A8FFF7C7
:10C97000E1FF28706846082141566970042141563C
:10C98000A97000BF042020700E206070F81CA070F9
:10C990000120E0704B20207120206071B81D80B212
:10C9A000DCE710B50446EFF79FF82070002010BDBB
:10C9B000FFB581B00E4614460227A51D0020009049
:10C9C0000498082802DA002005B0F0BD002E02D03D
:10C9D0001220287007E06846FFF7E3FF28706846DA
:10C9E0000078687000BF042020700E206070F81C72
:10C9F000A0700120E0700F20207120206071B81D10
:10CA000080B2E1E710B5272801D9122010BDEFF759
:10CA1000CFFF0028FAD1054901230A68072109023E
:10CA200051180A7F1A430A7710BD0000A0030020A6
:10CA3000FEB505460E4614461F460295012001909C
:10CA4000A01D0090072F01DA0020FEBD012E03D0AB
:10CA500012210098017006E002990878FFF7D2FFD2
:10CA60000099087000BF042020700E2060700198AB
:10CA7000C01CA0700120E0701D202071202060717A
:10CA80000198801D80B2E0E770B504460D46294646
:10CA9000204600F001F870BD1CB56A46107000A871
:10CAA00006220130F0F735FE6846EFF71FF81CBD8F
:10CAB000FFB583B005460E4614462F46012002906E
:10CAC000A01D01900698072802DA002007B0F0BDEB
:10CAD000072E03D012210198017006E03878791CE6
:10CAE000FFF7D2FF0199087000BF042020700E20CC
:10CAF00060700298C01CA0700120E0702820207196
:10CB0000202060710298801D80B2DFE71CB50128EB
:10CB100003D0002801D012201CBD6A46107000A866
:10CB200006220130F0F7F5FD6846EFF725F81CBD49
:10CB3000FFB583B005460E4614462F4601200290ED
:10CB4000A01D01900698072802DA002007B0F0BD6A
:10CB5000072E03D012210198017006E03878791C65
:10CB6000FFF7D4FF0199087000BF042020700E2049
:10CB700060700298C01CA0700120E070122020712B
:10CB8000202060710298801D80B2DFE710B5044656
:10CB9000204600F001F810BD10B5002803D0012890
:10CBA00001D0122010BDEFF713F810BDFEB50546F9
:10CBB0000E4614461F46029501200190A01D0090CC
:10CBC000072F01DA0020FEBD012E03D012210098AC
:10CBD000017006E002990878FFF7D8FF0099087005
:10CBE00000BF042020700E2060700198C01CA0704F
:10CBF0000120E0702D202071202060710198801D9F
:10CC000080B2E0E71CB504460D48016823204001CE
:10CC100008184079012801D0032807D16846ECF7AD
:10CC2000F5FC6846EDF7D4F9002803D0012C03D0B9
:10CC3000002C01D012201CBD2046EEF733F91CBD9C
:10CC4000A0030020FEB505460E4614461F46029579
:10CC500001200190A01D0090072F01DA0020FEBDE9
:10CC6000012E03D012210098017006E00299087885
:10CC7000FFF7C8FF0099087000BF042020700E2045
:10CC800060700198C01CA0700120E0700A20207123
:10CC9000202060710198801D80B2E0E710B50A463F
:10CCA0001F2801D9122010BD01461046EFF702FAE5
:10CCB00010BDFFB583B005460E4614462F46012031
:10CCC0000290A01D01900698072802DA002007B004
:10CCD000F0BD202E03D012210198017006E03878B3
:10CCE000791CFFF7DBFF0199087000BF042020705A
:10CCF0000E2060700298C01CA0700120E070082017
:10CD00002071202060710298801D80B2DFE7000052
:10CD1000F0B585B06F460A9E0D9D0C9C38807980D9
:10CD20003A71052A02D3122005B0F0BDFB713E72A4
:10CD30003846062209300B99F0F7EBFC684644713F
:10CD400085710079012804D0042802D0032DEAD887
:10CD500007E06946097A012901D00029E3D10128B9
:10CD600010D0684601880F4A084620389042DAD22F
:10CD7000684640882028D6D3012292039042D2D818
:10CD80008142D0D86846C079002805D0012803D058
:10CD9000022801D00328C6D16007C4D06846EFF747
:10CDA0002DFAC1E7E13F0000FFB589B006460F4606
:10CDB0001446354601200890A01D07900C980728BE
:10CDC00002DA00200DB0F0BD0F2F03D0122107981A
:10CDD000017019E0A87B697BEA1DAB790093019291
:10CDE000029103906B792A79E878A97800020843C8
:10CDF0000690687829780002084305900699FFF7A5
:10CE000087FF0799087000BF042020700E20607013
:10CE10000898C01CA0700120E0700620207120201E
:10CE200060710898801D80B2CCE770B504460D464D
:10CE3000164632462946204600F001F870BD70B50E
:10CE400014460D460646FDF7E5FC002805D02246AF
:10CE500029463046EFF71EFB70BD112070BDFFB5AF
:10CE600083B0074614463D4603200290A61D06984F
:10CE7000092802DA002007B0F0BD0498062802D085
:10CE80001220307019E068792B79000218430246AD
:10CE9000E878AB7800021843014668782B780002E6
:10CEA00018430190FFF7C1FF3070687829780002BD
:10CEB00008437070000AB07000BF042020700E207C
:10CEC00060700298C01CA0700120E07022202071C8
:10CED000202060710298801D80B2CCE770B50546B5
:10CEE000002440782646022801D0042803D1F1F717
:10CEF00013FA00280DD008483921006849010319A8
:10CF00002A5D5B18641CE4B29A71082CF7D3304692
:10CF100070BD1126FBE70000A0030020FEB505460A
:10CF20000E4614461F46029501200190A01D009058
:10CF3000072F01DA0020FEBD082E03D01221009831
:10CF4000017005E00298FFF7C9FF0099087000BF63
:10CF5000042020700E2060700198C01CA070012079
:10CF6000E0702071202060710198801D80B2E2E79E
:10CF700010B50446204600F001F810BD10B5EFF7DB
:10CF800027FA10BDFEB505460E4614461F4602950B
:10CF900001200190A01D0090072F01DA0020FEBDA6
:10CFA000052E03D012210098017005E00298FFF7CA
:10CFB000DFFF0099087000BF042020700E20607011
:10CFC0000198C01CA0700120E07014202071202066
:10CFD00060710198801D80B2E1E770B504460D468E
:10CFE000164632462946204600F001F870BD17B5B6
:10CFF00083B06A4610706C460622601CF0F789FB0D
:10D00000012205A9E01DF0F784FB6846EEF7F0FD6C
:10D0100006B010BDFFB583B006460F461446354630
:10D0200001200290A01D01900698072802DA002036
:10D0300007B0F0BD082F03D012210198017007E05E
:10D04000EA792878691CFFF7C8FF0199087000BFCA
:10D05000042020700E2060700298C01CA070012077
:10D06000E0704E202071202060710298801D80B2F7
:10D07000DEE7000070B504460025FDF70BFE06460E
:10D08000FDF77CFD082E01D1082801D00C2070BDD1
:10D090000C4E0D4B306806222146C018F0F739FBC4
:10D0A0002046E5F7D3F801213268000289025618BC
:10D0B000401CF065E01CE5F7C9F80002000A306684
:10D0C000284670BDA003002033070000FEB50546CA
:10D0D0000E4614461F46029501200190A01D0090A7
:10D0E000072F01DA0020FEBD062E03D01221009882
:10D0F000017005E00298FFF7BDFF0099087000BFBE
:10D10000042020700E2060700198C01CA0700120C7
:10D11000E07005202071202060710198801D80B290
:10D12000E1E710B50446204600F001F810BD10B547
:10D13000EEF79CFD10BDFEB505460E4614461F4693
:10D14000029501200190A01D0090072F01DA002018
:10D15000FEBD022E03D01221009801700AE0029950
:10D160004A780B78110219430846FFF7DAFF009955
:10D17000087000BF042020700E2060700198C01C51
:10D18000A0700120E0702E20207120206071019895
:10D19000801D80B2DCE770B504460D462946204666
:10D1A00000F002F870BD00007CB5054610480C4642
:10D1B00001682320400108184079012801D0032884
:10D1C00007D16846ECF722FA6846ECF701FF002821
:10D1D00003D0012D03D0002D01D012207CBD012CE5
:10D1E00001D0002CF9D121462846EDF76DFF7CBD1A
:10D1F000A0030020FFB583B005460E4614462F4617
:10D2000001200290A01D01900698072802DA002054
:10D2100007B0F0BD022E03D012210198017006E084
:10D2200079783878FFF7B7FF0199087000BF0420BC
:10D2300020700E2060700298C01CA0700120E07069
:10D240000C202071202060710298801D80B2DFE7E1
:10D25000FFB581B004460D4616460A9F0097324638
:10D2600029462046049B00F003F805B0F0BD0000FD
:10D270007CB5069C002803D0012801D012207CBD7B
:10D28000104D0E1FAE42F9D2161FAE42F6D2002C40
:10D2900005D0012C03D0022C01D0032CEED1012BA0
:10D2A00005D0002B03D0022B01D0032BE6D16D4615
:10D2B000287129806A80AB716C716846EFF7C6F9F6
:10D2C0007CBD0000FD3F0000FFB585B006460F465F
:10D2D0001446354601200490A01D039008980728A5
:10D2E00002DA002009B0F0BD072F03D01221039805
:10D2F000017013E0A87900906B792979E878090228
:10D3000001430A46A9786878090201430291287806
:10D310000190FFF79DFF0399087000BF0420207063
:10D320000E2060700498C01CA0700120E0700B20DB
:10D330002071202060710498801D80B2D2E710B562
:10D340000A461F2801D9122010BD01461046EFF7EA
:10D35000A7F910BDFFB583B005460E4614462F460B
:10D3600001200290A01D01900698072802DA0020F3
:10D3700007B0F0BD202E03D012210198017006E005
:10D380003878791CFFF7DBFF0199087000BF042093
:10D3900020700E2060700298C01CA0700120E07008
:10D3A00009202071202060710298801D80B2DFE783
:10D3B000F8B504460D4616461F463B4632462946FA
:10D3C000204600F001F8F8BD1FB5054A904202D989
:10D3D000022004B010BD02AAEFF77CFAF9E70000C2
:10D3E000FF0E0000FFB583B006460F4614463546D3
:10D3F00001200290E01C01900698072802DA002024
:10D4000007B0F0BD1C2F03D012210198017011E06C
:10D41000E87AA97A0002084302466878297800026F
:10D4200008432B460C33A91C0090FFF7C1FF01995C
:10D43000087000BF042020700F2060700298C01C8C
:10D44000A07001202071192060712020A071029825
:10D45000801D80B2D4E7000010B5EFF74DFB002827
:10D4600008D105490A680721090251180A7F5208A4
:10D4700052000A7710BD0000A0030020FFB581B064
:10D480000E4614460327A51D002000900498092885
:10D4900002DA002005B0F0BD002E02D01220287064
:10D4A00009E06846FFF7D8FF287068460188697070
:10D4B000090AA97000BF042020700E206070F81CBB
:10D4C000A0700120E0701F20207120206071B81D25
:10D4D00080B2DFE7F8B515460E4607462524FDF76E
:10D4E00099F9012800D1FF24272F03D8A64201D89B
:10D4F000072D01D91220F8BD2A4631463846EFF7EC
:10D5000029FB0028F7D1054901230A6807210902F0
:10D5100051180A7F1A430A77F8BD0000A0030020C3
:10D52000FFB583B006460F461446354601200290EB
:10D53000A01D01900698072802DA002007B0F0BD70
:10D54000032F03D012210198017007E0AA786978AF
:10D550002878FFF7BFFF0199087000BF04202070F2
:10D560000E2060700298C01CA0700120E0701E2088
:10D570002071202060710298801D80B2DEE770B5B6
:10D5800004460D462946204600F001F870BD70B5EE
:10D590000C460546FDF73EF9002804D021462846F2
:10D5A000EFF75CFC70BD112070BDFFB583B0054680
:10D5B0000E4614462F4601200290A01D01900698A9
:10D5C000072802DA002007B0F0BD042E03D0122194
:10D5D000019801700EE0FA78BB7812021A431146E6
:10D5E0007A783B7812021A431046FFF7C8FF019978
:10D5F000087000BF042020700E2060700298C01CCC
:10D60000A0700120E0702420207120206071029819
:10D61000801D80B2D7E70000F0B5069E079D059CEF
:10D620000180144F091FB9421FD24280121FBA4213
:10D630001BD211499A1F83808A4216D2A21FC4802E
:10D640008A4212D29C4210D3FF21F43106818E42CD
:10D650000BD809494581091F0A3D8D4205D2089919
:10D660008181099AC2818A4201D21220F0BD002034
:10D67000F0BD0000FD3F00007B0C0000F0B5C1B024
:10D6800004460D46002600AF03373C70002012E030
:10D690008100695A82007B1CD2181170090A5170EE
:10D6A000B61C8100491949888200D2189170090A74
:10D6B000D170B61C401CA042EADB04216846017010
:10D6C00013214170701CC1B2684681708078C11C02
:10D6D0000622684604F026F841B0F0BD10B50449B2
:10D6E000062209687831F0F714F8002010BD000018
:10D6F000A0030020FFB583B00E4614460727A51DE2
:10D7000006980D2802DA002007B0F0BD002E02D0E6
:10D710001220287009E001A8FFF7E0FF2870062218
:10D7200001A9681CEFF7F5FF00BF042020700E2050
:10D730006070F81CA0700120E0700920207110209A
:10D740006071B81D80B2DFE7F8B5044640220021C1
:10D75000EFF7E9FFF0F7E0FD054603F037FA07467B
:10D7600003F0D2FF0646202020708020A070C02049
:10D7700060710420A0722820A0732220E073F7209B
:10D78000607638463C214843C3210843A07638469A
:10D790000C214843F3210843E0767E200743277796
:10D7A000FDF738F8C021484320346070FDF732F8A7
:10D7B00006214E43F821304369430843A070FDF72A
:10D7C00029F8E900C000491B0843E0708020A071DF
:10D7D000A800E0710020F8BDFFB591B00E461446D8
:10D7E0004127A51D1498472802DA002015B0F0BD86
:10D7F000002E02D01220287009E001A8FFF7A4FF34
:10D800002870402201A9681CEFF783FF00BF0420A5
:10D8100020700E206070F81CA0700120E0700220C3
:10D82000207110206071B81D80B2DFE710B504468A
:10D8300008220021EFF777FF60202071002010BD43
:10D84000FFB583B00E4614460927A51D06980F287C
:10D8500002DA002007B0F0BD002E02D0122028709E
:10D8600009E001A8FFF7E2FF2870082201A9681C5F
:10D87000EFF74FFF00BF042020700E206070F81CEF
:10D88000A0700120E0700320207110206071B81D8D
:10D8900080B2DFE730B50B24039D047005480068B3
:10D8A0008030408C0880147030201880162028802A
:10D8B000002030BDA0030020FFB589B00E461446FD
:10D8C0000927A51D00210891079106910591049152
:10D8D0000C980F2802DA00200DB0F0BD002E02D007
:10D8E0001220287036E004A805AB06AA07A900900C
:10D8F00008A8FFF7CFFF287001A8EBF71BFF6846C9
:10D90000808B0107090F0791684640790007010CD9
:10D91000684680790007000D0843694609790907C0
:10D92000090E08436946898B0843079008A90878BF
:10D9300068706946888BA870000AE870087E2871B4
:10D94000898A6971090AA9716946098AE971090A0E
:10D95000297200BF042020700E206070F81CA07097
:10D960000120E070207110206071B81D80B2B3E713
:10D97000F8B506460020009069463046EEF7FAF901
:10D98000050002D0452D26D026E014480721006866
:10D9900009024118C97F0227009C09071CD50221F2
:10D9A0008B020830C0180C22C06C0B46F5F746FFFE
:10D9B000010011D08E8022788A716278A3781B02D0
:10D9C00013430B81E3782279384612021A434A81C5
:10D9D000F5F720FF00E000252846F8BDA003002051
:10D9E000FFB5C1B005460E46174600AC033425709E
:10D9F0006670310AA170E77044982071000A607166
:10DA00004A98A071000AE0710421684601700C2157
:10DA10004170082181708078C11C0222684603F0A1
:10DA200081FE45B0F0BDFEB505460E4614461F46C4
:10DA3000029501200190E01C0090072F01DA0020E0
:10DA4000FEBD022E03D01221009801700AE0029957
:10DA50004A780B78110219430846FFF789FF0099AD
:10DA6000087000BF042020700F2060700198C01C57
:10DA7000A070012020711D2060710420A071019808
:10DA8000801D80B2DCE710B50C4601462046EEF75B
:10DA9000FFF8002801D07E21217010BDFFB583B0B2
:10DAA00006460F461446029604200190A51D00204C
:10DAB000009006980A2802DA002007B0F0BD022F75
:10DAC00002D01220287016E002994A780B781102D1
:10DAD000194308466946FFF7D6FF28700298417837
:10DAE0000278080210436870000AA8706946002096
:10DAF0000856E87000BF042020700E206070019866
:10DB0000C01CA0700120E0700520207114206071FD
:10DB10000198801D80B2D0E770B50E4615460024EE
:10DB20000321FDF74FF87F21082807D0012E07D0E9
:10DB3000002E08D012242970204670BD0224FAE776
:10DB400008202870F8E72946EDF7FEFC0446F3E7C5
:10DB5000FFB583B0074614463E4604200290A51D3B
:10DB60000020019006980A2802DA002007B0F0BDD4
:10DB70000498032802D01220287015E0B17870783C
:10DB8000327800021043034601AAFFF7C5FF287050
:10DB900070783178000208436870000AA8706946FE
:10DBA00004200856E87000BF042020700E2060702A
:10DBB0000298C01CA0700120E0702D2020710C2064
:10DBC00060710298801D80B2D0E710B5F4F79AFD1D
:10DBD000002010BDF8B50D4614461E460127A01DB5
:10DBE0000090072E01DA0020F8BD002D03D012218D
:10DBF0000098017004E0FFF7E8FF0099087000BF8B
:10DC0000042020700E206070F81CA0700120E070CD
:10DC1000032020710C206071B81D80B2E4E7000081
:10DC2000FEB5064602200190B0880090B579032128
:10DC3000681D0843401C83081348022100688C02B9
:10DC400008300019377B1122C06CF5F7F7FD04008E
:10DC500017D00098A0800020A771E07101462346EC
:10DC600025812A4630460A33EFF76EFF2146019898
:10DC7000F5F7D0FD002401213046F0F709F82046E1
:10DC8000FEBD0724FBE70000A0030020FFB5C1B0E4
:10DC900004460D4616464A9F0221684601714471AA
:10DCA0002005000F29010843B1010843C1B26846AD
:10DCB0008171022244A9C01DEFF72BFD40A8028A02
:10DCC0003946F738EFF725FD40A8008A401D81B29C
:10DCD0000022D24301A803F02FFD002045B0F0BD83
:10DCE00070B5084A0021034607241268084624023A
:10DCF00056185D5C3619491CC9B2B5770829F7D3A7
:10DD000070BD0000A0030020FEB505460E46144677
:10DD10001F46029501200190A01D0090072F01DAF7
:10DD20000020FEBD082E03D012210098017005E0EE
:10DD30000298FFF7D5FF0099087000BF04202070FB
:10DD40000E2060700198C01CA0700120E07020714E
:10DD50000C2060710198801D80B2E2E7F8B504469E
:10DD6000002000902B481D4600680E46A030007928
:10DD7000C0070DD02848844247D803212046FCF72D
:10DD800021FF0746082840D2F00703D0012602E011
:10DD90000C202CE00226002D2BD0FB2D00D9FB25DA
:10DDA0002A4621460020EFF717FF04002FD0E58018
:10DDB0002A460021069BEFF7BFFF1648016807209F
:10DDC00000020A18507F0121B940084202D0022601
:10DDD0008843507726730120E0742046E5F758F811
:10DDE000002812D000212046EFF752FF02200090B9
:10DDF0000BE0022E09D1074801220168072000022A
:10DE00000818417FBA40114341770098F8BD0720B8
:10DE1000EDE70000A0030020FF0E0000F8B5074664
:10DE200085880E4810220068D401083002260019A7
:10DE300001233146C06CF5F701FD01000CD08D8047
:10DE400001220024CA803046F5F7E4FC0021384660
:10DE5000EFF71EFF2046F8BD0724FBE7A0030020D4
:10DE60000170090A4170704701700A0A4270090C7A
:10DE70008170704701700A0A42700A0C8270090EA4
:10DE8000C170704701700A0A42700A0C8270090E54
:10DE9000C170704701700A0A42700A0C8270090E44
:10DEA000C170704701700A0A42700A0C8270090E34
:10DEB000C170704710B5C2780D4C08682168A03158
:10DEC0000979C90705D0FFF7ABFE002806D043202B
:10DED00010BD01461046ECF7C9FAF6E772B64B21C1
:10DEE0002268490152181178491E117062B610BD9E
:10DEF000A003002070B503464322DC7800260868A2
:10DF000010E005680660C17CC90702D0FFF786FFF4
:10DF100003E001462046ECF7A9FA020001D04322B3
:10DF20000EE028460028ECD1002A09D172B6054837
:10DF300001684B20400109184878401E487062B6BD
:10DF4000104670BDA003002070B5C57804460E468B
:10DF50002846ECF79AFA31462846E7F7D3FB00202B
:10DF6000E070A078BF210840A070452070BD10B5BA
:10DF70000446C078ECF789FA0120E070A078BF2150
:10DF80000840A070452010BD10B50446C078ECF7DD
:10DF90007CFA0220E070A078BF210840A0704520E4
:10DFA00010BD10B50446C078E7F7ACFB002806D0DA
:10DFB0000520E070A078BF210840A070452010BD6A
:10DFC00070B5C57804460E462846ECF75EFA314631
:10DFD0002846E7F797FB0320E070A078BF210840B0
:10DFE000A070452070BD0621C1708178BF2211400C
:10DFF00081704520704710B50446C078E7F782FB72
:10E00000002806D00A20E070A078BF210840A07048
:10E01000452010BD70B5C57804460E462846ECF77D
:10E0200034FA31462846E7F76DFB0920E070A07806
:10E03000BF210840A070452070BD10B504460846B9
:10E0400005F0EAFD0820E070A078BF210840A0702C
:10E05000452010BD10B5C078ECF717FA002010BDB0
:10E0600010B50446084605F0FBFD0720E070A078D7
:10E07000BF210840A070452010BD0021012802D01A
:10E08000002800D047210846704730B504460120DB
:10E09000002306E0D55CA54201D0002030BD5B1C0A
:10E0A000DBB28B42F6D330BD70B51148092402684B
:10E0B0003F2040011018037F002024021419A032D1
:10E0C0000146157B10E0DA070BD06022A66E4A43AA
:10E0D000B21892785207520F052A01D0022A00D1B5
:10E0E00001205B08491CC9B28D42ECD870BD00000C
:10E0F000A00300200B49FD220968D2008A182032B3
:10E10000927E36311207120F824206D009780A0732
:10E1100005D44907490F814201D1012070470020F1
:10E1200070470000A0030020064801684B20400112
:10E13000081801788078814201D9012070470020B9
:10E1400070470000A0030020064801684B204001F2
:10E1500008184178C078814201D901207047002019
:10E1600070470000A0030020F0B5EF48EF490068B9
:10E1700095B04418EE4941180391EE498968CA01E7
:10E180007ED54A03EB4909697BD4C889012252072D
:10E1900080184088851888898018408806A98718C3
:10E1A00028780607360F2846FCF76AFDE1488068A4
:10E1B000002867DA022012AB032E02D0052E69D0A8
:10E1C0007AE1DC4EF178C9065CD501217171D6493E
:10E1D0000968E031097C002921D008A9087003985A
:10E1E0000C90099510A80E900A970B930D94084671
:10E1F000F0F79EFB30713079012843D001200006F2
:10E20000B0613069018A20468030026A1180018C39
:10E2100030690182817A8022114381724CE104A924
:10E220002846FCF7A1FCA81C01460A786B79104629
:10E230004A78120210438A78C978120410430906FA
:10E240000843297800024906C90F08431946AB79EB
:10E250002A7A1B021943EB7912061B041943114356
:10E260000902F0F74DF8049922689142C3D105994B
:10E2700062689142BFD1012806D0F078400602E0E2
:10E2800049E19FE088E002D500203071B6E7012027
:10E29000307111E1A749C97809077DD50126002110
:10E2A0000922D2065160A0490968E031097C0029A1
:10E2B0002ED008A9087003980C90099510A80E900C
:10E2C0000A970B930D940846F0F732FB01469948E4
:10E2D000017110A8EEF72FFE01286DD0954E307910
:10E2E000012869D03069009006AB21462846F268C3
:10E2F000FCF7F4FC8C49002009682031C8742046E2
:10E30000C030C17BB278914246D10821C173D3E0BD
:10E310000027089704A928460997FCF725FCA81CA4
:10E3200001460A7810464A78120210438A78C97862
:10E330001204104309060843297800024906C90F50
:10E34000084308906A79297A1046AA7909061202C8
:10E350001043EA791204104308430002000A0990AE
:10E3600008A8EEF7E8FD012800D10026099801026F
:10E370000898EFF7C5FF01466E4801220271049A22
:10E3800023689A4216D1059A63689A4212D10129EC
:10E3900004D0C178090600E08EE00BD5C17889066B
:10E3A00007D50699A268914204D10799E268914283
:10E3B00000D10771002E91D1A420015B5D48006956
:10E3C000018279E05B4A8B89A021095B89B28B428B
:10E3D00001D1012191712321490141188979524DBF
:10E3E000012969D1112189014218927DFF2A63D048
:10E3F00037214A431218FF3241320394507B0028E0
:10E4000036D11321C9012E6813787618B7680646ED
:10E410002A36BB552E68521C7618B7680646523607
:10E42000BB552E687618B76806467A36BB552E68F7
:10E430007618B7680646A236401CC0B2BB550628FF
:10E44000E1D3286840224018816820310B7A1343B9
:10E450000B72816840310B7C13430B74816860310F
:10E460000B7E13430B768068A03001781143017056
:10E470000398007E012819D11121286889014118CB
:10E48000897D372251430918FF202F30405C002836
:10E490000CD10398FF31406B48310830F4F720FA73
:10E4A00003988022406B01781143017023212A6870
:10E4B00000204901511888711E480369997A09069C
:10E4C00029D51D8A22468032918C89B28D4222D173
:10E4D0002F21158A095DD97200210923DB065960B5
:10E4E000FF23691E5533994200D81182002D04D1B3
:10E4F000012181618078FBF789FA0B484921006886
:10E5000049014018407E002802D0012003F022FA81
:10E510000120FAF789FE07488068400302D52046AB
:10E5200001F022FD15B0F0BDA00300205808000046
:10E530003C09000054030020F0B5FF48FF49006883
:10E5400001254418FD21C9004318FD49ED03084683
:10E550008A68C06883B0AA4204D0856AAE7AEE2782
:10E560003E40AE72D70100260125002F52DA570334
:10E5700036D4570104D50922D20656600D7021E029
:10E58000570012D5C278521E1206120EC27003D165
:10E590000922D20656600D704279170612D552062E
:10E5A000520E4271826942610CE0E64F3A4203D05A
:10E5B00022221555826942610279C270427952065F
:10E5C000520E42710927FF06DB6B3A699A1A130251
:10E5D00001221B0AD20593421CD90D707E6019E0FE
:10E5E0000A699389012252079B185B889A18436B2A
:10E5F00093420AD19278142A07D102464032134638
:10E60000127FDF273A402A431A7701220369D20397
:10E6100093430361CA498B68590213D5C8490A69F3
:10E62000978901225207BF187F88BA184A61416B47
:10E63000914207D191780D2904D101220169120478
:10E6400091430161002B6FDAB42109594A880121F5
:10E650004907BB4F5118F9610921C9064969C90D1C
:10E66000C90707D009207D70C00646603D70B648D6
:10E67000B861E4E0008A80040AD5FCF7CBF80128F1
:10E680002FD01C22F9694878024201D0001F48703F
:10E69000AB49C869C96802788B6A5F8801235B0748
:10E6A000FB181B781343DB0604D4A54B1D7009230C
:10E6B000DB065E60D243920715D00869A04FC00305
:10E6C00077D5FCF7A7F8012874D01F20F96949789D
:10E6D00008426ED009207D70C00646603D709A48A1
:10E6E000ACE0FC22CEE7877843783A469C461A2F66
:10E6F00072D2964B9A5CFF2A6ED062456CD1042F81
:10E7000013D0052F16D0062F2BD0022F32D00D2F6D
:10E7100037D00A69D3033BD5894809214570C9061A
:10E720004E600570884931E089E0894A08691043E4
:10E73000086184E0824908690670467146708671F6
:10E740008670C671C6700672802202714672C968F0
:10E7500001230A695B021A430A61C17D0822114341
:10E7600034E041230A699B029A430A6101217448FB
:10E7700089030BE0496B72480D60C0682721417125
:10E780005DE06F4801228169D2051143816156E045
:10E790000B2F10D00E2F1BD0092F1ED00C2F20D0E6
:10E7A00002466C4B39460020E5F768FF002846D149
:10E7B0002CE03BE038E0684B61481A430523DB025C
:10E7C0009A430A610069C17DF7221140C17536E0A4
:10E7D000102002430A6132E020E001210903584879
:10E7E000D4E797070423002F07DA554FBB610223B4
:10E7F0009A430823CE273B5500E01A432A430A6177
:10E800000522C01C2C31FBF775FE18E04C4808228D
:10E81000C068016911430161C77110E008690822ED
:10E8200010430861CF710AE0FF204FE72146FB68E3
:10E830003A69F869EEF786FBB9690843B861404A5E
:10E84000D0681169076A8B89012149075B18009319
:10E850005B885918002351610193926811239B042E
:10E860001A421ED153011CD4436B8B4201D00123A9
:10E8700000E000230293884201D0012300E000233E
:10E880009C46002F0DD0029B002B0AD06346002B24
:10E8900007D0FB7CDB0904D03B68002B01D00123AF
:10E8A0000193520202D4019A002A72D0427993074E
:10E8B00001D5002F17D052085200436B8B422BD149
:10E8C0004271D2060BD51E4A55700922D2065660F7
:10E8D0001B4A224B157092691A43194B9A61897829
:10E8E000152903D04AE02A434271E6E70146403148
:10E8F0008C460A46097FFD23194011770A073DD54A
:10E900000F4A012392695B061A430D4B9A61F72265
:10E9100011406246117731E081422FD03A8ABB7CA8
:10E920000021D2183A827A69BA61BE743A8AFB88A9
:10E930009A4217D2FB7C13E0A00300205808000085
:10E940005403002000004080088010000051061091
:10E95000000101006C0300208054010008800100C8
:10E96000DB0902D03F68202104E0D20602D1BA6957
:10E970001268BA619F4A93691943916101690291D2
:10E98000002101914179C90704D09A49406B48613F
:10E990002EE048E0002F06D0FFF7D6FB002802D17A
:10E9A000029840050FD59348C168416180680028EE
:10E9B00002DB1120088000E00D8001220869D203EB
:10E9C0001043086114E0012001908B49387C0968EC
:10E9D00009221202C0068918C00E496F801C854AA0
:10E9E00040185061009948803946D068FBF7D0FE46
:10E9F000804F8121F8688901006908420AD0FBF73D
:10EA000009FF01280AD01F2279694878024201D003
:10EA1000001D48700198002802D004E0FF22F3E7AF
:10EA20000099B88A4880734F21463B69FA68F869B3
:10EA300001F012FA387801287ED13B46D8681B696C
:10EA4000417980229A7203894022125A5B1C038109
:10EA5000234620339F785200002F02D14769BF1A06
:10EA6000476100269E70836A9E7A11273E439E72FC
:10EA70002646604BC036B77B9B789F4209D173898D
:10EA80009A1A728105D55B4A5C4F557093693B4376
:10EA900093614369574A002B04DC5570584F9369C2
:10EAA0003B4393618B060AD54B0705D45570554BF4
:10EAB00091691943916102E0FB2319404171017989
:10EAC000C1708179C90742D027464037798E0089C5
:10EAD000081A012180B2C903884205D345484A4A31
:10EAE00045708169114331E0002830D147480088E2
:10EAF0004007400FFAF7D6FE00903E484022C0681B
:10EB00008179490849008171317A49084900317297
:10EB10009C21095B1152FA8D798D1205120C9446D5
:10EB200082898A4205D18369634502D1009A002A0D
:10EB300007D0304A402600E05AE09369334393619E
:10EB400001E00822B2738181F98D090181612948B0
:10EB50002F4FC1688A79930728D576231B5B0E89CE
:10EB60009B1B01269BB2F603B34205D34570264A90
:10EB70008169114381611CE0002B17D1FD231A40EC
:10EB80008A7180220169125921310A70130A4B706F
:10EB9000130C8B70120ECA7060340169A27E203192
:10EBA0004A7101228169520511438161417800292E
:10EBB00012D0C068002181700920C006416013484E
:10EBC00000884007400FFAF721FF0B480168C81979
:10EBD000407E002806D108E007480168C819407E39
:10EBE000002802D0012002F0B5FE0120FAF71CFB3C
:10EBF00003B0F0BD54030020A003002008804000B3
:10EC0000088004000880020008800800C00000207E
:10EC100020090000F0B5FF4885B00168FE480C18D7
:10EC2000FE4EB168C8017DD5204680300090806BD3
:10EC3000827AEE231A40827230464A030125C06868
:10EC4000002A42DB4A0105D500200921C906486097
:10EC5000357036E04A0012D5C178491E0906090E02
:10EC6000C17003D10922D2065160357041790A067C
:10EC700027D54906490E41718169416121E0E84A81
:10EC800011420AD0224620329570490202D5032152
:10EC9000917000E095708169416101792246C170EF
:10ECA00040329179002908D00921C9068968A164F8
:10ECB00000210223E1649377A16541794906490E59
:10ECC000417100204621085543E031698A890121BC
:10ECD000490752185288436B5218934213D19378C4
:10ECE000142B03D09278042A08D00CE0034640335A
:10ECF0001A7FDF273A402A431A7704E0012302698A
:10ED00009B021A430261806A408840187D21007886
:10ED1000095D0843C00606D4002009213570C906E4
:10ED2000486010E07CE2606D01F0F2FE01460920CF
:10ED3000C0060269236DD21A1202120A914202D24F
:10ED4000357000214160F06801220169D2039143CE
:10ED50000161B168480213D53069808901225207E8
:10ED60008018408880187061F268536B834207D125
:10ED700080780D2804D1412310699B0298431061CB
:10ED8000002948DA0098806B418801204007A34F92
:10ED90000818F8610920C0064069C00DC00707D0F7
:10EDA000002009217D70C90648603D709D48F3E050
:10EDB000F86841210069490108420AD0FBF72AFDA1
:10EDC000012829D01C22F86941780A4201D0091F84
:10EDD0004170F8697D2201781155C94389071DD01A
:10EDE000F8680069C00370D5FBF714FD01286DD0E9
:10EDF0001F20F9694978084267D0002009217D70F9
:10EE0000C90648603D708748B861F8680121026909
:10EE100009048A430261C0E0FC22D4E78678417885
:10EE20001A2E76D2804A925DFF2A72D08A4270D121
:10EE3000022E15D0F9684A79D2065BD4062E16D078
:10EE40000A69D30328D5002209237D70DB065A60A6
:10EE50003D70744ABA6101200A69000482435CE093
:10EE6000F868406B0560F9682320487195E001223D
:10EE7000B86992031043B8616C4A086910401522C2
:10EE80005202104308612046C030C17BBA789142DB
:10EE900030D10821C17380E0002E18D0012E2AD075
:10EEA000032E2DD00A2E35D00B2E38D0082E39D077
:10EEB000092E3AD00C2E3BD002465D4B3146012044
:10EEC000E5F7DCFB002868D14BE05DE05AE00A463C
:10EED0003E46214605F017FDF0698179C0790002B0
:10EEE00008435449400240185349896A814200D876
:10EEF0000846606551E00A46214605F0EDFC4CE00D
:10EF0000BB6980263343412000040243BB610A6190
:10EF100043E028E08920C00105E00A613DE0474860
:10EF20000240FAE710200243F7E70121090327E036
:10EF30003B4697070426002F08DA9F6937439F61F5
:10EF400002239A430823CF26335502E0D30700D18A
:10EF500032432A430A610522C01C2C31FBF7CAFA4E
:10EF60001BE0072E06D0F8680822016911430161F1
:10EF7000C67112E0F969C9780E290ED101218906FE
:10EF8000B9610AE0FF2034E72146FB683A69F86975
:10EF9000EDF7D8FFB9690843B861204BD868196903
:10EFA000066A0F8A01225207BF1801977F88BA1894
:10EFB00000275A6102979B681127BF043B421ED16C
:10EFC0005F011CD4476B974201D0012700E0002766
:10EFD0000397904201D0012700E00027BC46002E95
:10EFE0000DD0039F002F0AD06746002F07D0F77C73
:10EFF000FF0904D03768002F01D0012702975B0278
:10F0000002D4029B002B78D043799F0701D5002EB4
:10F0100020D015E0A0030020580800005403002071
:10F02000000040800800100000510610DFFBFEFFCA
:10F030006C0300209AFDFFFFC0140020BFFFFEFFFD
:10F040005B085B00476B974243D143719378042B75
:10F0500005D016E02B431F462F434771F2E72346A6
:10F06000C033DF7B082F05D1DC4FBF78DF737D27EE
:10F070007F029F81D94B01279B69FF063B43D74FF6
:10F08000BB614379DB060CD5D44B09275D700023A7
:10F09000FF067B60D14BD24F1D709B693B43CF4F26
:10F0A000BB619278152A32D1074640373A7FFD235B
:10F0B0001A40BC463A77130729D5C84B01279B69EC
:10F0C0007F063B43C54FBB61F7231A4063461A775F
:10F0D0001DE082421BD0338AB77C0022DB193382C9
:10F0E0007369B361B274338AF788BB4202D2F77C8A
:10F0F000FF0903D03668202205E068E0DB0602D174
:10F10000B3691B68B361B54B9F693A439A61427911
:10F110000027D20717D0B14A436B53619A78052A6A
:10F120003BD1026920231A43026100200870487114
:10F13000487088718870C871C87008720871487208
:10F140008020487229E0002E0AD0FEF7FDFF00283B
:10F1500006D1A2483322C16852010969114209D07F
:10F160009E490122C868486105800169D2031143A4
:10F17000016112E09B4A317C126809231B02C90617
:10F18000D218C90E526F0127891C89184161019A52
:10F1900051803146C068FBF7FBFA904E2121F068A0
:10F1A0008901006908420AD0FBF734FB012809D025
:10F1B0001F2271694878024201D0001D4870002F5B
:10F1C00002D004E0FF22F4E70199B08A4880834E20
:10F1D000F26810694106890F13D080063178C00F9C
:10F1E000012902D0B16849031CD5002804D0306938
:10F1F000C17D0823194303E03069C17DF72319401D
:10F20000C17521463369F06900F026FE3078012887
:10F210000BD000997448896B0322091D02F092FB00
:10F2200005B0F0BD0028E7D1E1E76C480121C268D4
:10F2300000695379C67A01962026365C00278772CA
:10F24000204620300290807803281CD197796348AB
:10F25000002F18D19F06BF0F15D1624F3F6820378E
:10F26000FF7C002F0FD1176A002F0CD1CF273F5DF5
:10F270008078874207D09089411C7043019E89B2F3
:10F28000801980B201904020805A1689400048437E
:10F290007118118102998978002902D15169091ADE
:10F2A00051610099896B8E7A11273E438E722646F2
:10F2B0004A49C036F77B89788F420AD1B189091A49
:10F2C000B1810FD54549494F4D708E693E438E61DE
:10F2D00008E056694149002E04DC4D70444F8E69A8
:10F2E0003E438E61990605D53C49424E4D708B696F
:10F2F00033438B6111792746D1704037BD71E16C82
:10F3000080B20818E0649079FB210840334E907178
:10F31000C00717D0B88E1189401A012180B2C903E5
:10F32000884205D375703449B0690843B06109E07B
:10F33000002807D1012300212046EDF74DFEB169D9
:10F340000843B061F06881798A0723D53A8F038931
:10F35000D21A521C012392B2DB039A4205D3757074
:10F360002549B0690843B06114E0002A12D1FD229A
:10F3700011408171306900992130496801700A0A91
:10F3800042700A0C8270090EC17060343069E17EEF
:10F3900020304171019801F07BFC3169C8720298FC
:10F3A000002787707078002802D0B078FAF72EFB1B
:10F3B0000C4C582120680D54492149014018407EC9
:10F3C000002802D0012002F0C5FA0120F9F72CFF35
:10F3D00020684030077605B0F0BD000054030020DF
:10F3E00008000100A0030020FA003000088040005F
:10F3F000080004000800020008000800FFB50646E7
:10F400008DB050890690F9480921006809020A90D8
:10F410004018806E14460C905279204640305106B8
:10F420001D460B90002901DBE8076FD000200890F3
:10F430000B9800880190A089A1698446A0784007B4
:10F44000400F05282FD003282DD001200990BF2080
:10F45000024062710E9FEA07384640301037002A9A
:10F4600009D03C21089100210E9F069101918183D2
:10F470008C468180083739220A9B52019B185A79A1
:10F48000920612D5DA7992070FD58088019B6246E1
:10F4900001920390009302913946069B089A0998BD
:10F4A000EFF79EFD32E00020D0E700790903090C58
:10F4B0006246019B0293039204910590786801973C
:10F4C0000002000E00900A98A0300079C00701D019
:10F4D000002000E010208030099B069A0899FCF774
:10F4E00033FAE8070899C00F08430FD1786806225D
:10F4F000C003C10FBE480068816339463930EEF75A
:10F5000008F9BB4800683830EDF7F2FC0E9F280779
:10F510000122C037002872DA20698446E80301D549
:10F52000162017E0A80301D5132013E0280301D506
:10F5300028200FE0E80201D53D200BE0680201D54C
:10F54000222007E0680334D56079000601D4082042
:10F5500000E03E200290B87B602148430C9940189F
:10F56000A04201D10820B873F87B602148430C9970
:10F570004018A04201D10820F8739E480088430734
:10F580009A485B0F0068014640314F7B9A40974391
:10F590004F73052261469202114220D029041ED5E4
:10F5A000218A49040ED5A0300079C00703D000207D
:10F5B00002E01F20CEE710208030069A0299FBF768
:10F5C000B7FE0CE0A0300079C00701D0002000E0B9
:10F5D000102000238030069A0299FBF761FE206A12
:10F5E000002801D0E3F786FC0020206260627F489B
:10F5F000A4210068095CC90702D0002501E039E0B8
:10F6000010250299069F022380350791E90603D54C
:10F610000222BF210D4006E0072109024118897F1F
:10F62000C90614D500222907890E09180120C00235
:10F630000818C06C2946F4F701F9010007D0002230
:10F640000A71CF80079A0A722846F4F7E3F8204639
:10F650003830EDF75FFC00272761E0693D46002860
:10F6600007D0828806998A4203D10121EEF710FB68
:10F67000E76187E1680621D5A0784007400F05289B
:10F6800001D1A1696161002105280CD0208BA289DC
:10F690000004000D019000920B98069A03888020C8
:10F6A000FCF7E0F96EE1606B4389028901930092F7
:10F6B000C3888020069AFCF7D5F96AE0680723D54D
:10F6C0008020049049480721006809024118C97F39
:10F6D0000223069F0907CCD5990240180C22C06C62
:10F6E0000499F4F7ABF80100C3D08F80F2788A71E7
:10F6F0003379727912021A430A81B379F2791202CC
:10F700001A434A8104983BE12805800F06D00E98E1
:10F71000694631C1684600F09FFA33E13648054238
:10F720003DD0E80401D5002000E01A20079006989B
:10F730000290F01C8021089005912C483921006826
:10F74000490141184A79032392061AD58979090794
:10F7500017D50121C90240180E22C06C0599F4F793
:10F760006DF8019000280CD0079901710299C180B1
:10F77000082208300899EDF7CCFF01990598F4F7B5
:10F7800049F8A0784007400F052802D0022803D08E
:10F79000F8E00820B873F5E00820F873F2E0680498
:10F7A0002CD5208A4004114800680CD5A03000797F
:10F7B000C00701D0002000E0102000218030069A10
:10F7C000FBF7B6FD0CE0A0300079C00701D00020A7
:10F7D00000E01020012300218030069AFBF760FD35
:10F7E000A0784007400F0528D3D0CBE0A00300202D
:10F7F00060030020C00000200010000428021ED575
:10F80000208A00051AD59348F1780068A030007965
:10F81000C00701D0002000E0102000238030069AAD
:10F82000FBF73EFDA0784007400F052801D10820D6
:10F83000B87343212069890288432061A2E00E99B0
:10F840002A06803184480191002A26DA02A933462B
:10F8500007910D337F4900930968169F0918082204
:10F86000F01C2637FAF746FEF17A307B08220002B8
:10F8700008430199C88307990098FAF73BFE009B5B
:10F880000422184639460830FAF734FE01980299E6
:10F89000C16301980399016474E029013CD56D4965
:10F8A000A4220968525CD20701D0002700E010278B
:10F8B0000818039001980323C08B80370590F80641
:10F8C00003D50622BF20074009E03920400108186F
:10F8D0004279920656D58079C00653D5042238075E
:10F8E000800E41180120C0020818C06C3946F3F799
:10F8F000A5FF0190002845D0001D029006990180C7
:10F9000002980822801C0399EDF703FF02980599DD
:10F9100041813846019933E0A80200D539E7A801B2
:10F9200030D5802001900B98069F408902900B985B
:10F930003921008B07900B984901C08906900B98DC
:10F940000323408B04904348006841184A7992068B
:10F9500018D58979490615D50121C9024018062212
:10F96000C06C0199F3F76AFF01000BD08F80029AF7
:10F97000CA80079A0A81069A4A81049A8A81019864
:10F98000F3F748FFA8060AD5206A01682162002122
:10F990000160226A002A00D16162E3F7ABFAE8064F
:10F9A0001AD5FAF737FF012852D01F277078B11CFB
:10F9B0000740E0693A468068EDF7CCFBE069C78014
:10F9C000E069002707603078E1698007800F0873DD
:10F9D000E069E3F73FFAE761E80137D51698C18996
:10F9E0000120400709184988081801784906CD0FF9
:10F9F00006A9FBF745F9A1200090A67B0698089080
:10FA00000798099013483921006849014118497E37
:10FA10000223C9071AD09902001D40180F22C06C9A
:10FA20000099F3F70BFF040010D02671271D6571B4
:10FA3000042208A9A01DEDF76CFE042209A9B81D37
:10FA4000EDF767FE21460098F3F7E4FE11B0F0BD34
:10FA5000FF27ABE7A00300209C090000F0B58FB0A2
:10FA6000076841680A917949794A096800898918C3
:10FA70000B910121099100210891400514D50B98A3
:10FA80008469C6692078617B05072D0F89090129E2
:10FA900003D1C00901D0012000E000200890022D10
:10FAA0000CD9062D08D109E00B983C6B066A20782A
:10FAB00005072D0F042D01D000200990E079800961
:10FAC000012804D12078400601D5012100E0002161
:10FAD00060480170E020C05D00283DD001208646CE
:10FAE000002084463078132100901DE000200D9006
:10FAF00042182318B25C9B789A4201D001220D92E1
:10FB0000401CC0B20628F3D37046002804D00D98DC
:10FB1000002801D0012000E000208646891F6046B1
:10FB2000401CC0B2C9B2844600988445DED37046FA
:10FB300000287AD00098401CC0B2042800D90420C4
:10FB400030701222711CF01DFAF7D4FC31460622E7
:10FB50001331A01CFAF7CEFC062D02D0022D02D0E4
:10FB600002E0022500E0032520784006C00F049043
:10FB7000012D0AD06078801FC606F60E3348F021AA
:10FB80000068095C012914D02FE000266946204650
:10FB9000FAF7EAFF2D480068E030007C0028EDD13C
:10FBA0000098396888424FD10198796888424BD1D2
:10FBB0001BE01121890141180A7DFF2A15D0254932
:10FBC0000B78012B01D102234B7037235A431218B3
:10FBD000FF320132927E4978D2001018232252015E
:10FBE0008018007B4018C0B20490099800282BD0E0
:10FBF0000A982037807B02960094019038792A4633
:10FC0000049B0899EFF7D6F800281DD10A982146E1
:10FC1000807B029008310D48009601910068A03069
:10FC20000079C00702D0002001E00DE01020A121E2
:10FC30000843A31C2946049AFBF7B4FD002803D00F
:10FC40000B980021006A01700FB0F0BDA0030020E6
:10FC50003C0900009C03002010B504462046FFF735
:10FC6000FDFE10BDFEB5507915698007566B1F4625
:10FC70001446800F0DD1A8050CD501204002854304
:10FC8000000105436C4830606079012108436071D0
:10FC90001561FEBD280609D55120C0018543E80441
:10FCA00001D4402005436548256198E0E80439D532
:10FCB000EAF7BFF80090EAF7BCF80190EAF7B9F864
:10FCC0000290012000038543032080020543256143
:10FCD0006079012108436071606B39462E31102232
:10FCE0000C30FAF707FC263702983870010A797051
:10FCF000010CB970000EF87051483060616B082239
:10FD0000081DC91CFAF7F6FB616B022208461C307D
:10FD10000B31FAF7EFFB616B0C2268460D31FAF7F5
:10FD2000E9FBFEBD680235D5EAF783F80190EAF7F2
:10FD300080F80090EAF77DF8014601AA00203D18FE
:10FD400013782035AB72401CC0B2521C0428F6D385
:10FD500000983C4A00068018306000980A06000AA5
:10FD60001043706001980A0A03061A43000AB26041
:10FD7000F0603548009A03681320C00118184262E9
:10FD80008162607901210843607120698905884397
:10FD90002061FEBD6805FCD4680716D521462031D8
:10FDA000487C00280DD12948306027480068803001
:10FDB000408C00043030706062790120024362712F
:10FDC0004874042085432561FEBD280708270028C4
:10FDD0000BDAE079BD431E4900064018256130600A
:10FDE0006079012108435071FEBDE80610D510204E
:10FDF00085432561FAF70EFD16494007401830602B
:10FE000000207060B0606079012108436071FEBD20
:10FE10006803FCD51046EAF7F0FF002804D020461E
:10FE20004030017F394301770120800485432561FB
:10FE30006089ECF735F9FEBD0301060003010B00F4
:10FE400003170300130D0400A003002003060C0B8E
:10FE50000302070003090909FFB515691E46A80337
:10FE60002E3689B01C461746002833DA1022694620
:10FE70003046FAF73FFB0924E4060398A061029894
:10FE8000E0610198206200986062354801681320A3
:10FE9000C0010818816AA162406AE0620A98803055
:10FEA000016C2163C06B606304F063FDA06B039081
:10FEB000E06B02902B48016801914068009010228D
:10FEC00031466846FAF716FB0120400485433D6140
:10FED0000DB0F0BDE8053CD505A801460090102204
:10FEE0003046FAF707FBFF200130854341208002AE
:10FEF00005433D610998082201A9C01CFAF7FAFAE6
:10FF00000998214604222A310B30FAF7F3FA1548F2
:10FF100005A92838FAF722FC0924E4060298A06211
:10FF20000198E062786B082203A90D30FAF7E2FA33
:10FF3000049820630398606304F01BFD094905A839
:10FF40000839FAF70BFC102231460098FAF7D2FA7A
:10FF5000BEE7A07A0006BBD40A9800F005F8B7E720
:10FF6000A00300204000004810B504468034606CB7
:10FF7000002803D0FAF752FC0020606410BD000096
:10FF8000F0B599B001200E90FD48FE490068FF4E83
:10FF90004518FD21C9004418FB494718012110915B
:10FFA00000210F910497F949B2680969D30116D568
:10FFB000530314D5B8680A8A80B282420DD10091E9
:10FFC000386A00232946F268FAF7D6FFC035A87BC5
:10FFD000B178884201D10820A87319B0F0BD002A79
:10FFE0007EDACA8901235B07D2185288D6182A46BE
:10FFF00020320D92D278022A73D033781B071B0F60
:020000041006E4
:100000001193012A05D1022B03D0012B01D0042B1F
:1000100054D101220F9200228A72FA684A82FA6849
:10002000927AE36B94460922D20612699A1A130255
:1000300001221B0AD205934238D900220923DB068C
:100040005A60049A9446D268927A49235B01C01898
:100050000790807E00280BD060460123C0681A43B9
:100060008272C87A84462438C0B2032806D006E0DB
:10007000112002436046C06882721CE00020079A8B
:100080000123927E83401A42049209D1401CC0B2DF
:10009000032800D100200123049A83401A4202D091
:1000A0002530C0B284466046C87204E06046EE2146
:1000B0000840F96888722846FFF756FFB048F021DB
:1000C0000068095C002905D1232149014118097AFA
:1000D000002922D01321C90140188068002101E0C5
:1000E0006AE22CE16A461173059016A80690049600
:1000F00014A809900797089503A8EEF719FCA349DF
:100100000871A248007901287ED0119804280D9822
:10011000C0787AD0012879D0FBE030780AA90007AE
:10012000000F09903046FAF7ABFD04A93046FAF704
:100130001BFDB01C01460A7810464A781202104393
:100140008A78C978120410430906084331780002FE
:100150004906C90F084306907279317A1046B27980
:10016000090612021043F2791204104308430002F8
:10017000000A010207900698EEF7C2F80146834A8A
:10018000002010710998032804D0052802D0012806
:1001900004D00BE07D4A0120107107E004982A6822
:1001A0009042F7D105986A689042F3D10D98007992
:1001B000002804D0002902D174490120087109984F
:1001C00004289ED16E4801681320C0010818806879
:1001D000082142181378194653781B021943937863
:1001E000D2781B041943120611430B020178C01C7C
:1001F000C9090B43082141180A7810464A781202AF
:1002000010438A78120402E0ACE192E010E0C97871
:1002100010430906084300020699000A994203D1D7
:100220000799814200D16CE7584901200871C0E16B
:100230000AA93046FAF724FD514813230168DB016F
:10024000C81880680B9A0178D2034906D20F490E6C
:10025000D201114301704A4806220168C81881681A
:100260000AA80831FAF746F94548F0210068095C08
:10027000012905D0232149014118097A002927D0F5
:1002800011239B01C118097DFF2921D03722514339
:100290000918FF314131497B012919D01321C901C6
:1002A00040188068402302781A43027034481122B3
:1002B0000068920182184118127D37235A431018A2
:1002C0008968FF3006224130891CFAF713F920E0D3
:1002D0001323DB01C0188068BF22017811406A68CF
:1002E000D203D20F92011143017025480168C8184A
:1002F000816828688870020ACA70020C0A71000EB0
:1003000048711F480168C8188168A8888871000A68
:10031000C87101211D48890281610D98C0780128AA
:100320007ED1119802287BD0012879D0002010902E
:10033000A0E0012875D1C1021448816139E1F021A2
:10034000095C002905D1232149014018007A0028C1
:100350001ED00120694608730020059016A806905B
:10036000049614A809900797089503A8EEF7E0FAF9
:100370000649087114A8ECF7DEFD012878D079E071
:10038000A0030020580800003C090000540300208E
:10039000307806A90207120F30461392FAF770FC64
:1003A00004A93046FAF7E0FBB01C01460A78104673
:1003B0004A78120210438A78C97812041043090659
:1003C0000843317800024906C90F08430890727942
:1003D000317A1046B279090612021043F2791204FA
:1003E000104308430002000A010209900898EDF743
:1003F00087FF844638697969AB4B00221A71139ADA
:10040000032A15D0042A13D0052A11D0022A0FD0AE
:10041000062A0DD00D9A1279002A0CD0604601E010
:1004200028E02BE000280CD0139801280CD017E00E
:1004300001221A71EEE7069A824202D10798884299
:10044000F2D001201871EFE704982968884203D19F
:1004500005986968884203D001201871A9E007E077
:10046000187901287ED008A8ECF765FD012801D194
:1004700000200E908C480079012874D00D98C07827
:10048000022870D10E9800286DD0B8688649096995
:100490000882386A0590801C04900920C006216CEF
:1004A0008068081A0002071280480068806A03907A
:1004B000874209DAA06900F02BFBC719208C401C89
:1004C000208403988742F5DB384603F037FFC001EC
:1004D000040C059880210078744A430630785B0E3E
:1004E0004000084003430598F02103701068095C40
:1004F000012905D0232149014118097A00293BD05F
:100500001121890147187F7DFF2F19D037225743CA
:100510003818FF304130407B012811D04020034380
:1005200005980370614800684118497D51430818D7
:100530000599FF3006224130891CF9F7DBFF1BE0EB
:100540000498296801700A0A42700A0C8270090E28
:10055000C1700499A8880871000A48710598BF21E4
:10056000007801E025E021E008406968C903C90F6F
:1005700089010843059908700AA93046FAF780FBFB
:1005800005980A9901720A0A42720A0C8272090ECF
:10059000C1720B990173090A41738475210AC175EF
:1005A0000A9828610B98686119B0F0BD109800286E
:1005B000FAD00F98002845D13B480021026991727A
:1005C000F8685082F868817A0920C006E36B0669F2
:1005D0009B1B1E020123360ADB059E4238D90021EF
:1005E00041603248036832481818C168897A492640
:1005F00076019B199E7E002E0AD00126C0683143E9
:100600008172D07A01462439C9B2032905D005E0A8
:100610001122C0681143817211E000219B7E374690
:100620008E40334208D1491CC9B2032900D10021B0
:100630003E468E40334201D02531C8B2D0722846A2
:10064000FFF792FC0925ED066868002804D011E048
:10065000EE200140F868DEE71448016849204001B7
:100660000818407E002802D0012001F073F9012013
:10067000F8F7DAFD206C29690126401A0002000A09
:10068000F605B04290D3A06900F042FA216C401800
:100690002064218C491C21842969401A0002000A27
:1006A000B042F0D219B0F0BD54030020A0030020E6
:1006B0003C0900000A480B49006840180921C90696
:1006C0000A69026500228030406A82720868002848
:1006D00004DA0548C1680889401C08817047000099
:1006E000A0030020580800005403002010B516484D
:1006F000164900684418A4200059817A4908490025
:100700008172FAF787F8012814D0FF20013000F039
:10071000FFF9216D40180002000A206501214906F9
:1007200040180921C90648600948C1680889401C69
:10073000088110BDE06C00F0EBF9216D401800025B
:10074000000A2065EAE70000A00300205808000026
:100750005403002010B500200921C906486007484D
:100760004921006849014018407E002802D001203C
:1007700001F0F0F80120F8F757FD10BDA0030020AC
:100780000178407800020843704701784078000201
:10079000084370470178427813028278C0781204C7
:1007A000000610431843084370470178427813024B
:1007B0008278C0781204000610431843084370473B
:1007C0000178427813028278C07812040006104340
:1007D0001843084370470178427813028278C07842
:1007E000120400061043184308437047F8B51C462E
:1007F00015460E460746FAF70DF8002805D0FDF716
:1008000053FC002803D00C20F8BD1120F8BD12497C
:10081000124A0968002089183A461B3AE12A00D397
:1008200030203346FF3B0E4A493B934200D33020F1
:100830002B461B3BE12B00D330202346FF3B493B9B
:10084000934200D3302072B6C0318F82CE820D83A6
:100850004C8362B6F8BD0000A003002058080000D9
:1008600001070000F8B504460D4616461F463B46F4
:10087000324629462046FFF7B9FFF8BD70B5049E01
:10088000069D059C01710280438086714471002998
:1008900001D0012912D10B48121F82420ED21B1F18
:1008A00083420BD2002C05D0012C03D0022C01D0A6
:1008B000032C03D1012D03D0002D01D0422070BDA7
:1008C000002070BDFD3F0000F3B58DB00446002050
:1008D0006946088308840990E669A068F788FFF7ED
:1008E00054FF0790A068801CFFF74FFF0590A06899
:1008F000001DFFF74AFF0090A068801DFFF745FF2D
:100900000546B06801220146037B08319202012BA3
:1009100027D0172B67D02169480404D541200990BE
:1009200010018143216121880220F2F7A7F977495C
:1009300013220968D2010020891808820921206940
:1009400049038843206121880220099AF6F734F888
:100950000121E069EDF79CF90020E06100200FB073
:10096000F0BD052F17D0412009902069410602D51E
:1009700010432061F2E7002DD9D0218820220020E9
:10098000EDF72AF9050074D00120216980030143A5
:1009900000222161B0E0407B18281ED0206941066A
:1009A000E6D4002DC3D0218820220020EDF714F9D1
:1009B0000500E8D001202169800301432161002264
:1009C00029462046E2F77BFB2846E5F73FFC2188D5
:1009D00032460220F5F764FDBAE72188324602204C
:1009E000F5F75EFDA3E720694306C1D4022208A8FB
:1009F000491DECF78EFEB168022206A80F31ECF714
:100A000088FE7F1F0E98BFB2012807D160693B4660
:100A1000411909223046EDF735F901900598411941
:100A20006846008B81420AD16846018C0798814252
:100A300005D10E9801281DD1019800281AD02188CF
:100A400020220020EDF7C8F805005DD0218832464D
:100A50000220F2F759FB0120216980030143216143
:100A6000002229462046E2F72AFB2846E5F7EEFB5E
:100A70005DE734E0E81985B2A0682946801DFDF7DE
:100A8000EFF90098218885422AD220220020EDF734
:100A9000A3F8070038D06088401F81B20098401B3F
:100AA00080B2814200D208466169019049190091E3
:100AB00005983946401983B22046079AE2F77BFB36
:100AC000642808D03846E5F7C1FB21883246022069
:100AD000F2F71AFB3CE700213846EDF7D9F813E0AE
:100AE00020220020EDF778F805000DD0218832464D
:100AF0000220F2F709FB012229462046E2F7DFFA3D
:100B00002846E5F7A3FB23E7452028E7A0030020BC
:100B10000649C20B09684004096A400CCB095843D6
:100B20005143000A0818203080097047A0030020B4
:100B300092B0E3F75FFCE3F7F9FB03F04BFC08A886
:100B4000E8F7EAFD0125F1F719F8044602202040F4
:100B5000002801D005250AE004202040002801D00B
:100B6000062504E008202040002800D0072508982A
:100B7000000C00041449884200D108252846F2F7E9
:100B800030FE0898000C00040F49884213D100225F
:100B90001199109804AB07C307920D9B0C9A0E99FC
:100BA0000F980193009202910390089EF0B209A958
:100BB0000EC9F2F7C4FD05E0E2F754FEE2F72AFDA4
:100BC00003F0D0FCF8E700000000ECBC0120704707
:100BD000F0B52B4813240268E4011019C0681121F4
:100BE000C901034651180C33CB67092305468867B2
:100BF0001B021835D1180D600C354D600C358D6019
:100C00000C35CD600C350D610C35CD630C350D64A4
:100C10000C354D647830886400201419D21811E026
:100C2000D16F45014D19602141430F46966E34370F
:100C3000F5510C254543E668843575192831966EC3
:100C4000401C75500F498D7F8542E9D80C4A002021
:100C500014681322D201A518E31807E02C680601D6
:100C6000A61944010834DF6E401C3E518C7F84423B
:100C7000F4D80348C968006880188161F0BD00009D
:100C8000A0030020C01400204101401880097047D3
:100C9000054925224143090C5143401A80B22528B9
:100CA00000D32538C0B27047EB060000FEB50446FD
:100CB0000027FF430126B0022040002800D0FEBDDF
:100CC0006846E8F737FD69464878000189780843A7
:100CD000122800DA0026124800680821084000287F
:100CE00005D1002E02D00120EFF7B6FCE7E709207E
:100CF000C0060069054628350A480068401B000206
:100D00000712002F09DD002E02D00120EFF7A4FC0E
:100D1000044800680921C906486000BFCFE7000009
:100D2000C0000020180000200448FD210068C90010
:100D30004118A030007B896C08547047A003002044
:100D400010B5054AFD231268DB00D218936C5C5C79
:100D50001C54926C505410BDA0030020F7B50746F8
:100D600015462D48FD220168D2008E188AB0002257
:100D7000AF6007920292A031097B6A461171297017
:100D80000168B26CA031097B545C23E0706A610099
:100D9000405A80010090B06A405A02998001049044
:100DA0000098411A0520C0010391814201D3081A1D
:100DB000039005AB2A4601A90B9800F06DF8049941
:100DC000009841180520C001081802906846047177
:100DD000B06C045D10480068A030007BA042D5D103
:100DE0000298391A0520C0010391814201D20020E6
:100DF00000E0081A039005AB2A4601A90B9800F001
:100E00004BF8A868381A03D00B99A9600DB0F0BD53
:100E100005AC0ECC0EC5F9E7A0030020FEB5864652
:100E20001C480168FD20C0000B180020A031019073
:100E30000C7B69460C70996C0A5D8C460521C901D2
:100E400017E05D6A56009F6AAD5BBE5B019FAD0116
:100E5000EF1BB60102978F4201D37F1A0297874298
:100E600000D33846AD196D1801956D462A70654658
:100E7000AA5C9442E5D1019B7246D21A02928A4240
:100E800001D2002100E0511A0291814200D30846AC
:100E9000FEBD0000A0030020F0B58C689D68A5424F
:100EA00003D860C92746E0C30839A04204D8906837
:100EB000A04201D90BC90BC2F0BD0000F1B5194B1E
:100EC000FD211868C9000246363241189646A03006
:100ED000027B886C805C0C462034A4461BE08D6C41
:100EE0002C5C009EB04212D06646B67E3607360FA6
:100EF00086420CD07646367877077F0F874201D13D
:100F0000360704D501260F7D86403E4201D1AC5400
:100F100000E0024620461C68A034247B8442DED1D7
:100F2000F8BD0000A0030020FEB52148007801288C
:100F300032D0022810D0FF2837D11E4A1E4801881F
:100F40001B4800F03DF81D49088001220846018831
:100F5000184800F0E7FB29E0154880780007000DED
:100F60001349497844181248007900021049C97899
:100F7000401885B20E4E761D701F80788006870F50
:100F8000701F8078801101902B46009639462046CC
:100F9000019AFCF7E3FE09E007480088401E81B291
:100FA0000348401C00F0B2FB00E000BF00BFFEBDE4
:100FB00004040020220600202E030020300300201D
:100FC000F8B506460F4614460025FF202070012084
:100FD000607070782071002060717078012804D0F2
:100FE000042808D005280DD107E00120A0710620B3
:100FF000E07102250BE0ECF765FB0B480B4908603C
:10100000ECF760FB002060700120607100BF00BF42
:10101000A81C85B200BFA570E8B20112E17000BF44
:10102000281D85B22846F8BD0101010130000020CD
:10103000FFB581B00E461C4600251CE0E8001749AC
:10104000085A69468988884214D1E8001349401833
:101050004768224630460A9B0399B8470090684685
:1010600080880F49884202D101200E4908700098FB
:1010700005B0F0BD6D1CA42DE0D3042020700F201E
:1010800060700420A0700120E0702071022201A98C
:10109000601DECF73EFB0720EAE700005C4B061002
:1010A000030C00003C03002018B51C490922096804
:1010B00012028A186023926E5843121864206B46FD
:1010C00018700923DB066C462078401E2070D86813
:1010D000C00302D520780028F5D12078086D496D2D
:1010E000030C180A0002C9B20843D9B2002801D083
:1010F0000B2901D97F200EE0062359437F3901E0F7
:101100004008891D1E28FBD8FF23A2335843044BF7
:10111000C018800A4018907318BD0000A00300207A
:10112000A04600007FB51A4986B00968FD22D200AA
:101130008C1805460F9805A910AA04AB00930292DB
:10114000039101900EAB09AA00212846F7F780FC15
:1011500006001AD1606A6900405A8001FFF7D8FC86
:1011600021684518002020840E98A0616846808A76
:10117000A083109860846846008AE0830548FFF7E2
:10118000C7FC281A0002000A206430460AB070BD6D
:10119000A003002035020000F0B5074621488BB0BF
:1011A00000681E46FD23099100250891DB00694671
:1011B000C4188D82900807920D83082F0FD006A9BE
:1011C00007AA05AB009302920391019008AB09AA0C
:1011D00007213846F7F73CFC010002D01EE08221CF
:1011E0001CE008986060A0616A46636A128B780010
:1011F0001A52A36A079A1A52E26A15526A46236B78
:10120000928A1A5207980C2801D2832102E01028F2
:1012100000D91020044A50438008306008460BB0C3
:10122000F0BD0000A003002071020000FFB5304FA8
:1012300006468FB0FD223868D200189D1A9984188E
:10124000082E21D00591A030027B09A8521CA16C68
:10125000ECF75FFA07A812A906AA00920291039080
:1012600005AB019500213046199AF7F7F1FB05000F
:101270000CD0386809A9A030027BA06C521CECF796
:1012800048FA284613B0F0BD4120FBE76846858B3D
:10129000A5811298E0816846008B60820598A06065
:1012A0008446206B7100405A109B421C5A43E36AEB
:1012B000AD015B5AD21892B2531CC018636A87B250
:1012C000595A00208E0161680B467943119F5343A0
:1012D0007F08BE198E19E91802E0401C80B26144F3
:1012E000B142FAD320821B98891B01600020C9E714
:1012F000A003002070B503460C461146002000BF35
:10130000491E5D5C665CA81B002800D001E0002936
:10131000F6D100BF70BD10B5F9F7BCFC082803D3A7
:10132000F9F72CFC082801D2012010BD002010BDC7
:10133000FFB5294E074689B0FD213068C900451820
:10134000264905AB07AA06A86C4607910FC40CAB4B
:101350000BAA01213846F7F77BFB0090002838D113
:101360000C98686069466A6A898A78001152AA6A8C
:1013700007991152EA6A0021115269462A6B098BBA
:10138000115209203268000212183C466023926E06
:101390005C430021631DD15432680A991218926E81
:1013A000A31CD154326800211218926EC94308332D
:1013B000D152326800211018806E0F34015572B678
:1013C000297D0120B8400843287562B6084602F01E
:1013D00087FE00980DB0F0BDA0030020701700003C
:1013E000F0B5FFB0FFB085B00020009001900290F2
:1013F000534E039013203168C00108180025C76AB6
:1014000004952C460595384600F036F9FC280ED098
:10141000FE2812D000280CD013203168C001081813
:10142000C06AE3F7A0FA7FB07FB005B0F0BD641CDE
:10143000E4B26D1C14370C2DE5D32546042C00D9DD
:101440000424281BC0B206903D48002701681320E1
:10145000C0010818C66A0CE0304600F00DF9FC28FF
:1014600006D10698002816D0401EC0B206907F1CF8
:101470001436AF42F0D3324D13262868F601801996
:10148000C06AC001000CE3F75FFC286880190026E1
:101490003546C76A4FE0049950204143B3A8081865
:1014A00001460890304600F0D5F855210598C9004E
:1014B0000A1A04986946800007900A50059A09A9FB
:1014C0008B18694642180898014640783E31C0079B
:1014D000C00F00F037F8002807D0079900206A46AF
:1014E00050500498401C0490C1E707986946095879
:1014F000059808180590F4E7502029464143B3A801
:10150000091800223846049100F0C0F8A900684686
:10151000059142581437002A08D009A80499831964
:1015200048783E31C007C00FF0F7DAFE05986946EB
:10153000085886196D1CA542DED3002073E7000011
:10154000A0030020FFB585B000F05EF804460798C0
:101550000026006803900C200290204600F08CF8D2
:101560000546FE2835D0FC2D04D0002D02D0FA20EF
:1015700009B0F0BD204600F063F82249A2005218DD
:1015800013686A461F0A17701F0C57701B0E937062
:10159000641CA200521813686A46D3701F0A1771A0
:1015A0001B0C5371641CA20051180F68FC2D09D14B
:1015B0000599884206D1062268460699ECF79FF8FD
:1015C000002808D0B80804190298641C761C8642CA
:1015D000C3D35C20CCE70398874201D94820C7E7F2
:1015E00007980025074E076008E0641CA0008019DA
:1015F000016808984019FCF755FC2D1DBD42F4D335
:101600000020B5E700000410044801681320C00161
:101610000818C16A006B081870470000A00300207A
:10162000810010B505480C182068010A09022046FF
:10163000E3F7A6FB2068002010BD000000000410A6
:101640000349800040180068C007C00F70470000C1
:1016500000000410F8B5074F0E4604460025A00010
:10166000C01901687019FCF71DFC641C2D1D502D5C
:10167000F5D3F8BD0000041003498000401800684D
:101680000006400E4000704700000410F7B500242B
:1016900050260546002A20D000270920C0060169EF
:1016A00042685201520F032A0ED042685201520F73
:1016B0000AD04068401A0002000A02F03FFE0146CC
:1016C0001048814209D803E0FF20F530E2F7E2FF3D
:1016D0007D20C0007F1C8742DFDB0198001907785E
:1016E00041780B028178C0780A040106114319433E
:1016F00039432846E3F7ACFD241D6D1CB442ECD3FE
:101700000020FEBDCC0400000120704770B50446E7
:101710000D46224629460248F9F7BCF970BD000083
:101720009014002070B504460D46164632462946F0
:10173000204600F001F870BD70B504460E4615460F
:101740002B46224631460248F9F7A2F870BD000048
:1017500080140020134610B50207920F05D00A46E8
:1017600019460220F1F7ECFE10BD820605D50A46A7
:1017700019460220F1F712FC10BD820705D50A4672
:1017800019460220F1F768FB10BDC007FCD00A46DD
:1017900019460220F1F700FE10BD0000F8B505461D
:1017A0003E481E460068079F0024AE3013460029BD
:1017B00005D002222A7001226A70A9700324002E2B
:1017C00010D080788006800F0CD13019401C1F2863
:1017D00054D82E55641C281932461946EBF799FF48
:1017E000A019C4B2002F0DD03819401C1F2845D8AD
:1017F0002F55641CE4B228193A460699EBF789FF85
:10180000E019C4B26846008C00281BD06846808C62
:10181000002817D0601D1F2830D805202855641CCB
:10182000E0B212212954401CC4B2281906460222F3
:1018300008A9EBF76EFFB01C022209A9EBF769FFBC
:10184000241DE4B20C98002812D0E01C1F2815D8E3
:1018500002202855641CE0B20A212954401CC4B25D
:101860006846E9F70DFE684600782855641CE4B226
:101870000B9800280CD000191F2801D94220F8BD70
:1018800028190B9A0A99EBF744FF0B982018C4B259
:1018900021462846EAF70EFCF8BD0000A003002010
:1018A00070B51A4A1A4CD37B2268002B11D01A4EFD
:1018B000184B8009CDB2584375430B0A2D0A734368
:1018C00010355B19154D80305B09000A6943090C1E
:1018D00004E0192312481B04FF21E931114D118640
:1018E00069805362106209482038008EFFF710F9B2
:1018F000E914884200D3481E40052168000E2031BB
:1019000008752988090700D4687270BDE0140020AA
:10191000A003002053070000F6BC08005505000096
:10192000C2F52800C00000201FB5054C40071ECCA2
:1019300003946C460EC4000F6946085A04B010BDEB
:10194000F452061003E00870000A491C521E002AD7
:10195000F9D17047F0B57E4C05467E49206891B0BC
:101960004018089000200D9072B6EAF7C7FE0028D4
:1019700001D1002D07D0764800250168492040019B
:101980000818467EDFE062B60D9811B0F0BDF00792
:101990007ED07149A80140180E906D480168092059
:1019A00000020818816E602068430C18A178206A34
:1019B0004907490F02294BD1A179490748D400288A
:1019C00046D04020005B400009900002FFF7A0F8DD
:1019D000039000200F905E4836210068095C0A07DA
:1019E0000AD44907490FA94206D1012180300F913D
:1019F000416C0191806C06E00899C96C019101214C
:101A0000C9024018C0690090FF205F30FFF780F8DE
:101A100051490C39497AC90041180098411A039874
:101A2000081A07900E980B21415620300591007836
:101A30000A9000200290208906900920C0060169C2
:101A40000798401A070201203F0AC00587422AD39F
:101A50006CE001200D9007990398081A07900299ED
:101A600003980818029009990198401A0190616939
:101A700009980818606105990A98081A40B20590FB
:101A80000698401E80B206900598002804DA00E00F
:101A900056E0253040B205900920C006016907983C
:101AA000401A07023F0A6420FFF732F82A490C392E
:101AB000497AC900411826480068806A0818B84267
:101AC00007D20120C005874203D2099901988842B4
:101AD000BFD802990098401A01020D98090A0028FF
:101AE0000CD01B4811220068D2018018806A081AA5
:101AF00000020012002801DD00200D900F98002840
:101B000006D01348019A006880304264816408E07E
:101B1000089A0198D0640E4802680120C00210188B
:101B2000C1610E990598C872069820810848012263
:101B30000168492040010818417EAA40914341763E
:101B40006D1CEDB27608002E00D020E71BE70000E8
:101B5000A003002058080000CC000020FFB593B07F
:101B600014460FAA0BA9139800F076F81022002152
:101B700002A8EBF7D8FD002502AE06AF1DE0281D38
:101B800081B206AB10221498EBF7DEFF0020315C27
:101B90003A5C51403154401CC0B21028F7D306AA19
:101BA00002A91398FAF7BEF9102206A902A8EBF7CA
:101BB000B0FD1035103CADB2E4B2102CDFD827D008
:101BC0001022002106A8EBF7AEFD002C08D0102053
:101BD000001BC3192D1DA9B222461498EBF7B4FFC0
:101BE00080200F21091B78540FAC0020395C225C47
:101BF0005140325C51403154401CC0B21028F5D3E2
:101C000002A9169A1398FAF78DF9002017B0F0BDC3
:101C10002D1D0BACA9B206AB10221498EBF794FF64
:101C2000E3E770B588B016460C4605461022002141
:101C30006846EBF778FD032221466846EBF769FD1D
:101C400004AA69462846FAF76DF9032204A930462A
:101C5000EBF75FFD08B070BDF0B589B0034600201A
:101C600015460C46009001900290039004AA694624
:101C70001846FAF757F96846C07F872700060028FC
:101C80006E46214604A80DDA00F025F86846077074
:101C90000020215C325C51402154401CC0B20F280E
:101CA000F7D301E000F017F8E07B29460006204654
:101CB0000ED500F010F8684607700020295C325CF1
:101CC00051402954401CC0B20F28F7D309B0F0BDD1
:101CD00000F001F8FAE730B5027852000A700122EC
:101CE0001446835C85185B061B0E8B54203DED7FEC
:101CF0002D0601D523438B54521CD2B20F2AF0D9A2
:101D000030BDC007C907C00F490F0843D107090FED
:101D10000843D907C90E084370470000F0B50724EF
:101D2000059E069DC4808468D2072173084C816893
:101D30002468D20F277E4F7381688A738168CB73C2
:101D40008168E27B0A7481684E7480688574F0BD96
:101D5000A80300200146896800204A7B042A05D890
:101D60008A7B012A02D8CA7B920701D50A207047D4
:101D7000044A097C1268927B914201D31029F6D95A
:101D800006207047A8030020F0B587B004461C2247
:101D900022496846E0F71AFA227E0321D0438307DE
:101DA0001F48002B006804D0E37A1D0705D5D5072E
:101DB00001D0E1771CE09207FBD4E27E05252A42A0
:101DC00012D0627E057E960096196F46F619AD5DBB
:101DD000E577002D0CD11B0708D4012A02D1027E21
:101DE000012A01D0022202E0012200E00422E2776F
:101DF000407BC007C00F02D0E07F012806D0E07A08
:101E0000000709D5E07F022804D005E0E1774720EC
:101E100007B0F0BD0020E0730020F9E71C51061068
:101E2000A8030020F0B50446807A2646603695B0B7
:101E3000102820D0D1287BD0D22879D0D32877D0B1
:101E4000D42875D0D52873D0F02875D0FE2877D047
:101E5000A2287FD0B2287DD0B42868D0BF282046E1
:101E600077D000F0C8F8E07A000702D5204600F0ED
:101E700003F915B0F0BD60786A46C107C90FA01C10
:101E8000EEF748FA0227474D00282AD0E4F716FC5F
:101E9000002824D0307DC00721D0EEF7A3FAFA281D
:101EA0001DD000281BD0E079400618D502201490E0
:101EB0003921286849014118C97B2689012309076E
:101EC0000DD5DD02083040191A223946C06CF1F7F1
:101ED000B5FC010003D08E801498F1F79BFC002024
:101EE0004AE069462046EEF7F5FA20890104BAD5A2
:101EF0000221149106053921286849014118897B7E
:101F0000360D01230907AED5DD0208304019152230
:101F10003946C06CF1F792FC0100A4D08E80149871
:101F2000F1F778FC9FE703E006E009E012E027E024
:101F3000204600F073F996E7204601F06BFB92E72C
:101F4000307D00068FD57C2200212046EBF7EBFB8D
:101F500089E724E0E07A000704D5204600F0BEF8C7
:101F6000002880D0E07F022802D1E07EC006D9D5CB
:101F7000307DC00702D0B420A07274E7A420FBE734
:101F8000204610216430E7F7B7FBE07A000703D55D
:101F9000204601F08DFD66E7B521A17263E701F0EF
:101FA000C1FA60E7A003002010B57421095CC907DD
:101FB0000BD1817AA42909D0AC2916D0AF2904D13C
:101FC000417F002914D0D021817210BD0446102118
:101FD0005430E7F791FBE07A0007204602D501F084
:101FE000D5FC10BD00F0F2FC10BD00F02FFB10BDC1
:101FF00001F098FA10BD10B504462046FFF7D4FF53
:1020000010BD10B50146807AA92802D1002000F049
:102010009DFC10BD10B504462046FFF7F2FF10BD31
:1020200010B50446807AAA280BD0BA2809D0B9285E
:1020300010D07420005DC00702D12046FFF7EAFFF0
:1020400010BD204601F054FF0028F9D001230022E2
:102050000B210DE0E07F0428F2D1E07E410602D59D
:10206000BA20A07210BD0006FCD5012300220C216D
:10207000204601F016FB10BD10B504462046FFF7C0
:10208000CFFF10BD70B504461348002502684021FB
:1020900028463C32FBF7F9FF002804D001F07AFF14
:1020A00001F00CFD0DE0E07A4106890F03290AD00A
:1020B0007421095DC90708D0400602D5204601F009
:1020C000A7FE284670BD0125FBE78106F9D49B21B8
:1020D0000840E072F2E70000A803002010B50446B3
:1020E0002046FFF7CFFF10BDFEB50446002000904C
:1020F00025462646A07A2A3532360F46BC2821D0FE
:10210000F12810D1E07A00071CD42046203001AA23
:1021100029460290EEF726FC0222314601A8EBF791
:10212000EEFA002806D0224629463046EEF7ACF8F3
:102130004120FEBD09482B4600686A46029980305E
:10214000EEF7BCFA102200213846EBF7ECFA227FBA
:1021500029463846EBF7DDFA0020FEBDA00300203B
:1021600010B58268527B4A768268927B012A03D13D
:102170000A7E02231A430A761A4B82681B68D27BB6
:1021800080331A728468647C5C728468A47C9C725C
:102190008B7ED407E40F23438B76CB7E042422402E
:1021A0001343CB768268127C0A777422525CD20782
:1021B00012D08B7F0522DC08E4008C7783689B7C3F
:1021C0005B075B0F23438B778068083080180079AA
:1021D0004007400F487710BD836806225B7C5B0791
:1021E0005B0FF0E7A803002010B57421095CCA0753
:1021F000417F07D0002902D0D021817210BD01F0AB
:1022000009FA10BDC906FAD5817B8A06F7D50422E2
:102210001143817300F01AFA10BD0000F0B58DB0C3
:10222000002705460797008920220105090D384639
:10223000EBF7D2FC04006DD02E466036307DC1062F
:10224000284620300290002906DB0221E7F754FAE5
:10225000307D102108433075A87A2E462236D128C9
:1022600008D0D2281AD0D3282CD0D42835D0D528BD
:1022700052D047E008213046E7F73EFA2C4803AB3E
:10228000006807AA02998030EEF718FAA0680621C4
:1022900001731120E0802A7F03AB1CE00B20E0805B
:1022A000A0680721017307AA31460298EEF75AFB8E
:1022B00007AB022205212046EBF73EFD08223346FC
:1022C00007211CE01120E080A0680821017308A804
:1022D000EEF71AFA29E0052111E069460F7108A905
:1022E00001A801F0DBF80820E0800921A06806229F
:1022F00001736946A0680979417308AB114620460D
:10230000EBF71AFD2946204601F0B2FE002801D164
:10231000DD20A8720DB0F0BD1120E080A0680A2178
:10232000017308A92846EEF7DDF908AB1022D2E7C1
:10233000A0030020F0B599B016460D4604463C2295
:1023400000216846EBF7EFF91022294604A8EBF7C5
:10235000E0F9E07F464D022802D0032806D00BE0CA
:10236000286801696846FBF78DFD05E029681022A1
:1023700068461C31EBF7CDF9012108A801702A68E5
:10238000117E4170207EC107C90F08A881701146D7
:102390008031CB7AC370D27B027107224271827185
:1023A0000222C271627E0272207E8007C20F08A8DC
:1023B00042720A7A8272227FC2724A7A0273897AE0
:1023C00041730F30471E05463946E9F703F8607838
:1023D0000622C107C90F08A841751630A11C179025
:1023E000EBF797F911A807220130F91FEBF791F9E4
:1023F0000FAC0722A01C08A9EBF78BF90122601C87
:10240000E11FEBF786F9012239460FA8EBF781F9B6
:102410000020694613AF0A18127C235C5A403A54D4
:10242000401CC0B21028F6D3324639466846F9F748
:1024300079FD102200210FA8EBF775F90622294635
:10244000A01DEBF766F906220FA81799EBF761F9C3
:102450000021705C625C50407854491CC9B210295C
:10246000F7D3324613A96846F9F75CFD19B0F0BD01
:10247000A8030020F0B599B016460D4604463C224C
:1024800000216846EBF74FF91022294604A8EBF724
:1024900040F9E07F4A4D022802D0032806D00BE025
:1024A000286801696846FBF7EDFC05E02968102201
:1024B00068461C31EBF72DF9012108A80170617EF7
:1024C0004170207E8007C10F08A881702A681146DC
:1024D00080310B7AC370237F03714B7A43718B7AFF
:1024E00083710223C371137E0372207EC307DB0F47
:1024F00008A84372C97A8172D17BC172607F41079B
:10250000490F08A80173A07F4107490F08A841732C
:102510001630471E05463946E8F75CFF607806220C
:10252000C107C90F08A881730F30A11C1790EBF7E2
:10253000F0F811A809A9072201300331EBF7E9F8F7
:102540000FAC0722A01C08A9EBF7E3F801223946DB
:10255000601CEBF7DEF801220FA8F91FEBF7D9F8A2
:102560000020694613AF0A18127C235C5A403A5483
:10257000401CC0B21028F6D3324639466846F9F7F7
:10258000D1FC102200210FA8EBF7CDF80622A01DE8
:102590001799EBF7BEF8062229460FA8EBF7B9F812
:1025A0000020315C225C51403954401CC0B21028DC
:1025B000F7D3324613A96846F9F7B4FC19B0F0BD59
:1025C000A80300207FB5AC218172817B05468A0774
:1025D0002A350446002A09DA102200216846EBF762
:1025E000A2F869462B460A46AD250FE0C80701D17F
:1025F000480719D521464A312246E07A523200076F
:1026000001D52B4601E023463A33AE25208900054B
:10261000000DEAF75FF900280BD03A2801D00C280A
:1026200000D1002004B070BDC808C000A0734620CF
:10263000F8E7A17BCA0703D010221143A173F1254B
:10264000C9B2C908C900A173A572EBE710B5044669
:102650002046FFF7B7FF10BDF8B5026841689268E1
:10266000FD20137B0E2B13D1CB7ADB0610D5CB7F4D
:10267000022B0DD14B7E022B0AD174235B5CDB074E
:102680008B7A06D0B22B0AD0B42B08D0B52B06D04B
:10269000F8BDA22B03D0A42B01D0A52BF8D108891B
:1026A000392105050D484901006802264118C97BFA
:1026B0002D0D547B012349060ED502218F020830CF
:1026C000C0191C22C06CF1F7B9F8010004D08D804C
:1026D0008C713046F1F79EF80020F8BDA003002071
:1026E00010B504462046FFF7B7FF10BD10B50368CC
:1026F00041689A68FD20127B0B2A07D0022A0ED06F
:10270000032A13D0042A1ED0FC2010BD8A7A002A86
:1027100001D0F12AF9D1184600F03AFA10BD8A7AB0
:10272000A12AFBD1184600F0FDF910BD8A7AA52A2E
:1027300005D0A22A01D0A42AF7D1FF2010BD184647
:1027400000F004F910BD8A7AA62AFBD1184600F0E1
:1027500077F910BD10B504462046FFF7C7FF10BD3E
:10276000F8B507468068FD25007B0C46012806D099
:1027700003285AD0042870D0FC252846F8BDA07A3A
:1027800000280AD0F12808D0FB28F6D10123002226
:102790000921204600F085FF65E00026208900F031
:1027A0002FFE02460021314B0846EEF7C7FE207B84
:1027B000C14389070AD0810714D50121084320733A
:1027C000207B0107890F012911D00BE00C21084063
:1027D000D4D00428F4D0082825D00C2800D1012614
:1027E000002ECAD02146384600F0C4FB3BE0FB2156
:1027F00008400821084320731D4839210068490119
:102800004118897B022489060DD502218B020830EC
:10281000C0181722C06C0023F1F710F8010002D095
:102820002046F0F7F7FF4320F8BDA07AB5280FD077
:10283000B22801D0B428A0D1C87F02289DD10D486C
:102840000068007E022801D0042896D1FE2594E776
:10285000384600F0C7FA06E0FFE7A07AB6288CD128
:10286000384600F0FDFA054687E7000030750000A5
:10287000A0030020A803002010B5026841689368F7
:10288000FF201B7B0C2B03D00D2B14D0FC2010BD84
:102890008B7AA22B01D0B22BF9D174235B5CDB07BE
:1028A000CB7A05D05B06F2D4104601F06FFA10BD6A
:1028B0009B06F9D410BD8B7AAB2B01D0BB2BF9D181
:1028C000104601F0DBFA10BD10B504462046FFF7B4
:1028D000D3FF10BDF8B504460025FFF755FA472889
:1028E00003D0E07F022802D026E0E57F24E01548EF
:1028F0000068007D002821D0022000902089392125
:102900000605114849010068360D4118897B0123ED
:1029100049070DD502218F020830C0191422C06C5E
:10292000F0F78CFF010003D08E800098F0F772FF63
:10293000E07EEF210840E0762846F8BDE07E1021D9
:102940000843F8E7A8030020A0030020F8B50746D5
:1029500008890C460105090D20220020EBF73CF9FF
:1029600005000DD026462A36002F05D0334610220A
:1029700005213846EBF7E8F8E07F022802D009E0AD
:102980006420F8BD2046102231466430EAF7B7FED5
:10299000002814D01120E880A86804210173234680
:1029A0005433102205212846EBF7C6F92146284664
:1029B00001F05EFB0028E4D1A621A172F8BD01233D
:1029C0002A460821204600F06CFEF8BD30B50446CA
:1029D000008989B00105090D20220020EBF7FCF8E1
:1029E000050009D0E07A000709D5684605900494EF
:1029F00004A800F02DFF08E0642009B030BD214696
:102A00006A4654312046FFF795FC1120E880A868FB
:102A1000032101736B46102205212846EBF78CF940
:102A20002146284601F024FB050007D1204610224C
:102A300069466430EAF76DFEA520A0722846DCE7FF
:102A4000F0B50B4693B00C466433002510220521E7
:102A50000993EBF779F8E07A00070BD504A80F90FB
:102A60000E940EA800F01CFF0546EB2807D10020AD
:102A700013B0F0BD04AA20460999FFF75BFC21467C
:102A80002A3110220F4604A8EAF739FE002806D0A2
:102A900000231A460421204600F003FE3CE0204EAD
:102AA000217F3068C07B814200D92077E07A00071F
:102AB00003D5204600F02EFF2FE0102200216846AB
:102AC000EAF731FEE07F022802D0032806D00BE0AF
:102AD000306801696846FBF7D5F905E031681022D6
:102AE00068461C31EAF715FE22460AAB54326846A6
:102AF0000999EDF71DFE102200213846EAF713FE72
:102B0000227F0AA93846EAF704FEA07B0221084387
:102B1000A0732046FFF79AFD05462846A8E7000067
:102B2000A80300207CB50C460646A425FFF712F941
:102B300000281BD1E07A000707D56846009601946B
:102B400000F008FF002811D1A225A07EFB2140083B
:102B50004000A076E07E0840E07621463046FFF750
:102B6000FFFA2046FFF7B6FE002808D0642805D0FB
:102B7000014601230022204600F093FD7CBDE17F49
:102B8000022903D1E17EC90600D4A225A5727CBD2D
:102B9000F8B50C46897A0026A039502901D80020C2
:102BA000F8BD80681D4F457B3868807D022803D1C1
:102BB000280701D4032024E0A07B80210843A073D0
:102BC000208900F01DFC02460021154B0846EEF757
:102BD000B5FCA07AF12806D1680704D52089400405
:102BE000800F00D101263868E906C90E80300173D4
:102BF000208900220005000D3146EDF747FF00282F
:102C0000CED0A17B4906490EA1736428C8D00146E5
:102C100001230022204600F044FDF8BDA803002057
:102C20003075000070B50546008920220105090DA8
:102C30000020EAF7D1FF040018D01120E080A0683E
:102C40000D2101730D481022036805212046E03351
:102C5000EBF772F87420405DC00709D0BC26294606
:102C6000204601F005FA002804D004E0642070BD7D
:102C7000AB26F4E7AE72002070BD0000A803002070
:102C8000F7B594B00D46002708A90F7204460F73DC
:102C90001022394606A8EAF746FDE07F444E022896
:102CA00009D13068694600690876020A4A76020C42
:102CB0008A76000EC876012D0ED03068627E0146FD
:102CC00080314A72227E9207D20F8A720A7ACA72C1
:102CD000E17F032919D01EE03068017E8030417207
:102CE000217EC907C90F8172E07F032813D12046D6
:102CF00000F034FC00280ED00EAB0122002120464B
:102D000000F04AFC10220E9902E0102201461C310C
:102D100006A8EAF7FEFC7420025D21462046D30790
:102D200054316430002B02D0002D0AD001E0012D77
:102D300007D0D3072B4307D0D30710D0012D03D0E2
:102D40000DE00D910C9001E00C910D90012D08D03B
:102D5000D00728430BD0D00701D0002D07D047273C
:102D600022E011A80BAB0FAA0AA9009004E00FA85B
:102D70000AAB11AA0BA90090204600F01BF808AA84
:102D8000107B0FAA169B029211A903AC0BC43068EA
:102D900008AA127A014689310192009106ABD0301F
:102DA0000C9A0D99EDF770FD384617B0F0BD000094
:102DB000A803002070B504466030407D049E1D4687
:102DC000087013462146062276311846EAF7A1FC20
:102DD00060780622C007C00F2870A11C3046EAF7B1
:102DE00098FC70BD70B5064608890C4601058AB08E
:102DF000090D20220020EAF7EFFE050012D0002E78
:102E000006D023462A33102205213046EAF79CFEDD
:102E1000E07A000709D505A80290019401A800F006
:102E2000D5FD08E064200AB070BD214605AA6431D2
:102E30002046FFF71FFB1120E880A86803210173DB
:102E400005AB102205212846EAF776FF21462846E1
:102E500001F00EF90028E6D1B621A172E3E70000E7
:102E6000F0B5064693B00020059008890C46010590
:102E7000090D20220020EAF7AFFE050019D02346F5
:102E800054331022052130460293EAF75DFEE07AC2
:102E9000010720462A30019000290DDA0FA808907A
:102EA00005A8099006A80A90079407A800F0E2FD7B
:102EB00010E0642013B0F0BD0FAA20460299FFF77E
:102EC000D9FA10220FA80199EAF719FC0590BC2045
:102ED00069460876264605986436254F002809D0AD
:102EE00001232A460421204600F0DBFB0598002838
:102EF0001BD03AE01120E880A86804210173334612
:102F0000102205212846EAF717FF2146284601F03E
:102F1000AFF80028EAD16846007EA0723868217FA9
:102F2000C07B8142E2D92077E0E7E07A00071CD439
:102F3000102200210BA8EAF7F6FBE07F022802D05E
:102F4000032806D00BE0386801690BA8FAF79AFF4E
:102F500005E0396810220BA81C31EAF7DAFB31468C
:102F60000BA8019B029AEDF7E3FB0020A2E700000B
:102F7000A8030020F3B55D4E00253068B427807E9D
:102F800083B0C0430C4680070ED020892022010563
:102F9000090D0020EAF720FE0290002807D0A17A50
:102FA0000020F12905D032E0082005B0F0BD6420F2
:102FB000FBE7E17E2F221140E1763168237FC97B58
:102FC0008B4204D0039A9268127C8A4207D8039AF3
:102FD00092689446127C9A4203D08A4201D8607764
:102FE00015E0617F8A0600D50225490601D5042136
:102FF0000D436146497CA94203D001221543A942F1
:1030000002D16077A07702E0204600F099F8B02066
:10301000A0723168887EC243920701D0401C887636
:103020000398FEF797FE039900288968CD7B4BD162
:103030003068817D022903D12A0701D4032043E0AF
:103040004A081143CA07C37D417BD20F007BFEF7BC
:1030500058FE0646354018200540E572280705D57C
:10306000204600F063FD00282ED1B227204600F054
:1030700075FAF00700D00220A0767007C00FE07646
:1030800021460398FFF76CF82046FFF723FC002841
:103090001AD1E07F022803D1E07EC00600D4B22717
:1030A000A07F617F40074907400F490F00910190C1
:1030B000227E334602210298FEF730FE2146029816
:1030C00000F0D6FF002806D0014601232046029AD0
:1030D00000F0E7FA69E72189072212039143218171
:1030E000024909688031CE72A7725EE7A80300200A
:1030F00010B5124C2022216808463C309031EAF786
:10310000FEFA002803D100F0F3FD002809D0206862
:103110009022817E114202D18906890F03D0382086
:1031200010BD1F2010BD9030F8F776FF0028F9D1B0
:10313000216810238A7E1A438A7610BDA8030020D6
:1031400030B50446A17E0020A5B0CA0779D0890712
:1031500077D55022002110A8EAF7E5FAFC2110A843
:103160000170417860780622C007C00F014310A8A3
:103170004170A11C3E30EAF7CCFA217F10A8C17043
:10318000607F404DC0066D4419D520464030827C9A
:1031900010A90A71C07C4871214611A808224A3141
:1031A0000230EAF7B6FA214610223A312846EAF709
:1031B000B0FA10A948788021084310A94870E07A35
:1031C000010707D510A98870214610222A31284608
:1031D000EAF79FFAA07F052108420BD02146022280
:1031E000203121A8EAF795FA10A948781021084360
:1031F00010A94870607F80060CD5214617A81022C0
:1032000054310230EAF785FA10A9487820210843A2
:1032100010A94870607F40060CD521461BA81022DB
:1032200064310230EAF775FA10A948784021084362
:1032300010A948702089810404D510A9487802217A
:1032400005E01DE0400405D510A948780421084395
:1032500010A948702089000405D510A948780821D4
:10326000084310A948702069229060692390402289
:1032700014A96846DEF7AAFF10AD0FCDECF73EFFAC
:1032800025B030BD4E0000007CB50C468168054677
:10329000087B0026821F042A7BD8A27AD02A01D07C
:1032A00047207CBD062808D0072809D008281DD053
:1032B000092826D00A2852D06CE023463A331AE077
:1032C0004A7B214640318A74A8682346807BC874B3
:1032D0004A33082207212846EAF736FC607F10218E
:1032E000084360774007800F47D053E0607F800736
:1032F00050D523465433102205212846EAF724FCF2
:1033000048E0607F800745D50020009006230190AB
:103310001A4669462846EAF7B5FC00281BD0A8687B
:103320000622407B6070A31C11462846EAF70CFC7D
:10333000607801280BD1E0798009032807D00123A8
:1033400000220821204600F0ACF9064622E0607F0A
:10335000202108436077607F40070ED51AE0607F28
:10336000400717D523466433102205212846EAF783
:10337000EBFB607F4021084360777420005DC0074D
:10338000204603D000F046F904E002E000F0CAF85D
:1033900000E0452630467CBD7CB50546C87A0C4623
:1033A000000706D5684600950194FFF78DFAFC28C2
:1033B00022D17420005DC00704D021462846FFF7C3
:1033C000CFF904E0684600950194FFF7C3F9FC28A3
:1033D00012D121462846FFF757FF452803D047283A
:1033E0000BD0FC2808D1E17AFD20090704D56846F6
:1033F00000950194FFF774F97CBDFD207CBD0000B1
:1034000030B502460D480068A030007B002A014616
:1034100012D00B4C130500201B0D22680AE07C24FF
:103420004443D56F08342C5B2405240D9C4203D003
:10343000401CC0B28142F2D830BD0000A003002081
:10344000A8030020F8B50C4E05463068F5F77AFA67
:103450002F0504463F0D0CE0A0882568B84207D12F
:1034600021463068F5F7BBFA01212046EAF710FC47
:103470002C46002CF0D1F8BDA803002010B50B4657
:10348000417F490607D50146102264311846EAF704
:1034900040F9002010BD412010BD0000024610B5CB
:1034A0000B4800240068407D1070002804D00128DB
:1034B0000AD01F24204610BD084606490622096886
:1034C0007831EAF726F9F5E70846E6F7ADF8F1E7CF
:1034D000A8030020A003002030B5104A0020136884
:1034E0000F4A01461268A032147B13E07C22DD6F84
:1034F0004A43AA187425AD5CED07957A06D0B02D25
:1035000006D3EAB2F02A03D8012030BDA02DF8D2AC
:10351000491CC9B28C42E9D830BD0000A803002084
:10352000A0030020C17A0A07817F03D4CA0701D013
:10353000D12102E08A0702D5D32181727047490761
:1035400001D5D521F9E77421095CC90704D0417F71
:10355000490701D0D021F0E7F021EEE770B504462D
:103560000C4862780068D2078030406800254178B6
:10357000D20F801C8A420AD10622A11CEAF7BFF8AA
:10358000002804D1207E0121084320760D462846DC
:1035900070BD0000A803002070B500241D4616462B
:1035A000002804D0FFF7DAFF002802D003E000294A
:1035B00001D042240BE00948002E0AD0012E08D089
:1035C000022EF6D10068803040681830286020460E
:1035D00070BD0068803040680830F7E7A80300201D
:1035E00070B51C461546002908D100892022010526
:1035F000090D0020EAF7F0FA010009D00220C88086
:1036000088680573886844730620E6F7A7FF70BDD5
:10361000642070BD7CB50446008905052D0DFFF7BB
:10362000EFFE0246174B00210120EDF787FF2046F1
:10363000FFF786FDE07F0026032807D112482822E5
:103640000068002180304068EAF76DF820460422C7
:1036500000210C30EAF767F868460094067100F024
:1036600023FDF120A07200231A4629460220F0F71C
:10367000B3FE2089010404D50105090D0220F0F7ED
:1036800051FA7CBD30750000A803002010B50A4631
:10369000897AFB2904D08068417B104600F016F837
:1036A00010BDF8B51D4614460E460B4607460522CA
:1036B0002146FFF795FF0446642801D1012D03D16F
:1036C0003146384600F002F82046F8BD7CB5044685
:1036D0000D460089FFF794FE0246144B002101209D
:1036E000EDF72CFF20890005000DFFF7ABFE02204F
:1036F000694600940871684600F0D6FC2046042212
:1037000000210C30EAF70FF8E07E2F210840E07628
:10371000204600F00DF8FB20A0722089022201054E
:10372000090D2B461046F0F757FE7CBD30750000A2
:10373000F8B5002406460127344D0CE080300168BE
:10374000E000801C08180622B11CE9F7D8FF002809
:1037500021D0641CE4B22868417EA142EED8417EAB
:1037600003293FD0491C41762868E7008030016872
:10377000B81C08180622B11CE9F7CBFF2968802085
:1037800080310968641C224BC855E2B20121002037
:10379000EDF7D4FEF8BD2868E10080300268802390
:1037A000505C184350542A6880321268830705D54C
:1037B000184EC30712D1384350540FE0C3070AD044
:1037C0000223184350542A6840088032126840008F
:1037D0005054114E02E03843104E5054641CE2B273
:1037E0003346D3E7002480300068E100415C49069D
:1037F000BAD4641CE4B2032CF7D3012100243A4666
:1038000033460846EDF79AFEAEE70000A803002015
:1038100088130000580F0200C8AF0000983A00005B
:1038200038B514C8D07F02280FD10848D17B006872
:10383000491E03690094CB40DB070146DB0F903142
:103840003C3054328033ECF786FF38BDA8030020AB
:1038500010B504462046FFF7E3FF10BD38B514C885
:10386000D17F0023032904D00C480229006804D02A
:103870000AE0AA209072EB2038BDD17B0369491E73
:10388000CB40DB07DB0F803301463C3190306432A4
:103890000094ECF760FF002038BD0000A803002072
:1038A00010B504462046FFF7D9FF10BD1CB50446ED
:1038B000C07F042806D0AA21022820D0012800D1E8
:1038C000A1721CBD01A80090104823460068224642
:1038D00001466433543290313C30EDF717F8B9208B
:1038E000A07201A8FCF76CFF0949DEF745FC2089AE
:1038F0000A460105090D0220F0F722FD1CBDE07B00
:103900001428DDD2A420A0721CBD0000A803002052
:1039100040420F0010B504462046FFF7C7FF10BD18
:1039200010B50B4A016812688968927D4068C97BAE
:10393000022A03D10A0701D4032010BD1823C27A3A
:10394000DB4319430A40C27200F0F0F810BD0000DA
:10395000A803002010B504462046FFF7E1FF10BD84
:1039600010B5C17F012908D0042906D0022907D04B
:10397000032901D100F0C4F910BDA521817210BD49
:10398000C17B491CC173FFF721F810BD10B5044677
:103990002046FFF7E5FF10BD38B514C80A48D17FAF
:1039A00000230068022906D1D17B0369491ECB4060
:1039B000DB07DB0F8033014690313C3064320094EA
:1039C000ECF7C9FE38BD0000A803002010B504467E
:1039D0002046FFF7E1FF10BDFEB504684168029183
:1039E0008668C568BA20287000203060E17F1F48D3
:1039F00004291ED002291BD10068E77B01697A1EC9
:103A0000D140CB07029900910146DB0F2246543288
:103A10003C3190308033ECF79EFE214610222A3153
:103A20000298E9F76CFE3060142F01D2B4202870A0
:103A3000FEBD01A900910068234601462246643379
:103A400054323C319030ECF761FFB920287001A866
:103A5000FCF7B6FE0649DEF78FFB20890A46010512
:103A6000090D0220F0F76CFCFEBD0000A803002049
:103A700040420F0010B504462046FFF7ADFF10BDD1
:103A800010B5C17F012908D0042906D0022909D028
:103A9000032901D100F034F910BD01460020FFF7E1
:103AA000A1F910BDC17B491CC173B521817210BD44
:103AB00010B504462046FFF7E3FF10BD10B50A4CD1
:103AC0002068807E41060DD5902108420AD1F8F782
:103AD000B5FC002806D12168BF22887E10408022D4
:103AE0001043887610BD0000A803002010B5FFF732
:103AF000E5FF10BD30B50446C07A0025000710D59B
:103B0000208900F0D5F8002801D0082509E0E07AE6
:103B100001210843E072044804220068817E1143B9
:103B20008176284630BD0000A803002010B5044669
:103B30002046FFF7DFFF10BD10B50648F9230068E7
:103B4000DB0020220249C018E9F7E3FD10BD0000A8
:103B500075510610A003002038B50F4C00252268CF
:103B6000402128463C32FAF790FA002801D0062579
:103B70000FE0206810211C30E5F7BEFD216800230E
:103B800008460A462C303C3100901C320846ECF7BF
:103B9000E2FD284638BD0000A803002010B5FFF75D
:103BA000DBFF10BD70B51A4C02782368411C987E6B
:103BB000C00626D5002A05D0164800210068A0308E
:103BC000027B21E018462022D030E9F7A2FD2068D0
:103BD0002022817E114313E07C20DD6F48432818AA
:103BE00010D00589002D0DD0C57A2D060AD50123E8
:103BF00000220B21FFF755FD2068CF22817E114066
:103C0000817670BD491CC9B28A42E5D870BD0000FA
:103C1000A8030020A003002010B504462046FFF7AB
:103C2000C1FF10BD70B50D4D0178441C2868827E1F
:103C30005206520E8276002902D000F0ABF970BD18
:103C400000F056F8002802D0FFF776FF70BD286814
:103C5000402221463C30E9F75CFD70BDA8030020FE
:103C600010B504462046FFF7DDFF10BD10B5012852
:103C700013D10A4C08222068817E114381762022CC
:103C800007493C30E9F745FD0549206820222031ED
:103C90005C30E9F73EFDFFF74FFF10BDA8030020A1
:103CA0003551061010B504462046FFF7DFFF10BD62
:103CB00070B50D4A054613680C4A0020126801468B
:103CC000A032147B0DE07C22DE6F4A43B218D67A14
:103CD000F60704D01289AA4201D0012070BD491C08
:103CE000C9B28C42EFD870BDA8030020A003002009
:103CF00002480068807E0007C00F7047A8030020BC
:103D000070B588B004460025FFF728FC1E4E012838
:103D100023D105AB012200212046FFF73DFC06AB75
:103D2000022200212046FFF737FC01A800903168ED
:103D300000239031059A0846ECF70DFD102201A9E9
:103D40000698E9F7DCFC002807D0042101230022B3
:103D50002046FFF7A6FC054610E0207EC10707D0ED
:103D6000800705D43068102200211C30E9F7DBFC05
:103D70007420005DC00704D0B620A072284608B0A9
:103D800070BDA920F9E70000A803002070B51E4E01
:103D90000D463368997E090601D53A2432E0402267
:103DA00005219033E9F7D0FEFFF7A2F9040004D013
:103DB000122C1CD01F2C1ED024E0E87AC02108430E
:103DC000E8723068114920229030E9F798FC002809
:103DD00018D10E49306820312022B030E9F78FFC2D
:103DE00000280FD1E87A04210843E8720AE0012391
:103DF00000220B2102E00123002208212846FFF7C0
:103E000050FC0024204670BDA80300203551061048
:103E100070B50646008941250105090D20220020C4
:103E2000E9F7DAFE040025D000214522A068E9F771
:103E30004DFF05001ED14120E080A0680C210173D8
:103E40000D4840220368052120463C33E9F774FF02
:103E50003146204600F00CF905000BD1F07A202104
:103E60000843F072FFF744FF002803D0F07A0421E2
:103E70000843F072284670BDA803002030B589B011
:103E80000C466B4610220521E9F75EFE04AA0021CC
:103E90002046FEF7F5FE050006D1102204A968466B
:103EA000E9F72DFC002806D0012300220B21204633
:103EB000FFF7F7FB17E07420005DC00703D0204632
:103EC000FEF7B0FE10E0207F10210A1A21462A31A9
:103ED00040180021E9F727FCA07B02210843A073CA
:103EE0002046FEF7B3FB0546284609B030BD00006A
:103EF000F0B5274D0446296800208A7E93B09206CB
:103F0000920F032A38D1202207A8D031E9F701FC0B
:103F10002868CF22817E2646114081766036307D2A
:103F200011AFC0072AD00FA805AB3A4606A90090EA
:103F30002046FEF73FFF6A462968127E2046D031B0
:103F40002A30039104900FA86B4685C36A46137DFF
:103F5000224621466432543107A8ECF725FC2A6832
:103F600001212046E032FEF78BFE002804D1317D8E
:103F7000C90708D0BB21A17213B0F0BD06AB0FAAD0
:103F800005A90097D4E72046FEF74CFEF4E70000B1
:103F9000A803002004480068817E0A0602D440225B
:103FA0001143817670470000A803002070B50468B3
:103FB0000579E07A00072FD52089FFF779FEE17AAD
:103FC00049084900E172154C002804D12168FB23FF
:103FD0008A7E1A408A762168002D05D0CA7E10326A
:103FE000CA76002804D007E0C87E401CC87603E0EB
:103FF000887ECF221040887620680321C07E050984
:104000000007000FDEF7B8F84019032804D3FFF7C4
:10401000C1FF21680020C87670BD0000A803002001
:1040200010B504462046FFF7C1FF10BD70B50F4D17
:10403000064600242868062280300168E000801CC3
:1040400008183146E9F75BFB002805D0641CE4B290
:10405000032CEFD3412070BD2868E1008030006858
:10406000405C0006F6D5002070BD0000A8030020CB
:1040700070B50D46064601460620E6F76FFA0400C5
:1040800005D000213046E9F703FE204670BD28899F
:10409000FFF7B6F902460021024B0846EDF74EFA4B
:1040A000F3E700003075000010B501686031097D4C
:1040B000CA070168897A0DD0B02908D3F02906D83B
:1040C00006490A68917E8B0701D0491E9176FFF759
:1040D000A7FF10BDA029F1D2F9E70000A803002036
:1040E000F8B52F4F0546FD203E68C00034182D4816
:1040F000301800902C483636FCF70AFD2B494A7AD6
:10410000D2008018002D36D031784A078E463A21E9
:10411000095D520F4B075B0F94469A4206D10E077A
:10412000360F0122B2402E4696430DD09C4521D039
:104130000B0701211B0F0A469A4073461B071B0FF2
:1041400099400A43954315D10921C90609691122ED
:10415000081800020021000A616420603968D20159
:104160008918896A401A00020012002802DC002027
:10417000F5F75AF8F8BD48220A80110609690025AA
:10418000081800020099000A086565642060284646
:10419000F5F74AF8386868304571F6F7CDFFF8BD95
:1041A000A00300205808000066020000C0000020A4
:1041B00010B5F6F7C3FC10BD10B51C88A418A4B246
:1041C0001C8001235B029C4203D8E9F7A2FA00207D
:1041D00010BD412010BD0000F8B54C4D4C49286879
:1041E000441826464036B08BFDF79EFB29684031C7
:1041F000098E401880B2E16CEEF769F80746B07F8F
:1042000000F0C4F8A16D38184118072000050143DB
:1042100000913F4A2968363A8818363100F089F80B
:10422000412128684901421891784B070146203105
:104230008E7D5B0F37093F013B4393707207520F2E
:104240008A75334AA8313C3A801800F06DF8286826
:10425000A16CC0300268A26401602868E16CC430BF
:104260000268E264016028680099CC221150D030C5
:10427000A16D0268A26501602868616DD430026892
:1042800062650160296820465C30D83100F042F850
:10429000296820465E30DA3100F04BF82968204664
:1042A0006030DB3100F045F8296820466430DC31AD
:1042B00000F030F8296820466830DE3100F02AF836
:1042C000296820466C30E03100F024F82968204647
:1042D0007030E23100F01EF8296820467430E43175
:1042E00000F018F8296820467830E63100F012F81E
:1042F000296820467B30E83100F01BF82968204609
:104300008430EC3100F010F8F8BD0000A00300206C
:104310005808000002880B8803800A8070470288D2
:104320000B8803800A80704702680B6803600A608C
:10433000704702780B7803700A70704708B5002147
:104340006A461180694600F001F808BD10B50A4AB6
:10435000830B12688004526A800C140A60435A432B
:104360008009101800228A5E821A10464030C00967
:10437000C3019A1A0A8010BDA0030020032802D0AE
:104380006320C0437047662070470000012801D0B9
:1043900001487047002070477A0300000B48FD2158
:1043A0000068C90040180A490988C36A4907028C95
:1043B000090F5A52036BC28B5A52836A428C5A526B
:1043C000436A828B5A52816941607047A003002082
:1043D000C000002010B5204C2048844200D90EE0D7
:1043E0002002000A401E1E4948610321081FE9F708
:1043F0002DF900201A4988610720086100BF0020BC
:10440000EDF73EFCEDF74AFF164909788900164A98
:10441000505880470423154A032149021448F6F7EF
:1044200031FB0423134A14491448F6F72BFB0020F0
:104430001349087004204870FF21114881700A2137
:10444000C1700221017100214171821D00200146CD
:10445000DDF71DFF10BD00000024F400FFFFFF008A
:1044600000E000E014030020DC50061040080020AB
:1044700080140020441000201E0200009014002030
:10448000A014002010B50020104908701048F6F75D
:1044900045FB0F498988081A0E49088008460078AC
:1044A0000D4908700B480088001248700020887081
:1044B000C8700848028809490948DFF765FE0422E8
:1044C000054907481430DFF75FFE10BD43030020A5
:1044D00090140020440300205003002062120020AA
:1044E000580000A070B504460D4601201749087019
:1044F00020781749087060784870A0788870E07854
:10450000C8701448F6F70AFB12498988081A12493C
:104510000880084600782070084600880012607005
:10452000A5702812E070EDF739F9FF20EDF7BEF91C
:104530000948028809490A48DFF726FE2A1D214654
:1045400007481430DFF720FE70BD00004303002051
:104550003F0300209014002044030020621200203A
:10456000580000A010B5FFB0FFB096B00021039135
:104570002348EDF7A1FE234909788900224A5058C3
:1045800080472248F6F7CAFA002823DD2048007841
:1045900000281FD18CAA03A91C48F6F75FFA022253
:1045A0008CA902A8E9F7B5F81A48009068468089F6
:1045B000001F82B204AB8DA968460089FCF738FD64
:1045C00004460122214604A8FDF7ACF80F48F6F78F
:1045D000F3F900BF1048007801280DD10E4A521C93
:1045E0000D210E48F6F756FA002805D10A49087041
:1045F0008A1D0146DDF74BFE7FB07FB016B010BDBF
:10460000FD7F000014030020F450061090140020D9
:104610003C0300201E020000A01400208014002093
:104620001CB5002001904E48F6F778FA002805D115
:104630004C480078002801D0E9F752F84A48007841
:10464000032808D1FFF71EFF052047490870802086
:10465000E1F7E6FF2BE04248F6F760FA002826DD96
:1046600041480078012803D03F48007802281ED135
:104670006A4601A93A48F6F7E0F9002816D1042065
:104680003949087008460078042807D14002E1F74C
:104690004DFF002802D10520334908706846818803
:1046A0000098FFF71FFF8020E1F7BAFF00BF50E03E
:1046B0002E48DFF72CFD2E490988081A042806DD4C
:1046C0000720294908708020E1F73CFF45E0294890
:1046D0000068002806D10120EDF7D2FA26480068CC
:1046E000244908602448006822490968401A0228C1
:1046F0002FD90020EDF7C4FA00201E4908600820D9
:10470000194908708020E1F71DFF1C480078002837
:104710001BD01B48007812498968114A5288885476
:10472000174841780E4882684088401C115414484C
:1047300081780B4882684088801C11541048C178E9
:10474000074882684088C01C11540120064908703F
:1047500003E0054800780528AAD000BF1CBD000072
:10476000801400203C0300203E030020580000A0DD
:10477000440300204C030020480300204303002092
:104780003F0300201CB5002001901748F6F7C6F93A
:10479000002811D11548007800280DD000BF8020D6
:1047A000EDF724FC0028FAD000BF0820EDF71EFC2E
:1047B0000128FAD0E8F794FF0B48F6F7AFF9002884
:1047C00011DD0B48007800280DD16A4601A9064882
:1047D000F6F733F9002805D1684681880098001D56
:1047E00000F046F800BF1CBD801400203C030020F0
:1047F0003D0300201CB5002001901A48F6F78EF901
:10480000002811D11848007800280DD000BF802062
:10481000EDF7ECFB0028FAD000BF0820EDF7E6FB2F
:104820000128FAD0E8F75CFF0E48F6F777F9002880
:1048300017DD0E480078002813D101204003E1F76E
:1048400075FE01280DD16A4601A90648F6F7F5F86C
:10485000002805D1684681880098001D00F01CF8EA
:1048600000BF1CBD801400203C0300203D0300203D
:1048700070B504460D4606480078002807D101208F
:10488000034908702A4621460248DFF77DFC70BDC7
:104890003D0300201C0000A070B504460D460C48E6
:1048A0000078002812D101200949087000BF80203B
:1048B000EDF79CFB0028FAD0E1F716FD4020E1F768
:1048C00041FE2A4621460348DFF75EFC70BD00002A
:1048D0003D0300201C0000A070B5054616460C469E
:1048E000C01CFBF757FF84210851E9797B20015553
:1048F00028460830FBF744FF40342087B079022176
:104900000843B07170BD70B50C460546C178602093
:1049100001551646281DFBF733FF4034A084A81D1F
:10492000FBF72EFF208528460830FBF729FFA085DE
:1049300028460A30FBF724FF208628460C30FBF778
:104940001FFFA086B07901210843B07170BD08B582
:104950006420694608700921C9066A461078401E1D
:104960001070C868C00302D510780028F5D11078FF
:1049700008BD08B56420694608700921C9066A4661
:104980001078401E10704869C00402D410780028C6
:10499000F5D1107808BD0000F8B51B4E31880446EB
:1049A00009070820090F0443A1422CD1174D00210B
:1049B000286881631121C90140180921C906806A4C
:1049C0000969471A6420FCF7A3F8717AC9004018F6
:1049D0002968896A4018381A00020121000AC905AD
:1049E000884202D20020F4F71FFC09492868328867
:1049F0001207120FA24206D1826B8A4203D2826B47
:104A0000521C8263F3E7F8BDC0000020A003002021
:104A100000710200F8B51B4E3188044609070820D2
:104A2000090F0443A1422CD1174D0021286881634E
:104A30001121C90140180921C906806A0969471A6C
:104A40006420FCF765F8717AC90040182968896A02
:104A50004018381A00020121000AC905884202D212
:104A60000020F4F7E1FB0949286832881207120F89
:104A7000A24206D1826B8A4203D2826B521C8263AD
:104A8000F3E7F8BDC0000020A00300200071020081
:104A9000F8B51B4E3188044609070820090F044366
:104AA000A1422CD1174D0021286881631121C90131
:104AB00040180921C906806A0969471A6420FCF771
:104AC00027F8717AC90040182968896A4018381A8D
:104AD00000020121000AC905884202D20020F4F731
:104AE000A3FB0949286832881207120FA24206D197
:104AF000826B8A4203D2826B521C8263F3E7F8BD59
:104B0000C0000020A003002000710200012180B23B
:104B10000904401808B50921C906C86064206A461E
:104B200010701078401E1070C868C00302D510784D
:104B30000028F6D1107808BD19A805105165041099
:104B400035660410A542041019A80510C1410410CF
:104B5000599A0410459A0410599A0410060400004A
:104B6000D1B105101D04000027DA0510010C00006A
:104B700009DD0510030C0000D5DB05102D0C00002D
:104B800051DB051001100000B9D80510021000001B
:104B9000D9D705100310000041D8051009100000F6
:104BA000F5D60510051400009DDA0510012000005F
:104BB0001DCF05100220000051C305100320000086
:104BC000A5C5051005200000CDD005100620000069
:104BD000A9CD051007200000C1C205100820000063
:104BE000B3CC05100920000055D305100A200000A1
:104BF00045CC05100B200000C9D205100C20000088
:104C0000F5D105100D200000E1BC05100E200000BC
:104C100097BC05100F200000B1C90510102000003E
:104C20009BB805101120000089B605101220000065
:104C300031CB05101320000029BB05101420000003
:104C400085CF051015200000B9C3051016200000FF
:104C50008DC70510172000002FBF05101820000079
:104C600065C2051019200000E5D305101A200000C8
:104C700075C105101B200000EFC105101C200000AD
:104C8000E1C805101D20000031CA05101E200000DB
:104C900021D505101F2000007DD405102220000022
:104CA0005FCE05102320000073C8051024200000EB
:104CB000ABD5051025200000B1C40510262000004A
:104CC000CDC0051027200000F3B5051028200000F6
:104CD000B1CA05102920000049B805102A2000009B
:104CE00007C805102B200000D1C605102C2000009D
:104CF00037C505102D200000ADCB05102E2000007B
:104D000037D105102F20000019C605104B200000D8
:104D100043C905104E20000015D0051000FC00000E
:104D2000097C051001FC00002D7B05100CFC000027
:104D3000B78205100DFC00008F7D05100FFC0000F0
:104D4000557F051014FC0000317D051015FC000096
:104D50009180051016FC00003181051017FC000041
:104D6000B57C051018FC0000ED7E051019FC000054
:104D7000357A05101AFC00007D7E051020FC00002D
:104D8000658205102BFC0000D981051081FC000014
:104D9000454E051082FC0000034D051083FC000009
:104DA0001B4B051084FC0000614A051085FC0000C7
:104DB000694C051086FC00001D48051087FC0000AA
:104DC000AF48051088FC00008544051089FC0000F0
:104DD0008D3B05108AFC0000C34005108BFC0000D1
:104DE000D54D05108CFC0000374F05108DFC0000E0
:104DF000D94F05108EFC0000795805108FFC00007B
:104E00000D3E051090FC00001F40051091FC0000B5
:104E1000F94B051092FC0000753C051093FC000056
:104E20000558051094FC0000233C051095FC00007B
:104E30008F3A051096FC00000754051097FC0000FF
:104E40007553051098FC0000F954051099FC0000FA
:104E5000995005109AFC0000DB5205109BFC0000E5
:104E6000B15605109CFC0000453D05109DFC00005E
:104E7000AD5705109EFC0000EF5105109FFC00008F
:104E800023470510A0FC0000A9460510A1FC000066
:104E900055490510A2FC0000E7550510A3FC0000D1
:104EA0007D3E0510A4FC000069410510A5FC000032
:104EB0009D420510A6FC000011450510A7FC00004E
:104EC000853F0510A8FC0000B74E0510A9FC0000A6
:104ED00089390510AAFC00004546051001FD0000B7
:104EE000D967051002FD0000A15B051003FD00005D
:104EF0002D66051004FD0000855A051005FD000013
:104F00006759051006FD00003774051007FD000005
:104F1000CD5E051008FD0000B55F051009FD00001D
:104F2000415F05100AFD0000B97105100BFD00007E
:104F3000216505100CFD0000D92E05100DFD0000A7
:104F4000592D05100EFD00003D3405100FFD000029
:104F50009532051010FD00002D30051011FD0000E8
:104F6000D92C051012FD00008961051013FD000009
:104F7000E762051014FD00008965051015FD0000AD
:104F80000B61051016FD00001162051017FD0000F1
:104F90008D60051018FD0000C36A051019FD0000A2
:104FA0008D6F05101AFD0000F16C05101BFD00004F
:104FB000356E05101CFD0000CD7505101DFD0000AF
:104FC000ED7605101EFD0000437505101FFD000065
:104FD0005776051020FD0000736C051021FD0000C0
:104FE000B974051022FD00004F6A051023FD000072
:104FF000CF78051024FD00009772051025FD0000F4
:10500000655E051026FD00004978051027FD0000AB
:10501000715C051028FD00002172051029FD0000BB
:105020000B7105102AFD0000836B05102CFD00009C
:105030008D7305102DFD0000216005102EFD000070
:105040008170051081FD00008983051082FD00003C
:105050005F84051000FE00003B88051001FE000083
:10506000D188051002FE00003987051003FE0000FC
:10507000CB87051004FE0000A78605100102010081
:10508000040201000600010000080000000000000A
:1050900000000000000201000600010040000000C6
:1050A00006000000002000000000000004020100D3
:1050B00000200000000000000000000000020100CD
:1050C0000600010040000000060000004000000053
:1050D000010000000020000000000000F59C04100A
:1050E000959A0410A59B0410B92F0410392F0410B1
:1050F000F92F04108547061021460610F5470610C3
:105100000C0802170D01010209090101060209FF3D
:10511000FFFFFFFF0909FFFFFFFF00000101020180
:10512000020100020100020202010201010101016B
:105130000200020100E69D350E480103CCDBFDF4C0
:10514000AC1191F4EFB9A5F9E9A7832C5E2CBE97B9
:10515000F2D203B0208BD28915D08E1C742430ED8E
:105160008FC24563765C15525ABF9A32636DEB2A43
:1051700065499C80DCBD1A3CCDA6B8995899B740CA
:10518000EB7B60FF4A503F10D2E3B3C974385FC570
:10519000A3D4F6493F00000041A2051065A2051006
:1051A00089A20510D1A205100DA40510ADA205100D
:1051B00045A3051035A40510E5A3051099A3051016
:1051C00075A305103DA2051095A4051015A30510A3
:1051D0005DA4051081A1051089A40510BDA40510CA
:1051E000359F0510759F0510999F0510B59E0510F8
:1051F000E19F0510D59E0510F19E0510B99F051081
:10520000959E0510519F0510119F0510F5A10510E1
:1052100019A20510C1A10510A9A105106FA10510C3
:10522000FD9F051005A10510F99C0510619D051055
:105230003D9D0510019E05104D9E0510B59D051064
:10524000299E0510D99D0510719E0510899D051098
:105250001D9D051079A00510A1A00510E1A0051065
:1052600051A0051029A005105DA10510C9A00510C9
:1052700035A1051025A105104FA1051045A1051068
:10528000F5DE0510B5DE051049DF05106FDF0510EE
:1052900089DF0510C1DF051055E00510A3DF0510FB
:1052A000E7DF051061E005103BE0051015E0051093
:1052B000F7DF051096C298D84539A1F4A033EB2D3D
:1052C000817D0377F240A463E5E6BCF847422CE118
:1052D000F2D1176BF551BF376840B6CBCE5E316B5C
:1052E0005733CE2B169E0F7C4AEBE78E9B7F1AFE20
:1052F000E242E34F0D0207019E0069004F003500B6
:10530000200015006C888391AAF5A53860370BDB67
:105310005A6083BEFB349B5F800000800010000059
:1053200000000000637C777BF26B6FC53001672B58
:10533000FED7AB76CA82C97DFA5947F0ADD4A2AF89
:105340009CA472C0B7FD9326363FF7CC34A5E5F197
:1053500071D8311504C723C31896059A071280E245
:10536000EB27B27509832C1A1B6E5AA0523BD6B399
:1053700029E32F8453D100ED20FCB15B6ACBBE3909
:105380004A4C58CFD0EFAAFB434D338545F9027FF5
:10539000503C9FA851A3408F929D38F5BCB6DA21AE
:1053A00010FFF3D2CD0C13EC5F974417C4A77E3DDA
:1053B000645D197360814FDC222A908846EEB81430
:1053C000DE5E0BDBE0323A0A4906245CC2D3AC62F3
:1053D0009195E479E7C8376D8DD54EA96C56F4EAFE
:1053E000657AAE08BA78252E1CA6B4C6E8DD741F0F
:1053F0004BBD8B8A703EB5664803F60E613557B9D2
:1054000086C11D9EE1F8981169D98E949B1E87E98B
:10541000CE5528DF8CA1890DBFE6426841992D0F3A
:10542000B054BB16000000010000000200000004A0
:1054300000000008000000100000002000000040F4
:10544000000000800000001B00000036EC54061035
:10545000080000200400000094290510F0540610F4
:105460000C0000200400000094290510F4540610DC
:10547000100000200400000094290510F8540610C4
:10548000140000200400000094290510FC540610AC
:105490001800002004000000942905100055061093
:1054A0001C00002008000000942905100855061073
:1054B0003000002004000000942905100C5506104F
:1054C000C00000200C020000D02204101455061069
:1054D000CC020020E000000094290510F4550610CD
:1054E000AC03002048110000A429051000000000B2
:1054F0000000000000200410000000000000000078
:1055000000000000000000000000000001FF01FF9B
:10551000E1000000000000000000000000000000AA
:10552000000000000000000000F007100004000070
:105530000004000000F80710F41400206435000097
:10554000440008009C040100092F0002AC03002065
:10555000FFFFFFFFF40100004801000000023F00D0
:10556000023E30023C20023B4C023A400239B20279
:10557000345B02350B00000000000000000000005A
:10558000000000000000000000000000000000001B
:10559000000000000000000000000000000000000B
:1055A00000000000000000000000000000000000FB
:1055B00000000000000000000000000000000000EB
:1055C000000000005507061069E1051015EC0510F4
:1055D000550706105507061055070610ED0606106C
:1055E000B5060610000000000000000000000000EA
:0455F00000000000B7
:040000051004216161
:00000001FF
