:020000041004E6
:10000000006000204DC504102DA50410B577041024
:10001000AA5555AA45554C420000000000000000BA
:100020000000000000000000000000002DE10410AE
:10003000000000000000000027BE0410B1E404101E
:10004000EB510410FDA504100000000000000000AA
:10005000B5E804102BE10410CD32041031EA04108D
:100060000000000000000000000000000000000090
:1000700000000000E5160410B9770410B7770410EB
:10008000000000008F9A0410919A0410939A0410B3
:10009000959A04106DC5041059A60410493804102F
:1000A0000000000000000000000000000000000050
:1000B0000000000000000000000000000000000040
:1000C000EFF31482EFF309811C4880F31488BFF327
:1000D0006F8FF0B543464C4655465E466746F8B4CA
:1000E000174CEFF30883236006B4164C2068164CB7
:1000F0002060164C2068164C2060164C2068164C68
:100100002060164C276800202060BFF34F8F30BF5F
:1001100027600B4C246884F3088882B003BCF8BCC9
:100120009846A146AA46B346BC46F0BC04BC80F340
:10013000098881F31488BFF36F8F10470000000017
:100140000800002004ED00E0EC02002024ED00E0B7
:10015000F002002000E200E0F4020020080020404D
:100160000448854601F070FA00480047DD5B051041
:10017000C046C0460060002010B586B004002200D2
:100180000621002010F0F7F8010038D10FF05EFFD3
:10019000010034D105A8019004A8009004AB9B1C79
:1001A000A279002104200FF084FC010027D1A0795E
:1001B000002811D0082801DD0820A071A079A168CD
:1001C0000391029000210191009000236846028A69
:1001D000418A002010F02BF8217B012010F0C7F895
:1001E00001000CD100F070F8C5488021490201607F
:1001F000491C41600168002000F0ECFE002006B0C0
:1002000010BD18B585B0040020780FF0A7FD0100DF
:1002100012D1207B0490A0680390E0790290A0792D
:10022000019060790090E378A278217960780FF0EE
:100230004BFD010000D1002006B010BD10B50FF03D
:100240007BFC0DE3F8B5AF490C68AD4F39688026EB
:10025000B6027208914206D09200914203D0B14298
:1002600001D00C2520E00090408800998988009AF0
:100270009279009B1B78012B02D10FF0AAFD02E0BE
:1002800001230FF09EFD05000ED10120E06000204B
:10029000607220700098007820723E60701C786058
:1002A0003146400800F096FE2800F2BD10B5954892
:1002B0000468207A012800D002200FF096FD01008A
:1002C00001D10221617210BD1FB58D4C0ECC0C3CCA
:1002D000684601F087F868460EC80EC4184604B098
:1002E00010BDF1B582B0002769460F7085480468DB
:1002F0002422029920000C3001F01CF934216754AB
:100300000120AA4D7E4E3168420491420DD02070EA
:10031000681E306075600146500800F05BFE029870
:10032000007803280ED127630CE027702063FFF7C5
:10033000BDFF69460870691E3160756080208002CB
:1003400000F048FE68460078FEBD80B56D48006844
:10035000007B032801D1402000E008200FF045FD7C
:1003600002BD80B513210FF03CFD02BDF7B50022A0
:100370006C462270634C2468614D2E688027FF0212
:10038000BE420AD0C027FF02BE4206D07F08BE424E
:1003900003D00C206946087011E0029E01272770E7
:1003A0002082A160E660A380A0680270A020C00245
:1003B0002860401C68602968B80400F00BFE68469D
:1003C0000078FEBDF5B583B000206A4610704D4A36
:1003D00012684B4C2668A025ED02AE4207D080275C
:1003E000FF02BE4203D00C20694608701CE00B9E41
:1003F0000A9F01936B4659806946898902231370CD
:10040000118201999160D76096806946498851822E
:100410006946098A9182916808702560681C60604D
:100420002946580400F0D6FD32E0F5B583B000202F
:100430006A461070334A1268314C2668A025ED02D6
:10044000AE4207D08027FF02BE4203D00C2069468F
:1004500008701DE00B9E0A9F01936B465980694608
:10046000898903231370118201999160D760968066
:100470006946498851826946098A91829168087063
:100480002560681C606029468020C00200F0A2FD43
:100490006846007805B0F0BDF5B583B000206A4627
:1004A0001070184A1268A64C2668A025ED02AE42CC
:1004B00007D08027FF02BE4203D00C206946087097
:1004C0001CE00B9E0A9F01936B46598069468989FF
:1004D00004231370118201999160D7609680694658
:1004E000498851826946098A91829168087025601D
:1004F000681C60602946180400F06CFDC8E7000025
:10050000140A0020AC030020F2B582B000A9891CB7
:1005100000240C704C70AC490C68894E31688027FF
:10052000FF02B94209D0C025ED02A94205D0A0259D
:10053000ED02A94201D00C2535E069460B704A70E6
:100540008880684600784000497801436846817099
:1005500000AB9B1C0222018980880FF079FE050008
:1005600021D100202622A0540521217069468988C6
:1005700021852721605402A821000D3102780A70DC
:1005800042784A7068464078E07368460078207484
:10059000022020730120E0623760781C70603946C9
:1005A000380000F017FD2800FEBD00000100030028
:1005B000F7B51F0084490C68BD4E31688022D20215
:1005C000914209D0C022D202914205D0A022D2028B
:1005D000914201D00C2527E0694608806846818851
:1005E00000880FF0B6FD05001ED108980299002280
:1005F0002623E254062323706B461B882385616003
:10060000A760A08401A821000D3103780B70437806
:100610004B70272022540120E06280043060411C8E
:100620007160014600F0D6FC2800FEBDFBB5170046
:1006300065490C689E4909688022D202914209D01E
:10064000C022D202914205D0A022D202914201D012
:100650000C252BE0089E6946088032006846818898
:1006600000880FF07AFD050020D109980299002238
:100670002623E254082323706B461B88238567607A
:10068000A160A08401A821000D3103780B7043788C
:100690004B70E673272022540120E06280048449D5
:1006A0000860421C4A60014600F094FC2800FEBD30
:1006B000F2B582B044490C687D4E31688027FF0254
:1006C000B94209D0C025ED02A94205D0A025ED020E
:1006D000A94201D00C2530E0019369460A70488098
:1006E000019B68460278018940880FF0B5FD05003E
:1006F00023D10020262160540721217069464988B2
:1007000021852721605402A821000D3102780A704A
:1007100042784A70684600782073684602780199EA
:1007200020000F3000F006FF0120E0623760781CE7
:1007300070603946380000F04DFC2800FEBD000016
:10074000140A002038B55A4C24688025ED02AC42CA
:1007500009D0C025ED02AC4205D0A025ED02AC4287
:1007600001D00C2032BD0FF0C3FD32BD80B5504921
:1007700009688022D202914209D0C022D20291425D
:1007800005D0A022D202914201D00C2002BD0FF070
:1007900034FB02BD3EB5464C24688025ED02AC42D8
:1007A00009D0C025ED02AC4205D0A025ED02AC4237
:1007B00001D00C203EBD079C01946C46247E009421
:1007C0000FF088FD3EBD0000AC030020F8B5394AAB
:1007D0001468374D2E688022D202964209D0A0229A
:1007E000D202964205D0C0229202964201D00C2736
:1007F00028E06A461080684600880FF05BFA070020
:1008000020D10120E062002020702621605469463A
:100810000988618527216054282160543021605463
:10082000254A49038020C002864202D129606A60BD
:1008300006E0A020C002864229606A6000D0480815
:1008400000F0C8FB3800F2BD10B51A4A1268012347
:100850003024135500232624135550850FF0E0F95A
:1008600004001349C020C0020860421C4A600146CF
:1008700000F0B0FB200010BD80B50FF0D8F802BD2D
:1008800080B50100082901DB122002BD01200FF014
:100890006EFD02BD06480068C0218902884204D16D
:1008A0000120044909683422885400207047000060
:1008B000140A0020AC0300200100060018B585B022
:1008C0001400049121780391A18902916189019119
:1008D00021890091E388A28861880FF051FD06B05C
:1008E00010BD7047704770477047704770470000F1
:1008F000F1B582B00F001600B74804686846007A68
:100900001A2814D1257801213800FFF75FFF6946C6
:100910000870257068460078002808D01A200870F2
:100920006846478022002832801CFFF7DDFF320036
:1009300039006846007AFFF7D8FFF7BD06B585B0E5
:1009400003206A4610706846418001AB921C06A9DC
:1009500009F0A6F807B000BDF1B588B00E00170089
:100960009D480468062101A800F00CFE012508A896
:100970000078002803D1A680684605700DE00220AB
:100980006946087008A80078402806D1062201A907
:10099000380000F002FE002808D003AB221D08A991
:1009A000684609F07DF800202063A57009B0F0BD0D
:1009B000E0B501206A461072080010300190C86846
:1009C00000900B0008338A1C491C02A809F000F9AA
:1009D00007BDFEB50100804F386800250124491E7F
:1009E000012904D9C91F1ED038391CD0F7BDCC4EFF
:1009F0003168620491420ED10470C560417A0229C7
:100A000001D00321417200210191009100230022B5
:100A1000093009F0DDF83068C0218902884204D12C
:100A20003868047000E044700563F7BD1FB50D23FE
:100A30006C4623706B46588001A8018001218170AB
:100A4000027201AA00A9891C6846FFF74BFF1FBD6F
:100A500080B5FFF748FF01BD38B584B00C246D4662
:100A60002C706C46608001A80180827000210172A8
:100A7000029301AA00A9891C6846FFF733FF05B05D
:100A800030BDF8B584B01C00534B1B6801931D8A20
:100A9000854249D11878042846D1684601700293EE
:100AA00004260078022800D1122615002800310003
:100AB00000F02CFDC0B202998988029AD28852199E
:100AC0001218914201DA642025E0029989680A78B7
:100AD00012180A70002500270394029C029015E06A
:100AE00068460078E168E2888854E088401CE0802D
:100AF00032000399EBB2C918E36880B2181800F00D
:100B000019FDE0888019E080AD197F1CF8B20299C8
:100B10008842E5DB002001998870019880780028E0
:100B200002D001200199487005B0F0BDF0B585B044
:100B30001E00294B1C680194238A83424AD12078E5
:100B4000012847D16846017002911700380000F073
:100B5000DDFCC0B20125A188E288D21912189142A9
:100B600001DA64202EE0A1680A7812180A700027C2
:100B700004960390002620E00220E168E288885471
:100B800006E0684600780628F6D1E168E2888D54D0
:100B9000E088401CE08069460A780499F3B2C918DD
:100BA000E36880B2181800F0C5FCE088694609784F
:100BB0004018E080029836187F1CF8B203998842EA
:100BC000DFDB00200199887001988078002801D02F
:100BD0000198457005B0F0BDAC030020F1B586B0BA
:100BE0000C001D00B048066801960394029201981B
:100BF000008A6946098B884243D10198007802280F
:100C000045D11046210000F081FCC0B2B188F288C5
:100C1000029BD2181218914201DA64202FE0B168C9
:100C20000A7812180A7000276A461470049000248B
:100C30001EE0022107E0F068F18840186946097853
:100C40000729F6D101210170F088401CF080039A39
:100C5000E1B26918F36880B2181800F06BFCF088F4
:100C6000694609784018F0806846007824187F1C8F
:100C7000F8B204998842DEDB6846047800200199C6
:100C800088700198008A6946098B88423ED1019894
:100C9000007803283AD1844806680298210000F0C1
:100CA00035FCC0B2B188F288029BD218121891426A
:100CB00001DA642028E0B1680A7812180A70002767
:100CC0006A46147002950500002419E06846007811
:100CD000F168F2888854F088401CF080039A0299E9
:100CE000E3B2C918F36880B2181800F023FCF0884A
:100CF000694609784018F0806846007824187F1CFF
:100D0000F8B2A842E2DB002001998870019880784F
:100D1000002802D001200199487007B0F0BD000002
:100D2000140A00203EB5092401E03EB50A246D46B0
:100D30006C7000242C706C46608001A80180827069
:100D4000029301AB00AA921C694600A8401C09F05E
:100D500045F837BD3EB5069A0B246D466C700024ED
:100D60002C706C46608001A8018083700292E8E7D5
:100D7000F1B5002201234C48944C2568A026F602C8
:100D8000B54211D105682E8A6F463F88BE422ED1EA
:100D90002E78012E05D0022E03D0032E01D0042E72
:100DA00025D16B70A970AA6124689D04AC421ED144
:100DB0000068048D6D462D88AC4218D10478052C4E
:100DC00005D0062C03D0082C01D0072C0FD1C2620D
:100DD000262283542722825C002A01D127228154B3
:100DE0000023020028320100273108F0F7FFF1BD8F
:100DF00010B51300754A12688024E402A24215D18E
:100E0000734A1468228D824210D1207806280DD1B1
:100E100060680180A08C0A00904203D264202721E0
:100E2000605410BD1900A06800F084FB10BD38B5F7
:100E300003001000654A12688024E402A2421CD11B
:100E4000634A15682A8D9A4217D12A78082A14D144
:100E50000C0069680B88A98C1A19914203DA642086
:100E60002721685431BD22000100A868C01800F095
:100E700061FB686801880919018031BD10B5534BC9
:100E80001B68C024E402A3420DD1514B1B685C8D4A
:100E9000844208D1012026241855272019542820DF
:100EA0001A540020D86210BDAC0300203EB50400E7
:100EB0004748056818468021C902052803D008283C
:100EC00001D00F2819D1414A12688A420AD12878E4
:100ED000694608706C8500212000FFF777FC6946A1
:100EE0000978297000281BD0684644802A002832DF
:100EF00002A9801CFFF7F8FC37BD3448006888421F
:100F00000ED1287869460870684644800120262161
:100F10006854002300AA921C02A9684608F05EFFEC
:100F200037BD80B52A490B6810216A461170588573
:100F30001A002832694618002A30FFF7D5FC01BD97
:100F400080B5234A1268508510002A30FFF7CEFC86
:100F500001BD70B58AB00E9C0F9D05206E46F075E0
:100F60000020B07506A8017042808380C48005818E
:100F700017490968154A12688023DB029A420FD08C
:100F8000C0239B029A420DD188886946888206ABAD
:100F900005AA05A9891C05A8C01C08F081FD12E05E
:100FA000088DF2E700210491017803918189029173
:100FB0004189019101890091C388828841886846EE
:100FC000808A0FF0DDF90AB070BD0000140A00201D
:100FD000AC0300207047F0B589B00500140000296B
:100FE00002D02E896F8901E0AE89EF892A7C2878AA
:100FF000032814D1688C0690288C0590E88B049007
:10100000A88B0390688B0290288B0190E87D00905C
:101010002B001133390030000EF00DFD1BE007A846
:101020000270062229001131401C00F083FA07A843
:10103000069001200590688C0490288C0390E88B22
:101040000290A88B0190688B00902B8BEA7D390071
:1010500030000EF08CFE050004D10020607006F018
:101060009FFAA060280009B0F0BD894A531EC11A3A
:1010700008D0491E07D1874800680078002801D0B1
:10108000501C704710007047F0B585B0814A146855
:10109000814A012700260225531EC11A08D0491E85
:1010A00008D0491E1FD0491E4AD0491E63D06BE0AC
:1010B000A67002E02078002801D1100064E0220030
:1010C000012120000C30FFF786FF69464870684612
:1010D0004078002847D1342026542069800003211D
:1010E000014321632AE006F05BFAA16806F052FA98
:1010F0002169814203D33420205C00281BD0207B4F
:10110000032801D1402000E00820694608706846A5
:1011100000780EF06AFE69464870684640780028FC
:1011200002D12763AA482FE00420087001AB221DDA
:10113000491C68461CE0A078002822D1A54823E07D
:101140006078002801D1901C1EE0220020000C30A5
:10115000FFF741FF6946487068464078002802D191
:1011600027639D4810E06846057001AB221D491CAD
:1011700008F096FC05E0A078002802D160780028ED
:1011800001D0964800E0D01C05B0F0BD3EB5414A04
:101190001468934A951C531EC11A15D0491E02D0DB
:1011A000491E13D03EBD2620205C00280CD0220012
:1011B00028322100273120002A30FFF795FB2078C4
:1011C000002863D0681E3EBD10003EBD0020694669
:1011D00008722078052806D04DD3072825D012D3D1
:1011E000082833D047E020000D3002A9891C02787E
:1011F0000A7042784A70237CE27B68464189608DA0
:10120000FFF782F935E020000D3002A9891C027831
:101210000A7042784A70A08C0090A36862686846A1
:101220004189608DFFF7C4F923E020000D3002A949
:10123000891C02780A7042784A7023000F33227B9F
:1012400068464189608DFFF733FA12E020000D30C7
:1012500002A9891C02780A7042784A70A08C019019
:10126000E07B0090A368626868464189608DFFF763
:10127000DDF9694608726846007A002806D0002326
:1012800022002A3202A9200008F0A8FD28003EBD55
:1012900002000200AC03002002000300F8B5874AF8
:1012A0001468874F874E0125BA1E811A10D0491E37
:1012B00021D0491E2AD0891E2DD0491E38D0491E62
:1012C0003BD0491E46D0491E49D0491E5AD0F2BDD6
:1012D0006170E1802178012901D1501CF2BD022901
:1012E00001D17948F2BD032901D1B81CF2BD04290E
:1012F00054D1B01EF2BD208A0EF0D0FD69460870B0
:1013000068460078002835D1A56102E060780028A1
:101310003BD13800F2BDA28A618A208A0EF046FED7
:101320006946087068460078002823D1A56102E06C
:101330006078002829D1F81CF2BDA28A618A208A2F
:101340000EF0A8FD6946087068460078002811D1A3
:10135000A56102E06078002817D1F01EF2BDA28AD4
:10136000618A208A0EF092FD69460870684600780E
:10137000002805D022001032200008F06BFE0AE0A1
:10138000A5610AE06078002807D022001032A11C75
:10139000200008F05FFE3000F2BD701EF2BD30B5D7
:1013A000464A1468494A531E951E411B02D0491EE5
:1013B00005D030BD2078401F032804D805E0262042
:1013C000205C002801D0100030BD180030BD0000A6
:1013D00004000300030003000500030006000300EF
:1013E00002000600FEB584B00400684604A92CC9BA
:1013F0002CC0324F3868364D6E1E0499002911D02A
:101400006A08914210D0C022920291421AD0B14291
:1014100035D0A022D202914225D0C022D2029142E0
:101420003AD045E0002042E005000598FFF71DFE98
:1014300001902849884203D1B0080090401C0190D7
:10144000E86834E003900598FFF71EFE01902249FA
:10145000884205D1039880883968088500960195EF
:101460000398006B23E007000598FFF717FF019032
:101470001449884201D100960195B86917E005002A
:101480000598FFF78CFF0190F11C884202D10120E2
:10149000E8620096E86A0AE007000598FFF776FE22
:1014A00001900E49884201D100960195F86A029098
:1014B00068460EC80EC407B0F0BD0000AC030020A3
:1014C000030005000B0005000700050003000400F1
:1014D00001000400030002000600030004000600EF
:1014E00030B50B46014600202022012409E00D46BC
:1014F000D5409D4205D31D469540491B2546954044
:1015000040191546521E002DF1DC30BD70B5002487
:101510002546002801DA01244042002901DA01258C
:101520004942FFF7DDFFAC4200D04042002C00D022
:10153000494270BD10B5441A0346944209D283183B
:10154000891803E0491E0C785B1E1C70521EF9D2EC
:1015500010BD0C460443A40703D009E010C9121FB4
:1015600010C3042AFAD203E00C781C70491C5B1CDF
:10157000521EF9D210BDD2B201E00270401C491EC9
:10158000FBD270470022F6E710B513460A46044620
:101590001946FFF7F0FF204610BD30B50446002085
:1015A000034600E05B1C934203D2E05CCD5C401B31
:1015B000F8D030BD0321001D401E037812021A43EB
:1015C000491EF9D510467047F0B51FB406460020F5
:1015D00082B005464024019100901BE0019922460B
:1015E0000F46304600F042F8049A059B801A994154
:1015F00010D310461946224600F016F8361A8F41CD
:101600000197224601200021009F00F00DF83818B4
:101610004D4100902046641E0028DFDC019B0098AD
:101620002946324607B0F0BD10B5202A04DB01463A
:10163000203A9140002010BD914020239C1A03467F
:10164000E3401943904010BD064C0125064E05E0CD
:10165000E36807CC2B430C3C98471034B442F7D3D3
:10166000FEF782FD28990510C899051010B5202AAB
:1016700004DB0846203AD040002110BD0B46D34081
:10168000D0402024A21A91400843194610BD70B5DD
:101690008C180578401C6B075B0F01D10378401C48
:1016A0002A1106D10278401C03E006780E70401C17
:1016B000491C5B1EF9D12B0705D40023521E0DD403
:1016C0000B70491CFAE70378401CCB1A921C03E00C
:1016D0001D780D70491C5B1C521EF9D5A142D8D350
:1016E000002070BD7047F0B50F46B5B0154600211B
:1016F00030AA0F23445C5E1A491C94551029F9DB6B
:101700001022694630A800F013FB0026B400E0194F
:10171000401CFFF74FFF395D000208430321891B7E
:1017200089002CAC761C6050042EEFDB2146102380
:101730006A46084600F0C6F900200326311A8900DF
:10174000635C8200AB54635A52191B0A537063588E
:10175000401C1B0C93706158090ED1700428EDDBFE
:1017600035B0F0BD70B5BAB0054600200C4600900B
:1017700020206946087210200A9038901E46039275
:1017800001A800F085F92246294601A800F008F8D2
:101790006A46314601A800F045F93AB070BD000034
:1017A000F7B592B00F46040004D0002F06D114986C
:1017B000002803DD6120400115B0F0BD1498002819
:1017C00004DB102804DA2079800601D49448F3E77A
:1017D0002079410701D4810702D59148401CEBE7ED
:1017E0004021084320712046143000250F9014300A
:1017F00001901EE00026B00004904019C01903902B
:10180000FFF7D8FE00BA010A03980902C07807AAB8
:1018100001430498761C0019406941400498042E45
:101820001150E8DB636A07A8019A0F9900F07CFA6F
:10183000059D28461030059014998842DADB2079FE
:10184000800620D400291EDD0026B0000490401937
:10185000C0190390FFF7AEFE00BA010A039809020F
:10186000C07807AA01430498761C001940694140DA
:101870000498042E1150E8DB636A07A8019A0F99B7
:1018800000F052FACAE000200B900C900D900E90E0
:101890000BA9636A0846019A00F046FA0B98872163
:1018A000C00F48430B990C9A4900D20F11430B917A
:1018B0000C990D9A4900D20F11430C910D990E9A73
:1018C0004900D20F11430D910E99149A49004140DD
:1018D000284610300E9190421CD10026B000029094
:1018E0004019C0190490FFF765FE00BA010A049878
:1018F0000902C0780BAB01430298761C00194269BB
:101900000298185842405140029807AA1150042EDC
:10191000E4DB79E00B988722C00F50430B9A0C9BB5
:101920005200DB0F1A430B920C9A0D9B5200DB0FF7
:101930001A430C920D9ACB0F52001A430D924A0093
:10194000424014980E92401B0390C017820F0398D8
:10195000002610188010029019E0B0001090401975
:10196000C0190490FFF726FE00BA010A0498090284
:10197000C0780BAB014310980019426910981858B1
:1019800042405140109807AA11500298761CB0426C
:10199000E3DCB00001190BAA49691258514007AAAB
:1019A0001150039B00211B1A42199C4696460BE0DE
:1019B00072465218BA5CCD0018235B1B9A4007ABE5
:1019C0001D586A401A50491C8C45F1DC002909D089
:1019D000CD00182107AA4D1B13588021A9404B4068
:1019E000135005E007A90A580123DB075A400A50A3
:1019F00007A90BAA05E0B00003195B6915586B40F5
:101A00000B50761C042EF6DB636A07A8019A0F9927
:101A100000F08AF920790421084320710020CBE6E8
:101A20001D0C0000F8B516460F46040009D0002E24
:101A300007D025468035E86D401E102804D3134892
:101A4000F8BD61204001F8BD2079400604D4002291
:101A500011462046FFF7A4FE207902210843207199
:101A6000002018210CE0C217920F12189208920061
:101A7000121983075269DB0ECB1ADA403A54401C24
:101A8000EA6D8242EFDC00203260F8BD1F0C0000DE
:101A900010B5040007D002230022A16800F00CFA60
:101AA000010003D00CE06120400110BD1020206136
:101AB0000020024683001B19401C5A610428F9DBF0
:101AC000084610BDFFB5D908490083B0891D0291B1
:101AD0000368116854684B404168956861408468A8
:101AE000C0686C40A446D4681E0E60408B4CC5B2E2
:101AF000A65D655D3606354367460E023F04360E29
:101B00003F0EA65DE75D36043F023E433543AE46D9
:101B10000F0EDDB2E75D665D3F063E4365462F0270
:101B200005043F0E2D0EE75D655D3F042D022F433A
:101B30003E43CDB20096665D65462F0EE75D1D04FF
:101B40003F063E4307023F0E2D0EE75D655D3F04F5
:101B50002D022F433E4301966546EDB2070E665DAA
:101B6000E75D0D043F063E431F023F0EE75D2D0E6D
:101B7000645D3F0424022743029C3E43641E1032EE
:101B80000294002C63DD664C704620404300704692
:101B90006449C00908401B214843434070465840EF
:101BA0001821C841434070461021C8414340704647
:101BB0000821C841434010685A4D43400098594F8E
:101BC000204041000098C00928401B25684341403F
:101BD000009818254840E841414000981025E84108
:101BE000414000980825E84141405068019D41402E
:101BF0000198ED0920403D4040001B277D4368408F
:101C0000019F05467D401827FD416840019D102732
:101C1000FD416840019D0827FD4168409568684086
:101C20008446304620403F4DF4092C4040001B259F
:101C30006C436040044674401825EC416040102419
:101C40003546E54108246840E64170404BE7334C97
:101C5000C5B2665D1D0E645D240626430C02250E8A
:101C60002E4C645D65462D042F0E2C4D2404ED5D35
:101C70002D022C432643294C0096DDB2655D0E0EE5
:101C8000A45D2406254364462402260E234CA45D4D
:101C90000604370E214E2404F65D360234432543F4
:101CA000AE461E4CCDB2645D65461C4E2F0EF55DF2
:101CB0002D062C4305022F0EF55D1F042E043D0E4C
:101CC000164F7F5D65463F023E433443EEB2134DEF
:101CD000AF5D050E1148405D000607431802030E74
:101CE0000E48C05C09040B0E0C490004C95C9368E3
:101CF0000902084307431068009E63405168049C32
:101D00007040D2682060754604986940416004982C
:101D10007A4083600498C26007B0F0BDDC9605107D
:101D20007F7F7F7F0101010100B5FFF7CBFE00BD82
:101D3000F7B50298860800240DE00098A7003D182A
:101D40002846FFF737FC00BA000AE978000208438A
:101D50000199641CC851B442EFDB0199029A08460C
:101D600000F002F8FEBD0000F0B59208002303E089
:101D70009C0005590D515B1C9342F9DB4D4FF81F38
:101D8000F938042A48D0062A6DD0082A43D1002306
:101D9000CA6915022D0E140E455D045D2D062C43F7
:101DA00015042D0ED2B2455D825C2D04120215433E
:101DB0002C439D007D590A686A40544001225B1CF7
:101DC0000C62940065180C59EE69521C66402E6234
:101DD000042AF6DBCA6A150ED4B2455D045D2D06F1
:101DE0002C4315022D0E1204455D120E825C2D044B
:101DF000120215430A692C43544005220C639400D7
:101E000065180C59EE69521C66402E62082AF6DBF2
:101E10002031072BBCDDF0BD0022CB681D022D0E4A
:101E20001C0E455D045D2D062C431D042D0EDBB2FA
:101E3000455DC35C2D041B021D432C4395007D5959
:101E40000B686B405C400123521C0C619C006518C0
:101E50000C59EE685B1C66402E61042BF6DB1031DA
:101E6000092ADADDF0BD0022CB681D022D0E1C0E02
:101E7000455D045D2D062C431D042D0EDBB2455D32
:101E8000C35C2D041B021D432C4395007D590B6838
:101E90006B405C400123521C0C619C0065180C597E
:101EA000EE685B1C66402E61042BF6DB1831092AB4
:101EB000DADDF0BDDC970510F8B59E468C460028AB
:101EC00007D0002905D059078C0F002A04D1012C16
:101ED00002D061204001F8BD416A102903D01829C1
:101EE00001D0202905D1012C05D00169491E1029F6
:101EF00001D31E48F8BDC2600179F9231940017170
:101F0000012C20D000210B468D002D18491C6B613F
:101F10000429F9DB0021182712E0CB179B0F5B186F
:101F20009B089B001D182B46143300938B07565CAF
:101F3000DB0EFB1A6D699E403543009B491C1D60FA
:101F400003698B42E9DC0179C9070CD161468160E4
:101F50007146C90701D0032C05D10146426A2831D8
:101F60006046FFF7E5FE0020F8BD00001F0C0000F2
:101F70007FB505469868012202739A681C46517322
:101F80009868022202A90E3008F03DFBA1680520E6
:101F90000D74E0807FBD70B5064608881D460C466E
:101FA000001D81B213460222304608F003FE21884C
:101FB0002B46891C2180091D89B20222304608F077
:101FC000F9FD2088801C208070BDFEB500240E46DF
:101FD0002746056845E028680290A9680222304635
:101FE0000D3108F010FB3088B84209D087B238466E
:101FF00003F090FF014601AA384605F0ADF9019CB7
:10200000A968022268460F3108F0FDFAE888401FEF
:1020100081B22220005D002806D001280BD00028C4
:1020200011D0012814D01BE0E08B6A461288401EB4
:10203000904206D307E0208C6A461288401E9042E8
:1020400006D20720FEBD684600880818E18B03E031
:10205000684600880818218C884201D90D20FEBDF1
:10206000029D002DB7D100203080FEBDFFB5C8888D
:102070000025401E83B00E4687B2012427E0B068D9
:102080000222083001196846091D08F0BCFA6846AA
:10209000008803F03FFF01001DD068460A8D0088CC
:1020A000824212D001AA05F057F900280DD10199FA
:1020B0002620405C400708D506986A0010180222C6
:1020C0001C3108F0A0FA6D1CADB2A41CA4B2BC4235
:1020D000D5D30C98058007B0F0BDFFB5074683B097
:1020E000002000900D9803F015FF069905460C316D
:1020F0000191002826D00837BD4223D0288D0E99A3
:1021000088421FD80D99884213D30E99884210D85F
:10211000294602222A31019808F075FA10220C99FA
:10212000069808F06CFA002809D0298D0E98814293
:1021300008D02E462C6A2036B4423FD140E00598A4
:102140000021018007B0F0BDA18B0D98814234D3EE
:102150000E98814234D8204620300290C078012861
:1021600008D02046083010220C9908F048FA0028C0
:1021700008D022E0214602220831019808F043FAF3
:102180000698F0E702988079400716D50098002855
:1021900001D1E08B0090E18B814211D105980222A0
:1021A000008841000498081821461C3108F02BFAD9
:1021B000059805990088401C08802468B442C3D162
:1021C0002D6899E70648002102684B20400110184D
:1021D0000170417003218170C170002070470000C0
:1021E000A003002070B50D4D044601232868D902D4
:1021F000401890261A46C06C31460DF08DFB010048
:1022000003D030464C600DF073FB4B202968400131
:1022100009180878401C087070BD0000A003002059
:1022200010B5044600202082A074A168A1616161FC
:102230002060204606F086FE452801D0412010BDD2
:10224000A088032110F012FA044611F0FDF80028CE
:1022500013D072B60A4801220168492040010918CA
:10226000487EA2401043487662B6002014F00AFB74
:10227000002802D000200EF0E7FC002010BD000076
:10228000A003002070B5C17C0E4D4906490EC174F3
:10229000044601232868D902401890260022C06C09
:1022A00031460DF039FB010003D030464C600DF093
:1022B0001FFB4B202968400109184878401C4870D2
:1022C00070BD0000A003002010B50BF04CFF0028EB
:1022D00003D10BF052FF002801D0002010BD0320D5
:1022E00010BDF8B516460D46074600240BF0CEFC8F
:1022F000002806D032462946384601F039FA04460D
:1023000004E020356879002802D00E242046F8BD6C
:102310002879C10701D1012E09D0810701D4022EED
:1023200003D04007F2D4042EF0D10324EEE70224B8
:10233000ECE7FFB581B00646684680890C9F0C46E5
:10234000002837D06946098A884233D87088C01F70
:10235000B8422FD3FD1DAAB20021204609F072FD1C
:10236000002802D0642005B0F0BDA06806210173EA
:10237000A068022203A90D3008F045F9A0680222E6
:1023800004A90F3008F03FF9A06802220AA9113011
:1023900008F039F93A460B2120460B9B08F00AFC5D
:1023A000E580212130698901084330610720B0733D
:1023B0000020D8E74220D6E77FB505466846008969
:1023C0000C4600281ED06946898988421AD8A06820
:1023D00004210173A068022202A90D3008F013F94C
:1023E000A068022203A90F3008F00DF90520E08053
:1023F000212128698901084328610520A87300204C
:1024000004B070BD4220FBE77FB5054668460089F1
:102410000C4600281AD0A0680C210173A068022283
:1024200002A90D3008F0EFF8A068022203A90F30CE
:1024300008F0E9F80520E080212128698901084396
:1024400028610D20A873002004B070BD4220FBE776
:102450007FB50546684600890C9E0C46002816D0BC
:1024600069468989884212D8A06810210173A06842
:10247000022202A90D3008F0C6F8A068022203A9C2
:102480000F3008F0C0F8012E04D0022E0AD04220EE
:1024900004B070BDA068022208A9113008F0B3F89A
:1024A000072006E008AB10220921204608F082FB35
:1024B0001520E08021212869890108432861112025
:1024C000A8730020E4E77FB50546684600890C9EA6
:1024D0000C46002816D069468989884212D8A0681F
:1024E00008210173A068022202A90D3008F08BF8C0
:1024F000A068022203A90F3008F085F8012E04D04D
:10250000022E0AD0422004B070BDA068022208A9A1
:10251000113008F078F8072006E008AB10220921F6
:10252000204608F047FB1520E08021212869890119
:10253000084328610920A8730020E4E737B5054661
:10254000684600890C46002813D0A0680A21017350
:10255000A068022202A90D3008F055F80320E0809F
:10256000212128698901084328610B20A8730020D4
:102570003EBD42203EBDFFB581B08C680A9E522010
:10258000207388680D461F46022203A90D3008F00B
:102590003AF83B4632460721284608F00BFBF61C6A
:1025A000EE80002005B0F0BDFFB581B0064668465C
:1025B00080890A9F0D46002827D07088C01EB84227
:1025C00023D3FC1CA2B20021284609F03BFC0028C2
:1025D00002D0642005B0F0BDA86812210173A8687C
:1025E000022203A90D3008F00EF83A4607212846CA
:1025F000049B08F0DFFAEC8021213069890108434F
:1026000030611320B0730020E4E74220E2E70000CD
:10261000034900280A7801D000200870104670474E
:10262000A403002070B5124C0E4621780125002924
:102630001BD10146012008F0D1F86070314602201C
:1026400008F0CCF8617840186070314620310320E2
:1026500008F0C4F8617840180006000E607004D1DC
:1026600008F034F9022020700025284670BD0000D3
:10267000A403002070B5184D90B02878002802D02F
:10268000012010B070BD6E46002405F08AF8A1004C
:10269000641C7050082CF8DB6946012008F09EF895
:1026A0000128F1D020220D496846FEF743FF0B496F
:1026B0002022203108A8FEF73DFF6946022008F0DD
:1026C0008DF808A9032008F089F808F0FFF8012028
:1026D00028700020D5E70000A40300206C960510A8
:1026E0007EB5044616460D46684604F0EDFE684683
:1026F00003782370407828706846807830707EBDFB
:1027000070B500210C4A03E0535C491C5918C9B24A
:10271000535C002BF8D1CE1C02243525202E04D288
:10272000545451184D708870CB7004490C704D7022
:102730008870CB7070BD0000240800201C000020B1
:1027400010B50BF083FF1D4C412120684901411851
:10275000097F00290DD1A0300079C00705D102F012
:102760004FFB03F031FC0BF06DF801F05DF801F068
:1027700059FB00F0E1FC2068014640310A78C97934
:102780008A4319D13E21095C002915D10C490A88D8
:10279000120711D50922D2061269497A836AC90043
:1027A00059181123DB01C018806A801A0002001238
:1027B000814201DA0EF09CF910BD0000A003002058
:1027C000C0000020F3B5FFB090B0044601A804F0AB
:1027D0007BFEFE48007A0590FD4880880890FD4801
:1027E00000685290FC4E002081008B191B68401C31
:1027F00053AAC0B253500828F6D3F848006A519043
:10280000F748006A50900120800701684F914168A5
:102810004E9181684D91C1684C9101694B9141691C
:102820004A9181694991C1690491C16A4891016BDA
:102830004791406B4590EB48008B4490E94820302D
:1028400040684690E848C1684391017F4291E6495B
:10285000203189884191E4492031097A4091E24947
:102860002031097B3F91006B3E90DF482030007D96
:102870003D90DD482030008B3C90DB484030017AB1
:102880003B91017C3A91017D3991017E3891007F25
:102890003790D548603000783690D448016835913B
:1028A00041683491017C3391017D3291CF492031CF
:1028B0000A7931920A893092C06A2F90088A0022E0
:1028C0002E90CB4811050818056891007BAB5D5030
:1028D00045687DAB5D50858B7FAB5D50058C81ABD2
:1028E0005D50858C83AB5D50058D85AB5D50C56AB1
:1028F00087AB5D504C231D5A89AB5D50056D8BAB8A
:102900005D50836D521C8DA8D2B24350022AD8D399
:102910000B20000700682D90B64841682A91816815
:102920002991018A2891818A279181692691017FC5
:102930002591B0492031098A2491416B2391816B03
:102940002291C06B2190AB484030016820914168D2
:102950001F9180681E90A84881881D9101891C9153
:10296000017C1B91017D1A91018B1991007F1890B8
:10297000A2488188179101891691017C1591017DEA
:102980001491018B1391007F12909D4801692C9145
:1029900040692B909B4801681191007A10909A48E9
:1029A000006800282ED00020009000201421974AB3
:1029B000414389184D68820063AB9D500D685BAB45
:1029C0009D508D686BAB9D50CB68401C73A9C0B205
:1029D0008B500828EAD38120C00541680E91017B05
:1029E0000D91418B0B91018B0C91416A0A91816A87
:1029F000099100880F900320800780680790032CBE
:102A000002D008E08248CFE70920C00641680322CF
:102A10001207114341607F49002009687E4D6439E7
:102A200006917E4F296004C98300401CFA50C0B251
:102A300029601928F7D36549087909780122920796
:102A40001268520A4A4090437ED169464879897992
:102A500000010843122804D37149002008600AF0DD
:102A60005BFC0920C00641686E48016001200BF044
:102A70007FFDFDF725FB00200BF07AFD6A4800780A
:102A800000287DD0694801210183002181810161F5
:102A900008460699296081007A58296804C1401CBB
:102AA000C0B229601928F6D3494908988880494955
:102AB00052980860002053AA8100535889190B606E
:102AC000401CC0B20828F7D34449519808624449D1
:102AD000509808628B024F9818604E9858604D9835
:102AE00098604C98D860499898614A9858614B987A
:102AF0001861049898620498D8614898D8624798F9
:102B0000186345985863374944980883354846996F
:102B10002030416034494398C86042980877324871
:102B2000419A20308280409A02723F9A02733E9A04
:102B30000A633D9901753C9901832B483B994030CC
:102B400001723A99017400E048E1399901753899A8
:102B50000176379901772449369860310870234807
:102B60003599016034994160339901743299017546
:102B70001E49319A20310A71309A0A812F9A00E059
:102B8000DBE0C2622E98088200227BAD1848110556
:102B9000081891006E5806607DAE765846607FAE8C
:102BA000765A868381AE765A068483AE765A8684B8
:102BB00085AE765A068587AE7658C66289AE765A55
:102BC0004C273E528BAE7658066531E0000020401F
:102BD0000000104000E100E000E400E000ED00E053
:102BE00000009040200000400000304000004040C5
:102BF0000000A0400000F0400000D0400000E04095
:102C000000E000E000007040000C7040080000A0F0
:102C100051E5CC1A00000410D0020020C0030020AF
:102C200014000020180000200C00002000001048B4
:102C30008DAE71588165521CD2B2022AA6D30B20E8
:102C400000072D99016097482B994161002181610E
:102C50002C99016194482A994160299981602899A9
:102C6000018227998182269981612599017723998B
:102C70004163229981632199C1638B482099403037
:102C800001601F9941601E99816087492498203115
:102C9000088286481D9981801C9901811B990174C5
:102CA0001A990175824A199911400183189901777F
:102CB000804817998180169901811599017414999A
:102CC0000175139911400183129901777A4811997E
:102CD000016010990172794900980860784F0020CE
:102CE00063AD14214143C9198200AE584E605BAEFA
:102CF000B6580E606BAEB6588E6073AEB258CA60EE
:102D0000401CC0B20828ECD38120C0050E99416058
:102D10000D9901730B9941830C9901830A994162C2
:102D2000099981620F9901800321890707988860BA
:102D30006448007A002854D07DE0634B1868400650
:102D400037D419686148624A0068556A4140614E4B
:102D50003668B5421AD11B68834203D05E480068CA
:102D6000084213D15D4801210068090703465568F0
:102D70000B400D40AB4209D18910526808400A400F
:102D8000904216D047480069800712D50921C9062C
:102D90000869534B0209D01C984204D80A691209E9
:102DA0008242FBD305E04F4810180A69120982429B
:102DB000FBD169464879897900010843122805D377
:102DC00001200AF0A9FA494847490160032C05D1BE
:102DD0000920C006426821078A4342607FB012B0D2
:102DE000F0BD9098002826D04148028909219143DE
:102DF00002D1D96989051BD402891121914302D1DD
:102E0000D969490514D402892121914302D1D96994
:102E100009050DD402894121914302D1D969C90420
:102E200006D401898120884305D1D869800402D560
:102E3000254801210160032C05D10920C006426804
:102E400021078A4342602B4905980872032C26D03B
:102E50000021002000F0CCFD0598C007BED00BF08B
:102E6000CFFA694608800888400514D422480088B3
:102E7000000710D50921C9060869204A1268101AEE
:102E80000002001200D54042202804DC08692D30E1
:102E90000A698242FCD91A49152008709EE701216F
:102EA000D7E7000000E000E00000F0400000D04064
:102EB000BFFF00000000E04000007040000C7040C8
:102EC000080000A00000904000E200E0F4020020B2
:102ED00000ED00E0F002002000E100E0EC02002044
:102EE000FFFF0F000400F0FFCCBCECFC140000203E
:102EF0000000104800002040C00000201800002002
:102F00000000C040F7B50746EFF3108472B600200A
:102F10001849087000F072F90646384604F026FB9E
:102F200005463846FFF7D0F9B84200D33846854207
:102F300000D22846864200D230460F4A81005358BC
:102F40005B1C5350002809D001280BD00B49029A72
:102F50000A70019A0A710199FFF734FC84F3108812
:102F60000020FEBD0648017A0022027230BF0172C5
:102F7000F4E700000C000020B00300200000204017
:102F80000000704010B5837F012200249202416846
:102F9000082B03D94224914202D310E0914201D27E
:102FA00042240CE001463422064807F02CFB00F0D6
:102FB00083F8002801DA482401E00BF059FF20468D
:102FC00010BD0000A80900203EB5174D154829681E
:102FD000827F0846A0310A7300246030047644766C
:102FE0008476E122C2768022027702224277302064
:102FF00008704C7002AA01A96846FFF771FB684689
:103000000078A22201016846007A891C000201436F
:10301000684600790003014328681152A03004710A
:103020003EBD0000A8090020A003002070B50BF0F1
:10303000F3FA05F051FE07F02FFDFFF7C3F804F097
:103040008BFD1A4C1A4920681A4D40188110132024
:103050002A68C0011018C162616889080163A1680B
:10306000890841630AF01EFB29681F208001228B1A
:1030700008188280628B0F23C280DB01A28BCB18E1
:10308000DA87628C028022462032127882703D22DA
:10309000520100208918087301F0F4FC04F02EFBA3
:1030A0000EF036F900F044FF70BD0000A8090020C2
:1030B0000000FCEFA003002070B50025ED430EF0EA
:1030C000E1FF01282ED0002318490322888BFF241A
:1030D000401E10438A7F593462438218088B28248B
:1030E00060431218488B3024604312180846203081
:1030F00040782C24604310180D4A18188418486929
:10310000A0420DD10B4884420AD90D690EF0BAFFD6
:10311000C1B2284600F042FD00F07CFE401B251A9B
:10312000284670BDFF23B533CEE70000A809002074
:1031300089190000B8090000F8B52C4F3C68206ED2
:103140005C34401C002814D0002529480023C07B93
:1031500000283ED00926F6062648002D1CD0002166
:103160000A460B464169521C994204D1002902D0FB
:1031700004E00125E9E7204B9A42F2D3216000697F
:1031800060603069A1680002090E000A0906014367
:10319000A16000F08DF81DE03169A2680902090AFA
:1031A000150E08D0018BC90712D041692160006952
:1031B0006060E37210E0881A00027D2300121B0396
:1031C000984205DD100E00060843A06000F070F87C
:1031D000F8BD6360002DFBD003CC13F0F9FAFA20A0
:1031E00012F0ECFC39688862F8BD0000A0030020F2
:1031F000C80900200000104888130000F8B5294DC8
:10320000002029680A4640321378D279934348D186
:103210004A6E120E45D13E22525C002A41D1431E15
:1032200021488D6A467A1A460024F600AD1909260F
:10323000F606376900887D1907070120002F07DA95
:103240001123DB01CB189C6A631B1B021B1228D4C1
:1032500007273F02C919C96DCF0103D54A1B1202C6
:1032600012121ED401252D07002B06DA002A0ADAD5
:1032700075600E48856003200AE0112000060443B3
:103280007460002A03DB294308460BF045F802204E
:103290000449096840314A78002A02D00020487069
:1032A0000320F8BDA0030020C0000020400000481B
:1032B0000449002008610448012100686030C171A0
:1032C0007047000000001048A003002010B509F06E
:1032D0002FF810BD70B5274A002110680346403012
:1032E00041760176492040011818417681760F20F9
:1032F0002033987513230846DB0114680546E4184B
:103300006468303521541468E418646861551468A1
:103310003035E418646861551468E418656804463B
:103320009034401CC0B229552D28E6D31068C3182C
:103330005C6809231B02C318DC65254630359D6592
:1033400090345C65FF234830037043708370C37012
:103350001F23037112684D20815407480180092101
:10336000417105238371C1710372428100F006F837
:1033700070BD0000A0030020C000002010B506486A
:1033800001680648406A002803D020220EF0AFFDF5
:1033900010BD0020087010BDA0030020A809002067
:1033A000F8B5069C1F4615460646002C13D0A068AB
:1033B00002220D3007F027F9E81E82B23B460721B2
:1033C000204607F0F7FBE580A068012E05D01D21FF
:1033D00001730020F8BD4720F8BD1B21F8E770B548
:1033E00015460646FEF77DFF0446082D0BD1052C39
:1033F00009D130460AF04AFC002804D00089400474
:10340000800F00D00024204670BD2423184204D031
:10341000C81F092803D82032D171002070474220EC
:1034200070470000F1B5FFB001248BB06002059039
:103430000027CC4807970168CB48C94D081803906E
:103440008A980AAA0005000D05A909F043FF069015
:10345000002872D104260AA805994218203AD27F82
:103460000B2A23D00026002004900AA881190222EA
:1034700001A8029107F0C7F86846818809AB08AA3D
:10348000039803F04BFF012817D002287ED068462E
:103490008088854200D30546844200D920460446F0
:1034A00002988078012872D013363CE1491E761EBE
:1034B00036040591360CCFD1D5E708980090002F3F
:1034C00066D1009902222831029807F098F8002866
:1034D0001ED100982030017B02988078814217D15C
:1034E000012808D10098029902220830C91C07F06F
:1034F00086F8002815D002988078022808D1009814
:10350000029910220830C91C07F079F8002808D069
:103510000098008DA84200D80546A04200D220465F
:10352000044602990AA88978012907D0133605991B
:10353000B6B28E4204D3012707E006E1761DF6E716
:103540008119022201A807F05EF80399009808315A
:103550008E462FE084466946026A8B8820300DE053
:10356000918B994203D3012F7ED199427CD9A942F4
:1035700000D80D46A14200D30C4612688242EFD11A
:103580000498002804D16046006802E015E0BFE01E
:103590008AE070450ED0018D994203D3012F09D1E5
:1035A000994207D98D4200D30D468C4200D80C4673
:1035B000012F59D17045CDD1BAE008980090002F65
:1035C00072D1009902221C31029807F018F80028E5
:1035D0001ED100982030C17802988078814217D19E
:1035E000012808D10098029902220830C91C07F06E
:1035F00006F800281AD002988078022808D100988E
:10360000029910220830C91C06F0F9FF00280DD0DD
:103610000098808BA84200D80546A04200D22046E0
:10362000044602988078012826D003E0029880782A
:10363000012805D013360798B6B201281ED021E024
:1036400000984A490089884216D18A9800F02EFFD6
:103650000146009800F00AFE0099098C4843009941
:1036600089694018022200E038E00299491D06F0FD
:10367000CAFF01200790D4E7761DDCE7B61C0020C6
:10368000B6B207900598864201D3012705E00AA843
:103690008119022201A806F0B6FF039A00990832A8
:1036A00009980968944630E01AE086466A4693888D
:1036B00020300DE08A8B9A4203D3012F0ED19A421B
:1036C0000CD9AA4200D81546A24200D31446096874
:1036D0008142EFD1049800282AD102E00120049011
:1036E00026E07046006860450FD0028D016A9A425C
:1036F00003D3012F09D19A4207D9954200D3154629
:10370000944200D81446012FE8D16045CDD10FE096
:103710000298C078022805D102980079292801D1A1
:10372000B61CB6B2761D0598B6B2864200D3012704
:103730000598811B042902D3864200D293E604989F
:103740000028FBD1A54203D906987FB00CB0F0BD8C
:10375000224629468A9804F0C5F80690F5E700004D
:10376000FFFF0000A0030020640700000229000002
:1037700070B515460C4606460AF070FA2034617999
:10378000012D09D00A0702D54207920F0FD0CA06B1
:1037900025D5020709D522E0CA0702D04207920FB9
:1037A00005D08A0705D5020703D4082070BD05207F
:1037B00070BD490707D5C00709D0E17930460AF046
:1037C000C1F95F2805D02079C00704D005E00F209B
:1037D00070BD0C2070BD022070BD002070BD890638
:1037E00007D5C007F3D0E17930460AF0ABF95F287E
:1037F000EFD02079810701D4022D07D0410701D4F1
:10380000042D03D00007E8D4082DE6D1032070BDB5
:1038100000B500F04BFE002805D085220169920119
:10382000114200D0002000BD10B508F039F806F0B4
:10383000C7FF0EF027FC012801D100F033F8C04685
:10384000C04600F087F910BD7047000070B51349FD
:1038500009220968120200208B18AC22525C19E080
:1038600060249D6E44432C195C252D5DED060FD51B
:103870000B480818C030428A018A608905F052FD61
:103880003A2804D04034207FEF210840207770BDD3
:10389000401CC0B28242E3D870BD0000A0030020EB
:1038A0005808000010B5FFF7D1FF10BDFFB507465F
:1038B000464881B000880D46454909220968120230
:1038C00040078A18400F926E6023584314184148ED
:1038D0000E180EF0D7FB002822D0142D04D0152D81
:1038E00020D0072D59D05CE02146039804F0BDFE9E
:1038F0000121206989040843214640312061087F65
:10390000022210430877820609D5627952085200D4
:103910006271DF2210400877002F4ED151E0012064
:1039200005B0F0BD25464035287FC007F7D02146B9
:10393000039804F09AFE204604F06AFE002825D081
:10394000A888E988884200D30846E881698AA88A5D
:10395000814200D2084668832A8AE98A8A4200D2D4
:10396000114629836A882889824200D21046C908F4
:103970000E3989B26881884200D30846A88104982C
:10398000006801214906084304990860287F40081F
:1039900040002877002F10D113E00398C078142836
:1039A00002D0002005B0F0BD4034207F0421400843
:1039B000400008432077002F03D00820C036F07362
:1039C000ADE70820C036B073A9E70000C0000020B2
:1039D000A00300205808000010B5FFF767FF10BDD6
:1039E000002101E000BF491C8142FBD37047000069
:1039F000F3B58BB005461C2248A103A8FDF79AFD3C
:103A0000684603F061FD09240126E406002D67D015
:103A10004420694688764848017A314301724C2037
:103A20006946C87520200875B22048775B2008A930
:103A30000870424A906A4249030C8B420AD108AF8F
:103A4000FB788F273B4008AFFB70FB784007400EA8
:103A50000343FB70506A020C8A420AD16B465A7CBF
:103A6000CF231A406B465A745A7C8007800E02435B
:103A70005A7432484038006B020C8A4209D108AAB5
:103A8000D17889088900D170D1788007800F0143EF
:103A9000D1706946C87DFB2108406946C8754878E1
:103AA000897800010843122808D308A9C87804219E
:103AB000084308A9C870C878FEF722FE03A80121B0
:103AC00080B209044018E060E068C003FCD4694695
:103AD0004878897800010843122801D30AF044FC91
:103AE0001849088B0028FCD00E83172088810020FD
:103AF00008610C98002806D0216910200140226935
:103B000002408A42FBD0002D02D00F4915200870D8
:103B10000F490E4808600DB0F0BD0000023F0002E2
:103B20003E30023C20023B4C023A400239B20234A1
:103B30005B02350B0000000000002040C0070010B1
:103B400055AA0000000010480000C040CCBCECFCAE
:103B500014000020F8B5104E30682030C57D002DCF
:103B600019D0002409273F0210E0E9070BD0C01943
:103B7000816E6020604308184030417F204605F088
:103B800009FA002807D06D08641CE4B23068AC2143
:103B9000095CA142E9D8F8BDA0030020F3B581B0CB
:103BA000984A012101A806F0B6FC974C0422206037
:103BB000432101A806F0AFFC01272168FF02C919C3
:103BC00008640422432101A806F0A5FC2168042210
:103BD000C9194864FF21843101A806F09CFC2168C2
:103BE0008A4DC9198864A97F0C2201A80B3106F0FF
:103BF00092FC13212268C9015118C860A97F2022B4
:103C000001A806F088FC0926216836028919C867D0
:103C1000A97F102201A806F07EFC13212268C901A9
:103C2000511808602822052101A806F074FC132110
:103C30002268C901511888603022052101A806F0C8
:103C40006AFC13212268C90151184860FA10012149
:103C500001A806F060FC13212268C90151184861CF
:103C6000A97F602201A806F056FC2168202289194C
:103C70008866A97F01A806F04EFC21688919C866EC
:103C8000AA8B012101A806F046FC0F212268C90178
:103C900051188863298B282201A806F03CFC0F21CB
:103CA0002268C90151180863698B302201A806F007
:103CB00032FC0F212268C901511848630C220121EE
:103CC00001A806F028FC21680C2289194866012108
:103CD00001A806F020FC216828228919496E886015
:103CE000284620300090417801A806F014FC216895
:103CF00004228919496E896888600098417801A872
:103D0000491C06F008FC216810228919496E89684F
:103D10004860A97F01A806F0FEFB21680222C919AC
:103D20004863A97F01A806F0F6FB21680222C919A1
:103D3000C860A97F01A806F0EEFB21680222C9191C
:103D40000861A97F01A806F0E6FB21680222C919D3
:103D50004861A97F01A806F0DEFB21680122C9198C
:103D60008861A97F01A8491C06F0D5FB21681022B3
:103D7000C91908630B2101A806F0CDFB07222168B1
:103D80001202891808650422802101A806F0C3FBED
:103D9000216889190867029ADC204243012101A8A1
:103DA000443206F0B8FB216889194867029AD82086
:103DB0004243012101A82C3206F0ADFB2168F0221C
:103DC00089198867012101A806F0A5FB104C7C2207
:103DD0002060A97F01A806F09EFB21680822C86721
:103DE000032101A806F097FB216828228031086092
:103DF000012101A806F08FFB2168803148600198FD
:103E0000FEBD0000B8090000A0030020A8090020A2
:103E1000A8030020704710B5C001000C00F0ECF9B9
:103E2000002010BDFEB572B63F4D0823286801463C
:103E30004030C2791A43C27162B6002001276C4635
:103E4000FF0282005218D219D26C52884300401CE3
:103E5000C0B2E2520328F4D372B6C8190021866BAF
:103E6000816362B6F00702D000200EF065FFB00754
:103E700002D501200EF060FF700702D502200EF07F
:103E80005BFF300702D503200EF056FF002623E02B
:103E90000D281AD2211D254A80001258204690472D
:103EA000002812D072B62868F7224030C17911403C
:103EB000C17162B630E03A2807D21C49231D800048
:103EC000E8390A5819462046904702982968401850
:103ED000C019C06C2188018071006846415AB00049
:103EE00002902A688018C019C06C0288920892005B
:103EF0001418028808348A420ED0A27891070BD099
:103F00009107890F012901D104460834A07880085F
:103F1000C006E078CFD5BBE7761CF6B2032EDBD324
:103F20000EF05EFEFEBD0000A003002038960510D6
:103F300070B50EF06FFE114D01242868E4020019DF
:103F4000006C40210EF0A4FA29680919C864486C75
:103F500040210EF09DFA296809190865886CFF2137
:103F600081310EF095FA2B6808221919486504482A
:103F70000021181806F04BFB70BD0000A0030020C4
:103F800038080000FEB50646294814460068294A4C
:103F90008518C888032806D0234600220221042061
:103FA000FDF7E6FF42E08968022268460D3106F01F
:103FB0002AFB326990052ED468460188172903D35D
:103FC0005C20405B172801D2172002E0814200D21A
:103FD00008467080012040020243022032610190B5
:103FE000134839210068490141183788097C7688CF
:103FF000012349070FD5D902083040182422C06C8C
:1040000002210BF089FC002805D08780C68001467C
:1040100001980BF06DFCA06803260673A068294682
:1040200002225C310D3006F0EEFAE6800020FEBD83
:10403000A003002064070000F7B590B000206A4696
:104040000D9090826A4A6B4B12680446D218CB8856
:10405000022B08D0002218210420129BFDF788FFB4
:10406000002013B0F0BD8B6800205E7B0A900B909F
:104070008888303201920990002701980CF0FAF9F3
:10408000054620E028680890A9880998814219D13E
:10409000A968022207A80D3106F0B5FA002F01D158
:1040A0006846878B6846808B87420BD129460198EA
:1040B0000CF02DFA002028600A98002811D00B98E7
:1040C00005600B95089D002DDCD1002FD4D11298EE
:1040D00019218068017301211298012EC18002D03C
:1040E00081E00A95EDE702A90AA8FDF76EFF002816
:1040F00079D069460A891821129BFDF739FF0026FD
:1041000071E081680546022202A80D3106F07BFAB3
:10411000012E66D16846008901F0FCFE0146684622
:104120000EAA008903F018F90E9C1099204600F0A1
:104130009DF80D9055E02F68012E3FD1002F06D03D
:10414000B968022205A80D3106F05DFA02E00020F0
:1041500069468882A968022204A80F3106F053FA42
:10416000E8880D99401F80B20090208CA2694843D6
:1041700069461018098A009A43180921284606F052
:1041800021FC2220005D012804D16846018A0098A4
:104190000818E08368460189808A81420ED0208C0D
:1041A0000D99A269484310180021019000911098C0
:1041B000E38B0188A28B02200BF02CFE0A99086881
:1041C0000A90002008600A99002900D10B90012173
:1041D000284606F09BFC69460889898A884202D1F4
:1041E0003D46002DA7D10A9800288AD139E7000062
:1041F000A00300206407000000B508490968084AC8
:10420000914209D14006010C06483F22028181619A
:104210001121018000F022F800BD000014000020F0
:10422000CCBCECFC0000104000B5094A1268094BF8
:104230009A420BD1084A3F231381800890610648B7
:10424000403001603320108000F008F800BD00000D
:1042500014000020CCBCECFC000010400248018A95
:10426000C907FCD0704700000000104030B502467E
:1042700023239B5C0020012B1AD112890D4B9A42FB
:1042800016D10D4A092312681B02D318A032DB6E27
:10429000127B0AE045010C885D5B24052D05240D89
:1042A0002D0DAC4204D0401CC0B28242F2D8002096
:1042B00030BD000002290000A0030020F7B57848B7
:1042C0000F460068774988B04418F888072804D258
:1042D0000022062104200A9B2AE0B96802226846CF
:1042E0000D3106F090F9B968022201A80F3106F0ED
:1042F0008AF9B968022204A8113106F084F9F88815
:10430000C01F80B2039068460288808882420CD821
:10431000002A0AD00898002142880A9807F08BFDED
:10432000002808D045200BB0F0BD062101200A9BD3
:10433000FDF71EFEABE00A98072180680834017380
:104340000121684601810594008801F0E3FD050024
:104350007CD086E06846008A0522D202904202D0D4
:10436000521C904226D168460088814278D3294663
:104370000B2208313846039B06F0C2FB69466A8D62
:10438000098A8A426CD10399022901D0102967D188
:10439000002865D12A462846296A283220308142E1
:1043A00002D06B6A1C3300E0134602A90A98FDF79D
:1043B000F2FD55E02E462C6A2036B4424ED14FE035
:1043C0006946A08B0988884247D369468988884214
:1043D00057D82320005D01283FD120460899FFF7D8
:1043E00045FF218CA269414351180B223846039B9B
:1043F00006F086FB069008980122008821460005F9
:10440000000DFDF76EFF01466A462089128A904230
:1044100023D1002921D1E28B03998A421DD106992B
:1044200000291AD108996A4649881289891A0429EB
:1044300027D322461C491C32884208D12068B0424A
:1044400005D00089884202D02468F7E719E02346A6
:104450001C3302A90A98FDF79EFD2468B442AFD12F
:104460002D68059885420CD06846298D8088814248
:1044700007D808986A4640881289801A042800D311
:1044800068E768460089012803D90A99C880002096
:1044900049E76846028806210A200A9B48E700008F
:1044A000A0030020640700000328000010B50D4998
:1044B00000050B68092109025918CA6E0021000D78
:1044C000A0331B7B0AE04C01145B2405240D8442BD
:1044D00002D14801801810BD491CC9B28B42F2D8E4
:1044E000002010BDA0030020FFB589B000240546C0
:1044F0000794D0881646052804D0002204210846D7
:104500000C9B20E0B168022208A80D3106F07BF870
:10451000B168022268460F3106F075F86846028CD1
:10452000008882420CD8002A0AD00A9800214288CA
:104530000C9807F080FC002808D045200DB0F0BD95
:10454000042101200C9BFDF713FDB9E06846008CA7
:1045500001F0E0FC060076D0083504950498864208
:1045600072D06946308D098C884230D369460988FB
:1045700088422CD8002C0AD1012107910C980521E2
:104580008068022401730C980799806841730A9827
:104590004088001B042857D30798012854D1201DB8
:1045A00081B23346283302220C9806F003FBA01D8B
:1045B00081B233462A330222A41C0C9806F0FAFA80
:1045C0006946A41C308D0988A4B2884274D037464D
:1045D000356A2037BD42C1D060E06946A88B098C9E
:1045E00088425AD369460988884265D8002C36D05B
:1045F0002320415D0798814260D10A984088001BC2
:10460000042802D30799012904D0122856D3079809
:10461000022853D1201D81B22B461C3302220C9854
:1046200006F0C8FAA41C0798A4B201280DD0201DDA
:1046300081B22B46083310220C9806F0BBFA2046B4
:10464000103084B229E03DE036E0201D81B22B46D7
:10465000083302220C9806F0ADFAA01CF1E72320E3
:10466000415D07910C9805218068022201730C9826
:104670000799806841730C98294680681C310E3078
:1046800005F0C1FF079901290CD02B4608331022F1
:1046900008210C9806F08EFA14242D68BD429CD196
:1046A00036685BE70C982946806802220831103092
:1046B00005F0A9FF0624F0E7002C03D00C98C48075
:1046C00000203BE76846028C04210A200C9B3AE755
:1046D000064909220968120289188008C96E40013A
:1046E00008180188002900D100207047A00300208D
:1046F00070B50C460B4E81000B4832680D18012333
:104700002032D37721462846FFF78EFD2868002106
:10471000844201D1084600E0FB2032682032D17784
:1047200070BD0000A00300200000041070B50D460D
:10473000040006D004F0D0FBE000001BC6B2002449
:104740000FE0422070BD285D012803D0002801D071
:104750001F2070BD281904F087FB0028F9D1E41D43
:10476000E4B2B442EFD3002070BD000038B5184A5F
:1047700014682246BA32AE34A378DD0701D001298D
:104780000AD05B070CD501290AD0217949070BD53E
:10479000E17A002905D007E0E07880210843E07045
:1047A00038BD0121E172508020794106090FF7D010
:1047B0007821084069460870002048706A46022146
:1047C00042200BF03DFA207987210840207138BD46
:1047D000A0030020F8B50546002768460770154875
:1047E00046260468AE3420798006800F03D000216D
:1047F000084604F09BF8A078400718D520794C2192
:10480000084214D10023287E6A46194600F0E4F9D4
:1048100000280DD16846007828762F74284603F0CA
:104820008DFD060003D120794021084320713046D8
:10483000F8BD0000A003002038B51048002104682E
:104840000846AE3404F072F8694648702079C10712
:1048500004D001216A46117088432071C0B28107DB
:1048600005D502216A461170FD2108402071022100
:104870006A4608460BF0E4F938BD0000A0030020AA
:1048800010B5FFF7D9FF10BDFFB50C4678A103C9DD
:1048900095B001910090002108A801730321C9027D
:1048A00068464186012108A8734E01743568174691
:1048B000AE3502F083FF002808D1704930684018F7
:1048C00002F0BEFDA878002802D0462019B0F0BD45
:1048D0000BA8159900F0BDFB0028F7D1072010A9FF
:1048E0000871012C05D0022C0AD0002C0ED04220D9
:1048F000ECE708A8017B1020014308A8017305E03C
:1049000011A90BA800F0F2FB0028DFD110A8027952
:1049100001230CA9284600F0D7FF00287ED10222EF
:104920002946189805F06FFE29886846818115216F
:10493000490201820784012686734E2108A88170EE
:104940000024C470067107214171867103A902A871
:1049500000F070FD002861D1022202A91E9805F026
:1049600052FE082F02D26846478502E008206946B9
:10497000488569460C850B4628880AAA098902F0F1
:1049800055FA00286DD13E49684601820227078406
:1049900008A8847103A902A800F04CFD002860D18A
:1049A000022202A91F9805F02EFE6846047069468F
:1049B00044704F850B4628880AAA098902F036FA06
:1049C00000284ED108A8007BC00723D02C49684698
:1049D000C91C01820821018408A88770047103A9F9
:1049E00002A800F027FD00283BD1FF216846C171D5
:1049F0008171C170817041700170447104716946A8
:104A0000082048850B4628880AAA098902F00EFA70
:104A1000002826D108A8007B800600E021E022D5EE
:104A20002988684681811649A531018206848673EA
:104A300008A88770C470047107214171847103A9AB
:104A400002A800F0F7FC00280BD169460E700C8517
:104A50004E850B4628880AAA098902F0E7F9002842
:104A600001D0472032E708A8007BA87000202DE77E
:104A7000626C75656E726721A00300203307000029
:104A8000012A0000034800210068AE30C170817027
:104A900070470000A003002070B50D4B1C68AE34B9
:104AA0002379DD0612D45B0710D533280ED1E07AC6
:104AB00002280BD10420107000205070C9B20220CF
:104AC0000BF0BEF82079FB210840207170BD00007A
:104AD000A003002038B50246174801240068AE3014
:104AE000022A1FD0052A03D0072A07D00B2A20D17B
:104AF000084609794088FFF739FE1AE0007900245A
:104B0000020600D50124820703D1C20601D4800623
:104B10000FD5084600216A46117069460AF01CFA52
:104B2000044606E08178490703D50179FB2211404C
:104B30000171204638BD0000A003002010B50948CF
:104B40000468AE34E07880070BD5002003F0DCFD6C
:104B500002200AF0C9FFE07801210843FD21084046
:104B6000E07010BDA00300200FB410B5079C012811
:104B70002DD1684680891749884210D103A80FC8F3
:104B800000F0DAFA00281DD108F0C0FAFA281ED089
:104B900001281CD92078F3210840207017E00D4926
:104BA000491C884208D0C91E884205D0491C884249
:104BB00002D0C91C88420AD103AC0FCC00F0BCFA69
:104BC000002800D0632010BC08BC04B018470020A7
:104BD000F9E70000022A0000FFB5074673480D46BA
:104BE00004688FB0AE34A1781E46C80602D5E078BE
:104BF000C0067DD4880607D5E0788006800F03D0F4
:104C0000022F01D0002E73D08806800F06D0022F0D
:104C100008D0032F06D0002E6AD003E0012F01D068
:104C2000002FF8D1880603D4002D01D0012D5FD1CB
:104C3000002E06D130200140384603F031FA00281A
:104C400056D1119900200870A17889068A0F7DD06D
:104C50000CA908A804F000F807900DA90AA804F010
:104C60001BF806900798002802D00698002801D16A
:104C7000012E58D1022F04A807D002F095FB002E78
:104C80003CD00798002803D012E009F016FAF6E7A6
:104C9000464F47483B68062208A9181805F0AFFCA4
:104CA0000028386808D04030417E490849004176E4
:104CB0000698002805D014E04030417E01221143BF
:104CC000F5E73A4F3A483B6806220AA9181805F05A
:104CD00096FC002838680CD04030417EFD221140FF
:104CE00041760798002809D00698002806D01AE0D7
:104CF00043E04030417E02221143F1E72B48062277
:104D000003682B4804A9181805F07DFC05206946A6
:104D10000873002E02D1084609F072FD2548029062
:104D2000684609F021FDA078800611D5119803216D
:104D300001702079C10603D5002D01D0022D1CD1B0
:104D4000800605D5012D03D0032D00E018E014D115
:104D5000A078C00627D51199012008702079C106D6
:104D600001D5002D09D1810601D5012D05D10006FF
:104D700019D5002D17D0012D15D0422013B0F0BD4C
:104D8000012F01D1002E03D0890F314309D00AE051
:104D90000648062203680648611D181805F033FC12
:104DA0000120119908700020E8E70000A00300200E
:104DB00033070000A0BB0D003EB50DF033FC0446E8
:104DC0000DF0BCFC082C01D1082813D00A480B496F
:104DD000006806224118684605F015FC68464079CF
:104DE000400601D5022000E00320012302AA002191
:104DF000FFF7F2FE3EBD0000A003002033070000D5
:104E00001FB50E480468AE34E078010612D5A178CB
:104E1000C9070CD0800708D5042069460873684686
:104E200009F0EEFC02200AF05FFE0020E070400670
:104E3000400EE07000F034F91FBD0000A003002018
:104E400038B5144B14461D680246AE35AB78462083
:104E50005B071ED52B795B06DB0E1AD11046FFF7D8
:104E600065FC002815D10023207E6A461946FFF70D
:104E7000B3FE00280DD1684600782076012020740A
:104E8000204603F05BFA002803D129790822114358
:104E9000297138BDA0030020FEB51E4617460C46FA
:104EA0000546002302AA19463846FFF795FE00285A
:104EB0001DD16846017A81710D4A281F904200D3A6
:104EC00000250B4AA01E921C904200D30024684685
:104ED000058044800022427181710121017104F03A
:104EE000FDFA002803D13146012003F01FFDFEBD6D
:104EF000FD3F0000F0B5104C4625246885B0AE3467
:104F0000A678760714D52679B3273E4210D1FFF74D
:104F1000C3FF05000CD1207902210843207106202F
:104F2000694608730520C0020290684609F01CFC1F
:104F3000284605B0F0BD0000A0030020F0B5104CDD
:104F40004625246885B0AE34A678760714D5267930
:104F5000B3273E4210D1FFF79FFF05000CD1207907
:104F60000121084320710620694608730520C0020C
:104F70000290684609F0F8FB284605B0F0BD000035
:104F8000A00300200949B22209681423525CBA31F7
:104F90001A4208D0498800050905090D000D814213
:104FA00001D101207047002070470000A0030020BD
:104FB00070B5044620484625066886B0AE36012CFA
:104FC0000FD0022C0DD0042C0BD0082C09D0102CA3
:104FD00007D0202C05D0402C03D0802C01D04225B6
:104FE00027E03079204224D0082C12D0402C10D059
:104FF0000620012C03D0022C01D0802C04D169465C
:105000000873684609F0FCFB0021084603F08EFC9B
:1050100001E003F0E1FA05000BD130790021A04353
:105020003071684604744174022104AA08460AF0EB
:1050300007FE284606B070BDA003002010B503F09F
:1050400045FB10BD02780907090F0A4302700020D2
:10505000704710B5FFF7F6FF10BD000030B50E48E1
:1050600085B005682C46AE352879BA34400711D58D
:10507000E87A01280ED115214902684641800121B4
:10508000017060886B46054A01F09EF8002801D146
:105090000220E87205B030BDA0030020FFFF000031
:1050A00010B5FFF7DBFF10BD7CB50446E1200D46CF
:1050B000800003F035FF0BA103C900900191684601
:1050C0000DF0D2FF012004F07DF8002801D0472028
:1050D0007CBD207820210843207009202870002002
:1050E0007CBD00001F0200000000000010B5FFF7AB
:1050F000DBFF10BD10B50446022000F05DF80D483E
:1051000000210268092000021018A032C36E107B33
:1051100005E04A019A5A002A04D0491CC9B28842C3
:10512000F7D810BD48011C52C018026904210A4377
:10513000026110BDA00300201FB582B0002402F060
:1051400077F9694602F018F9009A6846116A0089F1
:10515000203209E023235B5C012B04D10B898342BD
:1051600001D1641CE4B209689142F3D1204606B033
:1051700010BD000010B504460146042002F022FED6
:10518000002808D0044805490068401821463C30F2
:105190000BF0A0F9432010BDA0030020640700001D
:1051A00004490A683D21490151180A7B02430A73E8
:1051B00070470000A003002004490A683D2149010E
:1051C00051180A7B02430A7370470000A0030020B5
:1051D00000B51138C0B2FFF77BFA002804D00122D5
:1051E000016952051143016100BD7047F0B50279B4
:1051F00001239B070168002A02D0062A03D006E09B
:105200005C688C4302E05C6800220C435C60002117
:105210000F240568CD40ED07ED0F37D0082909D2DE
:10522000DE6A8D002746AF40BE431746AF403E437F
:10523000DE622BE00D46083D082D0AD28D00264681
:10524000203D1F6BAE40B7431646AE4037431F6349
:105250001CE00D46103D082D0AD28D002646403D2B
:105260005F6BAE40B7431646AE4037435F630DE019
:1052700017290BD9114E8D002746603D368BAF4064
:10528000BE431746AF400D4D3E432E83491CC9B265
:105290001A29BED341790129D968026809D09143FE
:1052A000D960817901299968006804D081439960A7
:1052B000F0BD1143F4E70143F9E70000200000408E
:1052C00003480068AE3080788006800F7047000089
:1052D000A0030020F3B597B00D8848880590081DFD
:1052E0001DC80DAE1DC68C8ACE8A087E1390C86973
:1052F00020310190087800904878049088780390D5
:10530000C87802900F7901F067F8002817D10120C2
:10531000400284425FD8B4425DD8002F01D1B4422C
:1053200059D114A9284602F027F8002806D115AA59
:105330001499059802F010F8002802D0602019B0E6
:10534000F0BD149D11A92846183004F067FB10A881
:105350008088002810D0284612A9203004F05EFB77
:1053600010A8838800892A8D1818696A10188A8BFA
:10537000904203D16120E2E74820E0E715982C4BEA
:1053800002899A4227D12322125C012A23D1006884
:1053900000681690139801281FD16846808E292234
:1053A0001202801A030009F02AFE060418040407FA
:1053B0000A18022C0FD110E0072C0CD10DE0042CA0
:1053C00009D3E00707D1012F07D1A64203D3042E4A
:1053D00001D3F00701D04220B1E702980B90039B64
:1053E000049A0A9309920098019A0C9708900696DD
:1053F000059407920DA81DC8019002A81CC013981F
:105400000B4600902A461699179800F0B1F900282B
:1054100095D168460649808EFF31884205D017989D
:10542000018800200A4602F05DFA002087E70000AC
:1054300003280000F3B5A5B008881A9088780C46B8
:1054400011901022091D13A8FCF774F8A08A10907F
:10545000A17D68460172E07D0F90207E2090677EDE
:10546000A07E1F90002006460146129020A80181D0
:105470000F20BB4C2390BB4920684018199000F0C6
:10548000ABFF00280BD101211098490288425FD858
:1054900021A91A9801F070FF002802D0602027B0DF
:1054A000F0BD2198179001F0C3FF1A9988420CD1E2
:1054B00002A801901698009013AD0ECD1198FFF739
:1054C00053FB002801D06320E9E76846017A88068B
:1054D000800F05D0012012902068A030007B46008C
:1054E000C80703D01298401CB61C1290080603D5BA
:1054F0001298401CB61C129017980DA918301D90D8
:1055000004F08CFA6846129C808EA41CA04237D30B
:1055100017980EA92030019004F080FA6846018F98
:1055200000290DD01798179A6B46406A9B8E128DF2
:105530005918808B5118081AA04201D26120AEE799
:105540001798846911982568012803D0022803D090
:105550004220A4E7052000E01320E0832A463946D4
:105560000F98FDF752FF422899D0199FE28B4037E0
:10557000788B398B411A109810188019814201DA02
:1055800048208CE70EA9019804F048FA6846008F7D
:105590000028179802D0406A808B00E0008D259982
:1055A000401C0880259801210088A08325980222AC
:1055B0000088401CA8836C4820812046203017902A
:1055C000C1700021817081711998398B406D40182C
:1055D0006946A061097A0170A06929461C31401C06
:1055E00005F011F811980128A0697DD0102213A9A7
:1055F000C01C05F008F82846102213A9083005F051
:1056000002F8388B133038832E4620361198F0700C
:105610001098E8831F98B070109820841098288400
:105620001998398B406D4018A8610021109A04F038
:10563000EEFF398B109808183883179901200871EC
:1056400017990020487130716846007A810701D5AA
:105650000121317101070227002902DA317939432A
:105660003171410703D5317904221143317140066C
:1056700003D530790821084330710F987071209854
:10568000B07121461D9804F0F2F92146019804F00A
:10569000CFF929461D9804F0EAF92946019804F04B
:1056A000C7F91298002841D068461A998181A18BC8
:1056B000C18107844784012408A8047122A80A90A4
:1056C00008A88473239941730F993820014008A8D2
:1056D00001730721C173002505746846007AC0076D
:1056E00008D02248694600E02BE0088203A924A8DC
:1056F000FFF7F0FD6846007A8006800F07D01B4850
:105700006946401E088203A924A8FFF7E3FD684606
:10571000007A00060AD5292109026846018208A8F4
:105720004473057303A924A8FFF7D4FD25980188C5
:105730001298401C081882B2002002F0D3F8002012
:10574000ADE6022213A9C01C04F05DFF2846022228
:1057500013A9083004F057FF388B401D53E70000B1
:10576000A0030020640700000328000003290000B4
:10577000FFB55248524A006887B08218069210AAB4
:10578000109B0126169F9288012B04D14D4B9A4203
:1057900001D1A030067B069D34464035688B2B8BAB
:1057A0007C43C31A099820300390A34222DA482090
:1057B0000BB0F0BD2320405C012819D108896C464C
:1057C000208098420CD03F4C641EA04208D0641C3C
:1057D000A04205D0641CA04202D0A41CA04207D164
:1057E000384CFF3CA04201D0904201D16220DFE75B
:1057F000096801E029231B0203988142DAD1099844
:105800001B99846918982246FDF7FFFD4228CFD0E6
:105810001C98012804D11598874201D24220C7E77D
:105820001598E083204620301C99059081702784CC
:105830000A98808B401CA0831098012814D0204621
:10584000102211A9083004F0DEFE05991098C870E6
:105850000698298B406D4018A061298B384670430B
:105860000818288300250FE011A80FC808340FC4BA
:10587000183CEAE72846A16978430818159A179951
:1058800004F0C1FE6D1CEDB2B542F3D30599189832
:10589000487105991998087105991A98887109989D
:1058A0002146183004F0E3F82146039804F0C0F8CC
:1058B0000798A18B018000207AE70000A003002058
:1058C0006407000002290000FFB58FB014460E786F
:1058D000102205A8891CFBF72DFE4F484F49006890
:1058E000451800F079FD00281ED1002C57D0012E5C
:1058F00009D16846808A4A49884204D12846A96865
:10590000083081424BD128461030296903908142EA
:1059100009D00AA9284604F081F86846018D601E66
:105920000D90814202D2482013B0F0BD28460830C5
:105930000CA9049004F072F86846008E002814D078
:10594000EF680AA93846183004F068F83846203065
:105950000CA904F063F86846398D008D0918684673
:10596000008E401C081887B200E0012701200004C7
:10597000C01BA04201D26120D6E72C6928680190A3
:105980001298012802D0022803D008E00520C002A6
:1059900000E024486085012E03D0022E05D042206D
:1059A000C2E720460830022202E0204608301022DA
:1059B00005A904F028FE2046314620300646017332
:1059C0000F98214607802785039804F050F8214658
:1059D000049804F02DF827461837E7616662A7613E
:1059E00026620D9884B20BE02846019904F03FF836
:1059F0003846019904F01CF82868641EA4B201908E
:105A0000002CF1D10F9801880D98081882B200205F
:105A100001F068FF002087E7A00300206407000072
:105A2000011800000128000010B5012100F0A6FFB8
:105A300010BD0000F7B5064636480F4600683649E7
:105A400082B044183046FEF731FD050060D0204694
:105A5000243000900AF054FD002859D12869000331
:105A600056D500980AF006FD04464FE0A088B042E3
:105A70004BD120223146002004F0ECFF060018D064
:105A8000A068002F017B427B15D033460498FCF7B9
:105A90006FFA002001222969D2049143296100286C
:105AA0002AD0692802D03046FFF764FB002005B0F9
:105AB000F0BD6420FBE70A2906D00C290AD00E2984
:105AC0000ED0082912D023E032462146284607F09E
:105AD00027F9DFE732462146284606F048FDD9E798
:105AE00032462146284607F051F8D3E73246214690
:105AF000284606F0E1FECDE7214600980AF007FDB2
:105B00000121204605F002F8CDE72468002CADD134
:105B10004120CCE7A003002064070000F0B56B49EA
:105B200089B00A686A490688571841886A46118010
:105B30000179079141790491C188019180680390AE
:105B40003046FEF7B3FC04003ED0384624300690C1
:105B50000AF0D6FC002830D1206980032DD50698A4
:105B60000AF088FC054626E0A8880005000DB04232
:105B700020D1A8680223007B029003200590052213
:105B80006946284604F0BCFF002813D10298162865
:105B900001D105200590E9880598091A01988142EC
:105BA00008D1059A03462846121D039904F0A8FF60
:105BB00000280AD02D68002DD6D138461830074667
:105BC0000AF09EFC00283ED063E0202231460020EF
:105BD00004F040FF060011D00121206949048843E8
:105BE0002061012707993F0600290AD068460288EC
:105BF000334602990498FCF7BBF91BE0642009B016
:105C0000F0BD3843206102983246122829462046CA
:105C100002D006F01FF901E009F08CF8002809D045
:105C2000692805D02069B84320613046FFF7A2FA01
:105C30000020E4E7294606980AF069FC012128467D
:105C400004F064FFEEE72069400322D538460AF0ED
:105C500011FC05461BE0A8880005000DB04215D1D7
:105C6000A868007B522801D0D2280FD10223052238
:105C70006946284604F044FF002807D10722284639
:105C8000019B039904F03CFF002804D02D68002DEF
:105C9000E1D14120B3E70798002808D1012120690C
:105CA0008906084320612946204608F0ADFF0121FE
:105CB0002069890488432061294638460AF027FC78
:105CC0000121284604F022FFB2E70000A0030020D3
:105CD00064070000FEB58C68CD88267B012E01D0BC
:105CE0000020FEBD4126052D01D01E7019E0247C48
:105CF0000A2C00D01E70002A0DD089680522684643
:105D00000C3104F080FC6D1E00AAA9B232200132D1
:105D1000FEF7C2FE05E000880A46014602200AF0AE
:105D200009F94120FEBD10B5082100F027FE10BD85
:105D3000F7B586B0174606464625FDF769FD04000F
:105D400025D020223146002004F084FE06001DD01C
:105D5000104869460880012004903B4631462046A1
:105D6000079AFCF7B0FB050004D00021304604F090
:105D7000CDFE0CE0A7810121206949030843206181
:105D80000548A0613046FFF7F5F900E06425284694
:105D900009B0F0BD03280000275D041070B586B07F
:105DA00006464625FDF734FD040025D02022314665
:105DB000002004F04FFE06001DD00520C0026946F9
:105DC00008800120024604900D4B31462046FCF726
:105DD0003FFB050004D00021304604F097FE0BE0A5
:105DE000012120694903084320610648A06130462B
:105DF000FFF7C0F900E06425284606B070BD00003A
:105E0000FFFF0000295A0410F7B51746064646253D
:105E1000FDF7FEFC040022D020223146002004F0D1
:105E200019FE06001AD001983B46401C82B231464A
:105E30002046FCF7C1FA050004D00021304604F0EA
:105E400065FE0CE0A7810121206949030843206118
:105E50000448A0613046FFF78DF900E0642528462C
:105E6000FEBD0000695E041010B5202100F086FD23
:105E700010BD10B5042100F081FD10BDF7B586B04E
:105E8000174606464625FDF7C3FC040025D0202210
:105E90003146002004F0DEFD06001DD010486946A2
:105EA0000880012004903B4631462046079AFCF7C3
:105EB0000AFB050004D00021304604F027FE0CE068
:105EC000A781012120694903084320610548A06199
:105ED0003046FFF74FF900E06425284609B0F0BDD1
:105EE00002280000735E0410024608480849006852
:105EF00041188868083103E0038D934202D200689C
:105F00008842F9D1884200D100207047A0030020C8
:105F100064070000034610B50E480F490068411899
:105F20008868083103E0148D9C4203D8104602684B
:105F30008A42F8D18A420CD1018D994209D2014698
:105F4000026A20318A4203D0416A898B994200D289
:105F5000002010BDA003002064070000024610B519
:105F60000B4812050168092000020818C36E0020C2
:105F7000120DA031097B07E044011C5B2405240DB0
:105F8000944203D0401CC0B28142F5D810BD00003D
:105F9000A0030020F7B50546174601980AF06AFAF3
:105FA0002E050446360D0CE0A0882568B04207D1C6
:105FB000214601980AF0ABFA3946204604F0A6FDC6
:105FC0002C46002CF0D1FEBDF0B58BB0002063490B
:105FD000029063480A68141872B610464030C579BA
:105FE00002231D43C57162B625464035287AC00795
:105FF0007DD00920000210180026C76E49E071010B
:106000007A5A002A43D0C919069109694A021ED456
:106010008A0226D5022104910699012309880905DF
:10602000090D0391392149014118097C89070ED5D1
:10603000D902083040182322C06C022109F06CFC00
:10604000010004D0039A8A80049809F051FC069854
:1060500000880090069800F041F9009807F0F0FDE4
:1060600015E0480713D5069800880005000D07F0D5
:1060700079FD002805D1069800880005000DFDF780
:10608000D1F9069904200969814306980161761CBB
:10609000F6B23248AC210068095CB142AFD806F0D4
:1060A00091F82046243006460AF02AFA012802D048
:1060B000012005F08BFF204618300AF021FA012854
:1060C00002D0002005F082FF3C3420460AF018FA86
:1060D00001280FD002A920460AF03BFA04200299B9
:1060E00001F070FE0028F0D02046029900E032E076
:1060F0000AF0DDF9287A00062DD530460AF000FABC
:10610000012828D1002004F079FCA98B233149090A
:10611000491CC9B2FBF7E4F900281CD00F4D044616
:1061200028680123D9020830401842263822C06C62
:10613000314609F0F1FB01000DD000228A80CC80AD
:10614000304609F0D5FB3D212A68490151180A7BE8
:10615000802082430A730BB0F0BD0000A003002032
:1061600064070000F8B50F4606464625FDF750FBCC
:1061700004001ED020223146002004F06BFC0600F3
:1061800016D001463A462046FCF7D8F9050004D05F
:106190000021304604F0BAFC0BE0012120694903DC
:1061A000084320610448A0613046FEF7E3FF00E0A9
:1061B00064252846F8BD0000BD61041010B54121DA
:1061C00000F070FD10BD0000FFB589B00746462500
:1061D0001E781022991C05A8FBF7ACF9012E04D0FB
:1061E000022E02D042200DB0F0BD3846FDF710FB64
:1061F000040024D020223946002004F02BFC0700A4
:106200001CD005AD04960FCD6D460FC5394620460E
:106210000B9B0A9AFCF757F9050004D00021384679
:1062200004F074FC0BE0012120694903084320615C
:106230000448A0613846FEF79DFF00E0642528462B
:10624000D1E700004962041010B5502100F02AFD8A
:1062500010BD10B5FFF786FF10BD0000F7B517465B
:1062600006464625FDF7D4FA040028D02022314600
:10627000002004F0EFFB060020D001463B462046FC
:10628000019AFCF7C1F8050004D00021304604F063
:106290003DFC14E0A06801990CF094FFA068394619
:1062A000801C0CF08FFF0120216940030143054849
:1062B0002161A0613046FEF75DFF00E064252846BD
:1062C000FEBD0000C962041010B5422100F0EAFCD6
:1062D00010BD10B5FFF7C2FF10BD0000F0B50446B9
:1062E0003B483C49006885B04518218A890419D586
:1062F00002210491392149014118897C41262788CE
:106300000123C9070ED0D902083040183122C06CD1
:10631000022109F001FB010004D08F808E710498E6
:1063200009F0E6FA2946208801221831FFF732FEEB
:106330002946208801223031FFF72CFE294620888B
:1063400001222431FFF726FE2946208800223C3115
:10635000FFF720FE20880005000DFFF7FFFD8500F8
:10636000294611316846017308F04AFA294612316C
:106370006846017308F044FA2946133168460173F0
:1063800008F03EFA68461435057308F039FA20889B
:1063900000F03CFA208801050D48090D0268132021
:1063A000C0011018028A914201D100210182E069E6
:1063B000002802D0012104F0A9FB20220021204660
:1063C000A56804F024F91720A560608005B0F0BD31
:1063D000A00300206407000010B50B480B490068BB
:1063E00044184034207AC00709D0002004F006FB8E
:1063F000217A890701D5002803D0002010BD47204D
:1064000010BD642010BD0000A00300206407000040
:10641000F0B55FA099B000685E4915905E4A0868C3
:106420008418092212028218D26E25464035149231
:106430002A7AD20702D0622019B0F0BDAA8B0123BC
:106440005B029A4201D9AB8303E0172A01D21722DB
:10645000AA83149AA0301392067B0DE0761EF6B242
:10646000139871010F18B8680F9038462022002148
:1064700004F0CDF80F98B860002EEFD12046083018
:10648000E0606460A0602460083013906061206167
:10649000FF22002108300AF002F82046FF220021E6
:1064A000243009F0FCFF2046AA7F0021303009F09B
:1064B000F6FF2046FF2200213C3009F0F0FF0022C9
:1064C0002A7210461721334B05E0149E4701BE196E
:1064D000401C7180C0B21E68A036367B8642F4D85C
:1064E000002028832F8C688C0026149008E0282038
:1064F000E16C70430918204603F09AFA761CB6B294
:10650000BE42F4D3002608E03020216D7043091804
:10651000139803F08DFA761CB6B214988642F3D322
:106520000120FEF749FE0124684604701B494180A2
:106530002346042269460CA8FFF7C6F9002822D199
:106540006846018E8182164901830426068584757A
:10655000202108A881720024C472047307214173AA
:10656000847305A90DA8FEF765FF00280BD16846C6
:1065700004874687818E15AB0EAA008E00F056FC6C
:10658000002800D158E700202872472054E7000077
:106590000000FFFFA00300206407000001180000B6
:1065A000052A0000F8B5044683480E460068834972
:1065B00047184820C05DC0076FD0B088FDF776FF50
:1065C0000546012C02D0002C68D0F3E0002D04D049
:1065D0002869410703D54520F8BD0121C7E0B2680D
:1065E000F188147B0029F0D062060AD568888842B9
:1065F000F3D3D22C01D0522CEFD13846314618308B
:1066000048E0A106890E1E2949D81E2C20D1010779
:106610001ED50821884328612988012007F0DAFE69
:106620000121304604F072FA634801230068D90260
:106630000830401842242D883922C06C214609F0C8
:106640006BF9010003D08D80204609F051F9B1E0CB
:10665000E1070BD01D2C1AD01B2C18D0410533D4C8
:10666000012189020843EE612861A3E0C00606D536
:106670002B4602220321422009F04AFEADE7298879
:10668000002007F095FE2969102001432961384652
:106690003146243009F01EFF8CE015E016E0298811
:1066A0002022002004F0D6F905000DD0012130464B
:1066B00004F02CFA2B46002221460620FBF758FC5A
:1066C0002846FEF757FD75E04120F8BDB068047B11
:1066D0001D2C3CD01B2C43D00021304604F016FA70
:1066E000002D67D0032C46D0052C44D0072C42D077
:1066F000092C40D00B2C3ED00D2C3CD00F2C3AD086
:10670000112C38D0132C36D0172C34D0192C32D071
:10671000012C30D0022C35D0042C33D0062C31D0B3
:10672000082C2FD00A2C2DD00C2C2BD00E2C29D09D
:10673000102C27D0122C25D0162C23D0182C21D089
:10674000522C1FD0D22C1DD01E2C2FD032E0002D69
:1067500003D02988012007F02BFE3146022001E0FA
:106760003146012007F0B2FD002823D00021304639
:1067700004F0CCF91EE029691020814329612988A1
:10678000002015E02869402188432861010511D5C2
:10679000FF210131084328612988022007F008FE03
:1067A00001202969C0028143296103E0298803206F
:1067B00007F010FE0020F8BDA003002064070000D1
:1067C00010B5104A104B1268D2184032127AD20714
:1067D00006D002280AD0052804D00B2810D101E0E9
:1067E000412010BD4888FEF785FC09E04888FDF788
:1067F0005DFE002804D00122016992051143016168
:10680000002010BDA003002064070000F1B5FFB018
:1068100085B04720019000206946088053485449BC
:10682000006847188498FDF741FE0290002874D054
:10683000B96808374FE0684600880D4604AC201858
:106840006B460222283112F0FFFB68460088294679
:1068500020186B4601222C3112F0F6FB2E46203612
:10686000307B69460128098804A809D040186B4686
:1068700010222946083112F0E7FB01902C6A27E02C
:1068800040186B460222F4E76946098804A84018BC
:1068900021466B4602221C3112F0D6FB694609885C
:1068A00004A8401821466B460122233112F0CCFB8C
:1068B0002320005D69460128098804A830D04018CB
:1068C00021466B461022083112F0BEFB019024686D
:1068D000B442D9D12968B942ADD1019800281CD160
:1068E0006846008881070AD0224A011D11406A4685
:1068F00011800A1A04A908180B2103F088FE0298D7
:10690000008807F02FF9002807D184986946000510
:10691000000D04AA098806F015FC7FB006B0F0BD92
:10692000401821466B460222083112F08DFB01907F
:10693000208911498842CAD120460299FDF796FC68
:106940004000A16903906A460918128804A88018BB
:106950006B46022212F078FB0190A1690398022293
:106960000818002103F053FEB1E70000A003002047
:1069700064070000FCFF000002290000F0B593B09E
:106980000E4604460020694608760190E0690790AB
:10699000002827D0C788002F7DD0B006800F03D0F5
:1069A0002088FEF7EFFA019006AB2046019A07997E
:1069B000FFF790F9412861D0B81E80B20090079887
:1069C0008068457B002D56D0F006F1070390002922
:1069D0000FD0022F0DD329460098FAF781FD002928
:1069E00003D006E0412013B0F0BD062D17D0142DC2
:1069F00015D0B00708D5052F06D30321B80789079E
:106A0000C84201D1022048E070070ED5022F0CD3F6
:106A100029460098FAF764FD002902D005E001201C
:106A20003BE0082D0DD0062D0BD00398800F0ED023
:106A3000022F0CD329460098FAF752FD002902D004
:106A400005E0042029E0072D08D0152D06D0B0065A
:106A500011D5012D04D0022D04D00CE008201CE03B
:106A6000042500E01225022F05D929460098FAF7DF
:106A700037FD002910D041206946087601212069A0
:106A8000490388432061019800287DD006AA01218E
:106A90003120FEF701F8F6E01020810706D57D4988
:106AA000B8034018070CB800C01C0EE0C0060098E0
:106AB000294604D5401CFAF713FD87B202E0FAF725
:106AC0000FFD0746781E6843801D81B205AB022288
:106AD000079803F077FFF0064ED56946A089898AAA
:106AE000884202D9206941065BD4002041E0072D8D
:106AF0000AD068430B3082B21023A168079803F0D4
:106B0000FFFF002815D031E01022634908A803F0E8
:106B10007AFD02980BABC100081A0B3081B2022239
:106B2000079803F04FFF102208A8A16803F067FD43
:106B3000E7E7019800280ED002980CAB6843801D4F
:106B400081B22A46079803F03DFF0CAA294633205C
:106B5000FDF7A2FF0AE00798009002982B466843D1
:106B6000801CC2B22188022009F09EF90298401CC4
:106B700080B20290B842BAD33820484F064207D0BC
:106B80006946A089898A00E077E0884204D86EE0EF
:106B90006846808AB8426AD02069410606D5F10667
:106BA00004D401218902084320616CE0218820225D
:106BB000002003F04FFF050011D00521F20701204E
:106BC000C902002A0DD06A4611800490908A3B4683
:106BD000401C82B229462046FBF73AFC37E04520AC
:106BE00001E7B20713D5207901280ED01020A26842
:106BF0000290019200916846808A3B46401C82B216
:106C000029462046FBF795FB21E00220EFE77107BC
:106C100001D5234A04E00399890F0DD0204A521C64
:106C200069460A800490888AA389401C82B229465A
:106C30002046FBF748FC0AE0B0060AD56846808A81
:106C4000A389401C82B229462046FBF7B5FB642885
:106C500008D02846FEF78EFA2288304607990FF0B2
:106C600093FD10E00021284603F050FFB7E722888B
:106C7000304607990FF088FD00E76846027E2188BC
:106C8000022009F039FA0121E06903F03FFF0020FA
:106C9000E061A8E600C0FFFFCC960510FFFF0000F2
:106CA00002280000F0B58BB00D460446002069466E
:106CB00008710490E669002E16D0A806800F03D054
:106CC0002088FEF75FF9049001AB31462046049A14
:106CD000FFF700F8412865D0E80708D02188324640
:106CE000022008F0C9FD5DE041200BB0F0BD68074F
:106CF00005D521883246022008F080FD52E0A80721
:106D000039D5F0886188814205D921883246022030
:106D100008F0B4FC46E02069410604D5012189024F
:106D20000843206180E021882022002003F092FEA9
:106D300005001ED021883246022008F09FFCA06882
:106D4000801C0EF0CAFE6188401E401886B2A06802
:106D50000EF0C3FE0246334629462046FBF754FB9D
:106D60002846FEF707FAA0683146801C0CF02AFA84
:106D700054E04520B9E7E80614D5F08841270228F9
:106D80000ED9B168801E4D7B80B2854201D90120A9
:106D900016E0002D04D02946FAF7A2FB00290FD0F7
:106DA00068460771012021694003814321610498ED
:106DB00000282DD001AA01213120FDF76DFE2DE024
:106DC00002900220002703901EE0049800280DD0B6
:106DD000039805AB001D81B22A46304603F0F2FD50
:106DE00005AA29463320FDF757FE07E003980096D1
:106DF000C2B22B462188022009F056F803984019A8
:106E000080B27F1CBFB2039002988742DDD3C9E7EE
:106E1000684602792188022009F06EF90121E069B3
:106E200003F074FE0020E06100205EE7F0B5074645
:106E300017480E4600683D2149014018007B85B087
:106E40001D461446C00706D003A9384600F094FA40
:106E500000280AD102E0472005B0F0BD04AA304660
:106E6000039900F079FA002801D06020F4E7049932
:106E7000228860880968002A00D0088C32466E4655
:106E800031C603233946002000F004F8E4E700008F
:106E9000A0030020FFB5002099B0239A0B90129018
:106EA00005461490064615901C46DB480B460068C4
:106EB000DA49229F411803910021089109915188D4
:106EC000069111880A913D2149014018007BC007B5
:106ED00006D00FA9184600F04FFA00280AD102E0A8
:106EE00047201DB0F0BD10AA0F991B9800F034FA8E
:106EF000002801D06020F4E71998002803D060072B
:106F000001D5012000E000201390A007800F1C9005
:106F1000109817902030C078012840D11798C04BA6
:106F200001899942F9D11798069904680A98228C28
:106F30004118914233D8204620301690807801289D
:106F400016D0E08B04901798806900788006800F37
:106F50007ED0039840301890007A800778D51C982E
:106F60000028F5D0AE4F0F99FF372031206814E08C
:106F7000BA4214D3B942DDD80497E4E70389A84A9A
:106F8000934203D12322125C012A08D0BB4203D1D1
:106F90002322125C012A03D000688842EED134E13A
:106FA00005900028FBD09C4809210268090251186D
:106FB000C96E0027009162E0780100990390085A99
:106FC00001055AD01999002901D0884255D1059957
:106FD0007A008B69511C595C9A5C0902891889B244
:106FE0000D91890749D002220599FBF77AF900280B
:106FF00004D01998002840D0652072E7002008A925
:10700000C8551C98C00718D0179880690078C0062A
:1070100013D50D98C00710D00120C8550543009A1C
:10702000039880184088159A904206D91590009AC6
:107030000398105A0005000D14901C9880071CD569
:10704000179880690078800617D50D98800700E0B2
:1070500083E012D50220CA5D05430243CA55009958
:107060000398401840881599884206D915900099D0
:107070000398085A0005000D14907F1CFFB2664863
:107080000068A030037BBB4296D8002D65D01898CD
:10709000007A00065FD460480168092000020818E1
:1070A000C16E00201BE042018E5A360515D0AE0796
:1070B0000BD556183669B7070DD408AF3F5CBF072C
:1070C00003D5360701D546200BE7EE0705D0521849
:1070D000127CD20701D0432003E7401CC0B2834298
:1070E000E1D81598C01E86B20498864200D906469B
:1070F000A8070FD520220020149903F0ABFC1290B2
:1071000000287DD0F01C82B20021129804F08CFE81
:10711000002811D1E80720D020220020149903F084
:1071200099FC0B90002807D0F01C82B200210B982C
:1071300004F07AFE002810D08020FEF73DF8129867
:10714000002802D0002103F0E1FC0B98002802D0B7
:10715000002103F0DBFC6420C3E6A1690A98069ACB
:107160000818249903F04FFA16988078012801D165
:107170000498E083002D46D0274B092019680002AF
:107180000818C16E002008AA0CE04301CF5A3F0541
:1071900006D05F18BC463B69175C3B4367463B61C2
:1071A000401CC0B21C4B1B68A0331B7B8342ECD835
:1071B000A8070DD512980090F01C82B221461C3110
:1071C0000220A369FCF7ECF80220129907F07EF880
:1071D000E80718D00B980090F61C2146B2B21C317B
:1071E0000120A369FCF7DCF81398002805D00B9860
:1071F0008021C07C08430B99C87401200B9900E0E2
:1072000005E007F063F800206BE6422069E6802085
:10721000FDF7D2FF9FE70000A003002064070000F5
:1072200003280000FFB581B01F4606464625FCF73F
:10723000EFFA040020D020223146002003F00AFC9F
:10724000060018D0014600972046039B029AFBF7E0
:10725000ABF9050004D00021304603F057FC0BE0E9
:10726000012120694903084320610548A061304697
:10727000FDF780FF00E06425284605B0F0BD000062
:107280008572041010B56021FFF70CFD10BD10B51C
:107290001C4613462246FFF7C5FF10BD10B51C461D
:1072A00013462246FFF7BEFF10BD0000FFB581B0B8
:1072B000154606464624FDF7F9F8070025D0029842
:1072C000002803D07888C01EA84201D242241CE0C6
:1072D00011483D21006849014018007B000602D595
:1072E000642005B0F0BDE81C81B2304603F0A4FB79
:1072F00006000CD0014600953846049B029AFBF725
:107300003AF904463046FDF735FF2046E9E76424A4
:107310008020FDF745FFF8E7A0030020F0B5846862
:10732000083015E0258D8D4203D1146018600120CE
:10733000F0BD26461C602036256A06E0AF8B8F42E2
:1073400002D102201560F0BD2D68B542F6D1246847
:107350008442E7D10020F0BD10B50B6A203106E071
:107360009C8B844202D10020136010BD1B688B42AD
:10737000F6D1412010BD000010B5094A094B126832
:10738000D2189368083206E01C8D844202D1002096
:107390000B6010BD1B689342F6D1412010BD000068
:1073A000A003002064070000F8B5204E04463568AD
:1073B000AE3500F0D9F92070000A607000F0D4F901
:1073C000A070000AE07000F0CFF9C2B28004830E12
:1073D0002271002163710846275C401C7918C0B2F5
:1073E00089B20628F8D30029E3D02078FF280CD1F1
:1073F0006078FF2809D1A078FF2806D1E078FF281F
:1074000003D1FF2A01D1FF2BD3D00622691D2046CC
:1074100003F0F5F80028CCD03168062220467831F8
:1074200003F0EDF80028C4D0F8BD0000A003002050
:1074300002480068AE30008870470000A0030020BA
:1074400010B5034906220968B33103F0DCF810BD1A
:10745000A0030020F7B5164600241CE0009811494F
:1074600000194018810801988900001942780578B0
:10747000120215438278C0781204000602430948BC
:10748000154340420F1829463846FCF7CDFE3868B0
:10749000854204D1241DB442E0D30020FEBDFB2070
:1074A000FEBD00000000FCEFF0B50E4607460024CC
:1074B00007E03D1900F058F92870000A6870A41C14
:1074C000E4B2B442F5D3F0BD30B5124A114C283ABB
:1074D000114BD1690906090F4170D2691207120FC9
:1074E000827022680D4D01244260AA4208D11A68B8
:1074F0000B4B9A4201D1042200E00222027000E00C
:107500000470002900D144700649898A491C890009
:10751000816030BD280090401C00001041A0000296
:1075200044A000F20000104010B5012818D8072927
:1075300016D80C4A126813462033187759778007FB
:10754000C906000E090E01430020074BA03204E0DB
:107550008401E418A172401CC0B2147B8442F7D8A5
:10756000002010BDA0030020000100200320704770
:10757000074A914202DC5242914200DA1146FF2250
:10758000993251430A1251180A14511808187047B9
:10759000FFFF4F00401AC0108100401800127047D2
:1075A00010B50920C00600690002000A07F054F96E
:1075B00010BD7047F0B54F4F0446386885B078303D
:1075C0000D461646002C10D0062C14D0082C0FD0D7
:1075D000182C0DD0282C0ED02A2C0CD02C2C0DD0F1
:1075E0002E2C0ED0D02C47D048E0062D0FD045E0F1
:1075F000102D0CD042E0022D09D03FE0012D06D025
:107600003CE0062D3AD17179890903296FD100191F
:107610002A46314602F0F7FF2C2C26D1307800287C
:1076200023D00AF02FFD012822D01B201F30400953
:10763000401C41004118012003F0CEF90AF022FD60
:10764000012817D01B201F304009410041182A484B
:107650004078401AC01EC1B2002003F0BDF938685E
:10766000F9224030017811400170002005B0F0BDD2
:10767000FB20DBE7FB20E6E7012D04D00AF002FD4A
:10768000012804D005E0107806F096FCEEE7D12C36
:1076900002D02F2C1ED02AE0082D28D102223146FC
:1076A000684602F0B0FF0222B11C01A802F0ABFF55
:1076B0000222311D02A802F0A6FF0222B11D03A87A
:1076C00002F0A1FF684683890289818800880EF054
:1076D00071FACBE7012D0AD13078002807D00828AD
:1076E00005D249223968520189188876BDE71220EF
:1076F000BCE70000A0030020C809002070B5184CAA
:10770000072120680902411800260E77154B4E7795
:107710000622FF21C01802F07AFF392520686D018A
:1077200040190671202141710AF0ACFC012814D0E7
:107730001F2021680B4B49198871206809330722E3
:107740000021C01802F063FF064B206810330522A9
:10775000FF21C01802F05BFF70BD5F20E9E7000069
:10776000A00300201E07000000210B200007026874
:1077700052070DD5026804239A4302600268082369
:107780001A43026004E0491C052901DD002070470E
:1077900042689207F7D54168C907FCD0806880B27B
:1077A000704710B5FFF7E0FF0446FFF7DDFF000468
:1077B000201810BDFEE7704770470000F0B5454C3B
:1077C00013252668ED01701980690027416B424836
:1077D000AE368DB0814242D006216846FFF764FE86
:1077E00069464879C02108436946487120680622E5
:1077F000401980692430FFF72DFE0746102105A8A7
:10780000FFF752FE206810224019806905A9001D6B
:10781000FFF720FE0743102109A8FFF745FE206867
:1078200010224019806909A91430FFF713FE0146A0
:10783000394313D12068294940198069264F4018DF
:10784000800881002648081839460490FCF7ECFCB3
:1078500004980068B84201D1002700E0FB272268A5
:1078600050198069A632243001900620014600900C
:1078700000200BF0B4FD002802D12068A630019052
:10788000701D009A019902F0BEFE22681026314652
:10789000002080320BF0A3FD002807D0206832467C
:1078A000411989698030091D02F0ADFE2268314618
:1078B000002090320BF093FD002807D0206832465C
:1078C000411989699030143102F09DFE38460DB09F
:1078D000F0BD0000A0030020AAAAAAAA3400FCEF71
:1078E0000000041030B50F4B0F4D1B6804465B19A8
:1078F00040331B7A412085B09B0710D56B46998198
:10790000DA81002018820420588203AA04A96D4657
:1079100007C502231A4601212046FFF7BBFA05B02E
:1079200030BD0000A00300206407000002460020D4
:107930000146535C002B00D00120491CC9B2062926
:10794000F7D37047024800682030C07F70470000BE
:10795000A003002070B50E460546014620220020F7
:1079600003F078F8040023D0284600F0BBF80500A7
:1079700027D02879B04224D1A87880071FD4A068E6
:1079800001210173A06800214673A0680226867356
:10799000A068C173A0680174A06841740620E080EB
:1079A0002146052000F00EFA002803D0412509E009
:1079B00064250BE0A8783043A870002506E0462532
:1079C00000E042250021204603F0A0F8284670BDC3
:1079D000F7B500980F46018801262022002003F009
:1079E00039F8040016D00098008800F07BF80500F4
:1079F00036D02879B84233D1A87841072ED58007F0
:107A00002CD40298002808D0009801F0BDFD002871
:107A100002D002E0642528E00026A068132101734B
:107A2000A06800214773A06802278773A068C1730C
:107A3000A068310A0674A06841740620E0802146DF
:107A4000052000F0BFF9002801D0412509E0A87801
:107A5000FB2108403843A870002506E0462500E0D9
:107A600042250021204603F051F82846FEBD7CB592
:107A700014460D4600281ED1052D02D00B2D07D02F
:107A800011E0627921796088A31D06F0DDF90AE032
:107A900021461231881F0191009062792179608816
:107AA000A31D06F0E8F921462846FEF789FE214687
:107AB000284600F0B5FA7CBD70B505460C4600209E
:107AC00000F010F800280BD02905090D01800021D5
:107AD0008170002C01D10821817001210171C170D8
:107AE00070BD000030B502460A4801230068DB0281
:107AF0000021C318A030047B07E0586B0D0140192A
:107B00000588954204D0491CC9B28C42F5D80020A2
:107B100030BD0000A003002030B50A4901230968E8
:107B20000246DB020020CB18A031097B07E05C6B2A
:107B3000050164192488944203D0401CC0B28142DC
:107B4000F5D830BDA00300208068017A407A000299
:107B5000081880B27047000070B50023134A1DE07A
:107B60000125ED0240191901466B0024C81C34544C
:107B700010684019466B081D345410684019406B5A
:107B8000445210684019466B084608303452106859
:107B90000C314019406B5B1C4450DBB21068AC21C7
:107BA000095C9942DCD8002070BD0000A0030020D1
:107BB00010B5024688680C46817AC07A000208181F
:107BC00081B2E088001FE080042909D005290CD08B
:107BD00006290FD00121204602F098FF002010BD99
:107BE00021461046FEF7DEFC08E02146104600F074
:107BF0003FF903E02146104605F028FF0028EED0AB
:107C0000E188091DE18010BDF3B581B00D46002665
:107C10008888FFF767FF070056D0287B3C4608346A
:107C200000900228F86833D0002845D0E888002862
:107C300010D0218840182080284602F0D9FE014645
:107C40006068806802F036FA0120616802F090FEF8
:107C50000020E8802088042828D36068FFF774FF9C
:107C6000001D218880B2814226D881421BD16168E3
:107C7000C88061680198FFF79BFF0146002000293A
:107C80000ED06168A94201D16060208045261FE0C6
:107C9000002801D04526DDE76560E8882080D9E727
:107CA000606020800BE0452E06D008E0452E06D10E
:107CB000384600F0C7F90BE0384600F0C3F9002E53
:107CC00006D10098012803D10121284602F01EFFA9
:107CD0003046FEBD024610B50020002A05D0012A1C
:107CE00002D11046FFF790FF10BD1046FFF760FF6E
:107CF00010BD70B50546801E0C46030007F07FF9E5
:107D00000A0C1D1D06170B0B0B0B060B0A462078E1
:107D10002946FFF7ACFE70BD2846FEF751FD60888E
:107D200005F0DAFF2146284600F07AF970BD4A894D
:107D30000888A11C06F0C8F870BD6288097828463A
:107D400005F0EAFF70BD0000F0B585B0FFF7E4FE76
:107D50001B4D04462868A030007BA0422DD9204648
:107D6000323069460873684606F04AFD01262868E5
:107D7000F6028019426B002124011153286827461E
:107D80008019426BE01C115428680C378019426B33
:107D9000201D115428688019406BC05900280CD050
:107DA000012102F0B3FE296800208919496BC851EE
:107DB00029688919496B0834085305B0F0BD0000E3
:107DC000A003002010B50C460146042805D0052963
:107DD00003D0062901D0502010BDA068A2790272FC
:107DE000E088020AA0684272A0688172A068090A4D
:107DF000C172E088001DE080022020732046FAF75F
:107E00000FFA0028E8D0E088001FE080412010BD74
:107E1000F8B5323801060220144E00900125306872
:107E2000ED020C0D421939214901526B4118C97BF1
:107E3000175B012349070CD5083040191E22022187
:107E4000C06C07F069FD010003D08F80009807F037
:107E50004FFD3168002049194A6B211D505431688B
:107E60004919496BE41C0855F8BD0000A003002027
:107E7000F0B50D468DB000210A91A96800280F7B4E
:107E800002D0012822D0C3E0A888FFF745FE624E49
:107E900004463068A030007BA04215D9122F08D1CB
:107EA0005E4802902046323069460873684606F004
:107EB0005BFC01203168C0020818406B21014018AA
:107EC0008178FD221140817000219EE0A888FFF793
:107ED00023FE06465048AC220168525CB24218D9D3
:107EE0000120C0020818406B32018418A2781007E4
:107EF00010D5122F10D1500710D4A9882A4642203D
:107F000008F06AFAA07804210843A070A868407BB2
:107F1000207179E0132F0AD0012F41D0A868417B4E
:107F2000A888FFF717FD0A9000286DD070E0A868B8
:107F3000E778437BBB4267D1520765D5027C407C22
:107F400001230002101887B242200490A8880690EE
:107F5000392040010818C07B80070FD5D8020831AE
:107F600008181D22C06C049907F0D6FC010005D04A
:107F7000069A8A80CF80049807F0BAFCA078FB218B
:107F80000840A070E078401C0006000EE07001D1AF
:107F90000120E07068463236067306F031FC33E0AB
:107FA000100731D4A868E178407B88422CD1500773
:107FB0002AD5FB200240A270E078401C0006000E8B
:107FC000E07001D10120E07068463236067306F099
:107FD00017FC114820220068910108304018422403
:107FE000AE880223C06C214607F096FC01000BD03E
:107FF000A868437B877BC07B8E80000238188B711A
:108000000881204607F074FC0121284602F07EFD1D
:108010000A980DB0F0BD0000A003002030750000EC
:1080200010B5022809D0052801D00B2808D1084630
:1080300009794088FFF740FD02E04888FFF784FE99
:10804000002010BDF8B50546807810210843A870BF
:10805000422000901148C9010068012708304018EB
:1080600002263B462122C06C009907F055FC040013
:108070000AD02771667132462946A01D02F0C3FA64
:108080002146009807F034FCE868002805D001215B
:1080900002F03CFD0020E8602881F8BDA00300202C
:1080A000FEB50F46064600240AF048FB05460AF0D6
:1080B000B9FA082D01D3082811D202A9684600F0A8
:1080C000B3FD002F684606D04079400601D5022155
:1080D00002E0032100E0017AB14200D041242046B1
:1080E000FEBD0000F1B5144CFD212068C900451803
:1080F00012490C2647180AF021FB0099BA7D0A7034
:1081000072B6082815D209212268090251188A6E10
:1081100060214143891C535C032B0AD10023535433
:10812000297D012282409143297562B611F026F91A
:10813000002662B63046F8BDA003002058080000B3
:10814000FFB507468DB000200890079077481E467F
:108150000168774815460C1823204001081847711C
:10816000C271002B01D0002101710E9800287DD032
:10817000FFF7DCFB002879D0002E03D020342079D3
:10818000012873D0FF24002E07D0022D02D0032D2A
:1081900002D002E0002500E001256448654900683E
:1081A00040180B90022F01D0032F6AD1684605704A
:1081B0000622401C0E9902F026FA6946002002F0C1
:1081C000BDFEFF2803D00B99C2005118CC791123B2
:1081D0009B015649002E14D00968CA1894762323AF
:1081E00000225B01C9180A71FF284AD03720444396
:1081F0004E48FF2100682F312018095C002904D067
:1082000015E00A68D1188C75EEE70146FF31FF30A2
:1082100047311F3003F02BFC444806220068211828
:10822000FF3105A8483102F0EEF9012007903F49DF
:10823000FF2208684E322018125C002A1CD1014629
:10824000FF31FF304031303003F011FC3748062257
:1082500000682118FF3103A8413102F0D4F9012050
:108260000890002E08D00121304800E018E0026894
:1082700023204001101801710798002801D0002E1A
:108280000AD0324629460E9801F0ACF8089800282A
:1082900006D0012103A815E03246012105A8F3E725
:1082A000002F06D0012F1AD0022F02D0032F07D1A2
:1082B00015E01E48062201686846783102F0A3F9ED
:1082C0000021684601F0F8F80124A402002F10D024
:1082D000012F16D0022F0CD0032F24D111E0134808
:1082E0000622016814480918684602F08CF9012139
:1082F000E7E70E480068816F041909027B30E165E9
:108300000CE00A4805680C482818F9F753F90002F0
:108310002C19401CE0650848C01C2818F9F74AF9D8
:108320000002000A2066002011B0F0BDA00300206A
:10833000580800006C04000033070000F0B591B04D
:1083400004460AF0FBF906469F48A0490068062249
:1083500047189E49E4314518092109024118896EE0
:108360000B91FD21C90040180D900020049005904C
:10837000607C694608742146123104A801300191DD
:1083800002F041F904A801F0AAFA012804D0082E4D
:1083900004D20C2011B0F0BD0B20FBE73846C030F2
:1083A0000790007AC00701D03A20F3E7208961895D
:1083B000E288401C50438900884201D31220E9E73B
:1083C000208805210202384680304902C2608A4274
:1083D00000D2C16061880A028260A1884B048902D0
:1083E000591A8A4200D9816038462030217C0A908F
:1083F00001710646627C207E01230199FFF7A0FEF1
:108400000020F070A08841020D98816100210120B8
:1084100000F08CFA0AF092F941260690082832D230
:1084200009F030FE012811D10798C18A408B081845
:1084300067499630F9F754F8401CA18980B281420F
:1084400000D2A081E189814200D2E081A18903208C
:10845000022900D8A081E189022900D8E081E089C1
:10846000E2880102A089520200020092029101906A
:10847000A0884302608802022088010206980DF05D
:1084800095FE060005D00021084600F04FFA304660
:1084900080E7E089F861286A0090002008900E903B
:1084A000032001900D990D98C98B8069491C4843A0
:1084B000C001000C07902089109060890F9007E0A0
:1084C000FFF752F90646FFF74FF9000446400896B9
:1084D000089809F015FD0028F2D0FFF745F9064687
:1084E000FFF742F9000446403002000A0990FFF706
:1084F0003BF9C0B20607360F0C2E04D34006400FDE
:1085000080190C38C6B2207E00998001401D087089
:10851000009C22206070A41C2046761D39680AF059
:108520005BFEB8882071000A60710C3420460899FF
:108530000AF052FE241D204609990AF047FE0198D0
:10854000E0700E9820710E980522000A607107985D
:10855000A0710798000AE071109820721098000A24
:1085600060720F98A0720F98000AE07216480C34DF
:1085700000682146483009F0BAFC1648807B40016B
:10858000801960712A6A4221A868AB685A80AA687B
:1085900010800698602358430B9B079AC01840230D
:1085A0001A5200224271A868C01D0AF00FFEA96885
:1085B0000120C8720698A9684001001D88720A98B7
:1085C0000221C1700020E5E6A00300205808000049
:1085D00071020000C809002010B58AB006A8FFF794
:1085E00081FD040011D100210791089102910391AE
:1085F000049105916846007E07A90191002300902F
:1086000002211A4608460AF0F7FB20460AB010BDC0
:1086100070B54030018942880025914200D311464F
:10862000C38A028A934200D21A46C48883889C4235
:1086300000D22346868A448AA64200D2344646891E
:108640008E4200D00125C189994200D00125018BBD
:10865000914200D00125408BA04200D00125284640
:1086600070BD10B5FFF7D4FF10BD70B50C460546C0
:1086700002224831C01C09F03AFC21460222563140
:10868000681D09F034FC214602224631E81D09F03C
:108690002EFC2146284602225431093009F027FCDD
:1086A000403420891B211B2800D22181E28AFF202F
:1086B0004930824200D2E082E2881B2A00D2E18067
:1086C000A18A814200D2A08270BD000070B50D4623
:1086D0000B490024884204D8032109F0C7FF082869
:1086E00001D302240AE00749012209682031C97D2B
:1086F0008240114202D1294600F04CFC204670BD58
:10870000FF0E0000A0030020F0B5824D0446824910
:10871000286885B04018019009F084FF002C7DD0B6
:1087200008280DD34220074603907C48002402907D
:1087300009F0E0FF0090082004900098082802D378
:108740000C2005B0F0BD00F0A9FD00F03FFD009841
:1087500073498001421813212868C9014018818893
:1087600001988030036BC0315980016B0980002172
:10877000C94301820021456ACB1DEF54856AEF543D
:10878000C56AEF54056AEF54066B039DF554039BCD
:108790003F0A1B0A0393466A029D0B1DF554866A25
:1087A000F554C66AF554066AF554066BF554029BF7
:1087B000491C1B0AC9B202930329DCD30099112377
:1087C0004907090E456A0B43AB72856AAB72C56AED
:1087D000AB72019B1D7E0223022D0BD1456AAE7A3E
:1087E0001E43AE72856AAE7A1E43AE72C56AAE7A19
:1087F0001E43AE72466A0127F772866AF772C66A2E
:10880000F7721943036B9972036A9972036B032120
:10881000D972016ACF7200210B4600E04EE053543A
:1088200055186B71491CC9B20529F6D3802595727C
:1088300001992031CE7BD672868C1682068E5682A6
:10884000384E9661384ED6613E462027BE54D375C9
:10885000019A127E002A04D0012A04D0062A12D1DD
:1088600010E018240FE00322836828245202934268
:1088700009D1C368934206D100220492FF225632E6
:10888000028200E01024497B002904D0012904D091
:10889000022906D103E0C02102E02C4301E040217F
:1088A0000C430499C2680902806853184218E10811
:1088B000C900491C00980DF079FD42E772B60828FE
:1088C0000CD209212A68090251188B6E602141439C
:1088D000891C5C5C6407640F012C01D062B616E051
:1088E000F024A45C002C04D01126FF24B6019219B8
:1088F000947500225A543F212A68490151180B7F70
:108900000122824093430B7762B610F075FD002080
:1089100017E70000A0030020580800008100B00005
:10892000CC000020D6BE898E55555500F3B50546BE
:1089300093488DB0016893480F189248E4300C18A2
:10894000FD20C00008180490092000020818806E5D
:10895000069009F0F3FE0646E0210E98C855304611
:10896000082E0AD2002D7DD172B608F05DFD62B6E8
:10897000304610F0C5FC0026FFE0002D72D03846CE
:108980008030C1680291866842200A9009907E4832
:10899000089000200C9009F0ADFE054605AB32466C
:1089A00002990DF03DFC01210646490405E08008CE
:1089B00005900C98401CC0B20C9005988842F6D8DF
:1089C0000C980599800440180B2109054018059062
:1089D00078684021800A08406949C01C0A68132150
:1089E000C90151188968087065480C210268132074
:1089F000C00110188068417061483968026813200E
:108A0000C00110188068801C0AF0E6FB5C48016811
:108A10001320C00108188168B8888871000AC871DD
:108A2000574801681320C001081841689031A161BE
:108A300041686031396341683031E16140682062EA
:108A4000E16900200870216A0870A0696168E26825
:108A50005080E0680180388EE1686268508060680C
:108A6000018000E088E0464801681320C001081832
:108A70000089216822685080206801800021099BBC
:108A80002768C81D02463B540A98E36898546368F7
:108A90009854059AE368081D1A54089A63681A5492
:108AA000059A23681A540A98491C000A0A900998E2
:108AB000C9B2000A09900598000A05900898000AB2
:108AC00008900329DBD32E480168492040010B1888
:108AD000987E002815D0E1686801C01C8872216862
:108AE0006801887261688872E1680320C872216831
:108AF0000122CA726168C872082D39D2002E04D0D2
:108B00003BE0E16868011330E8E72049A80140181C
:108B1000002181729B7E002B28D0DF0701D0252306
:108B200002E09B0722D52623C37223680382E368F1
:108B30004382174BC361174B836120231A54C175BD
:108B40006020069B6843C018417172B6049BAA401E
:108B50001B7D03241A438470241F4481C17304982D
:108B6000027562B6184610F003FA06E02723DBE729
:108B7000002E02D1412600E00C2630460FB0F0BD99
:108B8000A0030020580800002C01B000CC000020F9
:108B900055555500D6BE898E30B50D461C49144634
:108BA00009681C4A91B089180922D206096D126918
:108BB000891A194A09021288090A12070AD5002BD4
:108BC00008D1164AFF39914204D322462946F8F7C4
:108BD0008AFD1AE00146102204A801F014FD1022BB
:108BE000294608A801F00FFD04A8009008A80190EC
:108BF0000CA80290002069460873684609F086FBBD
:108C000010220CA9204601F0FEFC002011B030BD5E
:108C1000A003002058080000C000002002FF7F00D1
:108C200010B5FFF7B9FF10BD70B5044608480D46F2
:108C3000006808494618204631680AF0DDFA726873
:108C40002271100A6071100C2870002070BD0000A5
:108C5000A00300205808000070B50D46044609F036
:108C6000E1FC082801D31F2070BD094809490068AC
:108C700040180022416B931CC95CA154521C062A67
:108C8000F8DB406B00784006C00F2870002070BDF4
:108C9000A003002058080000F8B50C46054609F06E
:108CA0004DFD082801D31F20F8BD0A4E1327306858
:108CB000FF01C019806806222946801C09F017F9B7
:108CC0003068C019806800784006C00F207000200E
:108CD000F8BD0000A0030020F8B55E4B5E481E689A
:108CE0000022301801462031027613240D460A7303
:108CF000E40131198E68FF27283686638968493771
:108D000050314163083181620721A973416B524E92
:108D10000A70456B062169701B68FB2519198C6860
:108D20007834C46389680824A03101640146C031E5
:108D30004A720A72CC738C731B240C824F828D8210
:108D4000103ECE820D834E838C83CF8343495A6578
:108D5000196513233F4C0146DB012668B518F61848
:108D6000B768603516462D7E2A36BD552668F6183A
:108D7000B76816465236BD552668F618B7681646C7
:108D80007A36BD552668F618B7681646A236BD5520
:108D90000D70521CD2B2491C062ADED300230B7080
:108DA000826B06215170426B5170024680325361D2
:108DB000194693611BE009252D025B1960254D437F
:108DC0009F6E2B46264E0A33FE52092327681B024C
:108DD000FB189F6E2B4600262033FE500923276880
:108DE0001B02FB1824359B6E491C5E51C9B22368D7
:108DF000AC25ED5C8D42DED8002501219583C902AA
:108E0000018455640920216800020918896F936B59
:108E1000891C598021680818806F516B801C48801C
:108E20001048818D206840300186FAF753FA3F21BF
:108E300020684901411841220D775201082180180C
:108E4000817000F049F80CF093FF20682030C57461
:108E5000F8BD0000A003002058080000862E000086
:108E6000FFFF0000A8090020F1B5194D0021286876
:108E7000E03041740320009901F0A6FE012704466A
:108E8000FF281ED000263046009902F057F8FF2830
:108E90000DD0C10028680F4A09188918CA793723EC
:108EA0005A431018FF301B308770C470C8792A6885
:108EB000E100891840062F22400E52018918C8711E
:108EC00000E007262868E03047743046F8BD00000F
:108ED000A00300206C04000010B5084C2F2320686C
:108EE0005B01F822FF21C01801F091FB17222168D5
:108EF000002092018918087710BD0000A00300200F
:108F000010B504460DF044FA002801D00C2010BD25
:108F100002480068E0300474002010BDA003002067
:108F200010B56421064C4843216880314867FEF73C
:108F300037FB2168803188670020C86710BD0000BA
:108F4000A003002010B504468088032109F08EFBA1
:108F5000022172B6082815D20D4A1368092212029E
:108F60009A186023926E5843831CD35C002B09D05F
:108F7000002110182160016A002906D0416A0C60A6
:108F80004521446262B6084610BD0462F8E700005D
:108F9000A0030020F8B5064624480F46006824497F
:108FA0004418092109024018816E602070430D1891
:108FB00030460AF049FA002816D02046CF30CC348B
:108FC00072B602780121B140082A02D36A79920769
:108FD0000ED06879800726D4144800682030C27DFE
:108FE0000A43C2753A201FE02046CE30CA34E7E774
:108FF0007A06104B5208D2186B6B1A603A0601D4ED
:10900000132200E012226B7913436B710670288BD8
:109010002080403505486F7700682030C27D8A4344
:10902000C275002000E00C2062B6F8BDA00300204D
:109030005808000003020200F7B50F4682B0032172
:1090400009F014FB06460AF0FFF90090082E02D33F
:10905000022005B0F0BD29482949006845180921BA
:1090600009024018816E602070430C1872B6A07817
:109070004007400F052804D0022802D00C2062B619
:10908000E7E76079800701D03A20F8E720464030D2
:10909000478004990182017F202211430177616B8F
:1090A00018480860676B204602224430F91C08F01B
:1090B0001EFF20460222791D523008F018FF20467C
:1090C0000222F91D423008F012FF394620460222E2
:1090D0000931503008F00BFF6079012108436071BD
:1090E0007D2000994002002904D0C035A881EE738C
:1090F0000020C4E7C0356881AE73F9E7A003002003
:10910000580800000309140070B5032109F0AEFAF5
:10911000082801D3022070BD2649092209681202DD
:109120008918896E602250430D1868796E6B80072C
:1091300001D03A2070BD2C464034E188A08800F070
:10914000AAFCE081A18A608A00F0A5FC60832189E5
:10915000608800F0A0FC6081E18A208A00F09BFC1E
:109160002083C0080E3881B2608900F094FCA08191
:10917000114830606C6B284602224430E11C08F034
:10918000B6FE28460222611D523008F0B0FE284685
:109190000222E11D423008F0AAFE214628460222A2
:1091A0000931503008F0A3FE687901210843687145
:1091B000002070BDA00300200309150010B5FFF7C3
:1091C000A3FF10BD10B5FFF79BFE10BD30B53148B1
:1091D000314900684018416B037E0A781B079209E9
:1091E00092011B0F1A430A70C16B037E0A781B079A
:1091F000920992011B0F1A430A70816B0A78920937
:109200009201121D0A70016C0A7892099201121DD6
:109210000A700021024620320BE0836A456B5C5CD9
:109220000B460833EC54846AC56B645C491CEC54EF
:1092300089B2137B8B4201D91F29EED3017E01290C
:1092400007D0D9B2426B891D5170416B08318162E0
:1092500030BD0346C26B1033083281688262446BB2
:109260000C22627000221546446B08356155197056
:10927000090A5B1C032A00D1C168521CD2B2062A1B
:10928000F1D3406B02785206520EC9010A430270B4
:1092900030BD0000A003002058080000FEB51F48A4
:1092A0001F4900684718694601A8FFF7BDFCBE6B5F
:1092B0007D6BFC6B3B6C72B6002001AA811C175CB5
:1092C0006F54175C7754175C6754175C401C5F54ED
:1092D0000628F3DB694609782A78BF20C9070240CF
:1092E000490E0A432A70694609783278C907024054
:1092F000490E0A433270694609782278C90702404C
:10930000490E0A4322701A78694602400878C0075D
:10931000400E02431A7062B60020FEBDA00300207A
:1093200058080000F7B52C4F0E462C49386882B01B
:10933000441815460321029809F098F90090092075
:10934000396800020818816E0098602250430F1897
:1093500000980AF079F8002807D0CF20005D009926
:10936000082905D3022005B0F0BDCE20005DF6E748
:109370004037397F4A0701D51A20F4E732461B3AB5
:10938000E12A05D22A46FF3A154B493A9A4201D3BF
:109390001220E8E78A0601D4C90701D00C20E2E7D1
:1093A000082801D23A20DEE7C034A08AB04200D2B9
:1093B0000646E08AA84200D205467889B04204D128
:1093C000388BA84201D10020CDE72A4631460298C9
:1093D000FFF732FEC7E70000A00300205808000096
:1093E00049410000034610B50A48002A006806D02B
:1093F000094A801872B60A461946103006E0064A35
:10940000E43A801872B60A461946083007F0F7F9B0
:1094100062B610BDA00300203C090000F8B5144658
:109420000A4605460121104609F020F901460828A0
:1094300001D30220F8BD1C480922006812028018DE
:10944000826E602048431018184A89018B18426BBD
:10945000002D07D0164972B643799B070DD062B62E
:109460003A20F8BD00215F18665C2037BE73491CA6
:10947000C9B21029F7D30F49EDE7116041790122F4
:1094800011434171002D09D0074849220068082185
:1094900052018018C17162B60020F8BD0122016935
:1094A000520411430161F6E7A0030020CC00002024
:1094B00003020D0603010500034610B50548064AE0
:1094C0000068801872B60A46194607F098F962B625
:1094D000002010BDA00300205808000070B505460C
:1094E000114812490068441809F028F9082801D2E7
:1094F0000C2070BD288805220102204680305202CF
:10950000C160914200D2C260698820340902816042
:1095100028790023E070A8791A461946FEF710FE54
:1095200068792071002070BDA00300205808000059
:1095300030B41348092203681120C0011818D2065C
:10954000806A11690F4C411A09022588090A2D0702
:1095500002D430BC01207047647A9B6AE400E318AF
:109560008B4209D20123DB05994205D259000843F9
:10957000506030BC0120704730BC002070470000B4
:10958000A0030020C0000020F0B505465A485B4902
:1095900000688BB0441808F075FD012812D12046F0
:1095A000C030C18A408B081855499630F7F798FFAC
:1095B000401C698980B2814200D26881A9898142B8
:1095C00000D2A88169890320022900D86881A9896D
:1095D000022900D8A8812888022109F047F8082824
:1095E00002D302200BB0F0BD2646C036B17B08295D
:1095F00001D20C20F6E7317AC90701D03A20F1E711
:10960000698849020491A9882F890797AB894A0282
:109610001B0209936B89ED8806956D1C4D431B0257
:10962000B9008D4201D31220DCE7334909250968CE
:109630002D0249198D6E602141436D187D21B07353
:1096400049027181A9890627794309318FB2298995
:10965000BC46614489B2089104A9029205AF009307
:1096600001910322039752026146099B0CF022FEEE
:109670000821002801D0B173B4E70598069FFF3098
:109680000130400A05900498059B400A04900004AC
:109690001843079B1B4A1B043B4372B66F79BF07F5
:1096A00002D062B6B173A9E7696B0A60696B486062
:1096B000686B8360696B0898C8606879012108430A
:1096C000687162B620464030C177059A42849C2377
:1096D000049A1A53069A4285079AC285089A4286C6
:1096E0000998E061A879C006C00E0843A871307AD5
:1096F00008433072002075E7A003002058080000DE
:1097000071020000030C0003FFB533480E460068E9
:10971000324987B045181F46144630460CF0EDF923
:109720000190301D0CF0E9F900902078617802AECC
:109730000C0204430221079808F098FF00213A78B0
:109740003270491CC9B2761C7F1C1029F7D3082837
:1097500002D302200BB0F0BDC035A97B082901D28D
:109760000C20F7E71C4909220968120289188A6E41
:1097700060214143511872B64A79920702D062B60D
:109780003A20E7E77D2252026A81A8734A6B1448A7
:1097900010600869020504D5487901221043487118
:1097A00003E001221203104308614A6B01985060E4
:1097B0004A6B009890604A6B0298D0604A6B03989D
:1097C00010614A6B049850614A6B05989061486B30
:1097D000C46162B60020BDE7A00300205808000065
:1097E00003010A00FEB51148114900680622461817
:1097F00010494118684600F006FF012269463046CC
:1098000006F0FDFFB56BF46B736B366C00206A4697
:10981000811C175C5F54175C6F54175C6754175CAE
:10982000401C77540628F3DB0020FEBDA003002077
:1098300058080000330700007CB50E4C0E49206824
:10984000062245180D494118684600F0DCFE296AD9
:1098500006226846891C08F04AFB13212068C901CA
:109860004018816806226846891C08F040FB0020E9
:109870007CBD0000A00300203C090000330700006D
:1098800010B504460146042001F058FBFF2801D022
:10989000012010BD2146042001F096F9002010BDE2
:1098A00010B5FFF7EDFF10BD10B50146042001F023
:1098B00045FB0146FF2802D0042001F093FA10BDB9
:1098C00010B5FFF7F1FF10BD00B50146042001F00F
:1098D00035FBFF2801D0012000BD002000BD10B5E0
:1098E000FFF7F2FF10BD0000F8B51D46144606460E
:1098F000002708F0C7FB01280CD01F207178084012
:10990000060036D00020E86109F0B8FD002803D039
:10991000E86907E0FF20F1E769893246012001F09C
:1099200099F8E861002801D0102722E0E07D80212D
:109930004840E0751049286908421AD06079401EF5
:1099400060716079FF2814D1A079401EA071A079C0
:10995000FF280ED1E079401EE071E079FF2808D1A0
:10996000207A401E2072207AFF2802D1607A401EA1
:1099700060723846F8BD000020280000FFB582B0B4
:1099800000230193059B012B30D04B8C224D1C01F1
:109990000B8C9C46CB7E6B438D8BAE46CD8B164697
:1099A000403697690096A74206D19689664503D14D
:1099B000009E3688AE4201D0402601969679042753
:1099C000760876003E4396719461546164469481B2
:1099D000009A1580059A012A17D00B6170464A68D3
:1099E000400010184860019806B0F0BD03464033AF
:1099F0001D461B8E084E1C01AB8D9C4660231B5CD4
:109A00007343AE8C2D8DB646C9E783657146C26C33
:109A100049005118C164E6E7E2040000026800232F
:109A20000B80824203D09BB212685B1CF8E7704740
:109A3000086042684A60426811604160704702688D
:109A400004E08A4201D10120704712688242F8D1B5
:109A50000020704702680A60126802600A68126893
:109A600050600A680020106009684860704700B5BF
:109A70000B46FFF7E4FF002808D003CB083B086043
:109A800003CB41600020083B1860586000BD704760
:109A9000704770477047884200D3084670470000FF
:109AA00070B5007814460E46164D030005F0A7FA6F
:109AB000061804191B242618218813A005F082FA21
:109AC000307800280CD10F4A20880C32688064233B
:109AD000511EF6F74BFC010002D0174805F072FA50
:109AE00070BD16A00BE01DA005F06CFA08F020FB7D
:109AF0000020C043688070BD1FA000E028A005F0D2
:109B000061FA70BD440800200D0A2A2A2A2A436FF0
:109B10006E6E656374696F6E2045737461626C6903
:109B200073686564202868616E646C6520307825F0
:109B3000303478290D0A0000949805102A2A2A2A20
:109B4000434F4E4E454354494F4E204641494C45A4
:109B500044204556454E540D0A0000002A2A2A2A60
:109B6000444953434F4E4E454354494F4E2045566A
:109B7000454E540D0A0000002A2A2A2A53544F50F9
:109B800020434F4E4E454354494F4E2050524F4371
:109B90004544555245204556454E540D0A00000097
:109BA0002A2A2A2A434F4E4E454354494F4E2055A8
:109BB000504441544520504152414D455445522056
:109BC00052455155455354204556454E540D0A00B3
:109BD000FFB5054681B000780A9E1F46012846D190
:109BE000029801782CA005F0EDF930A005F0EAF913
:109BF00000240398015D30A005F0E4F9641CE4B290
:109C0000062CF6D32EA005F0DDF939782DA005F04D
:109C1000D9F9002405E0315D30A005F0D3F9641CCA
:109C2000E4B23878A042F6D825A005F0CBF90B981D
:109C3000002141562BA005F0C5F906222DA1701D6B
:109C4000F7F7ABFC002812D12CA005F0BBF9029865
:109C5000062201782F480171401D0399F7F76AFC2D
:109C600008F012FA002802D02BA005F0ABF92878F2
:109C7000022802D134A005F0A5F92878032809D1DB
:109C800040A005F09FF908F053FA002802D047A041
:109C900005F098F905B0F0BD414444522054797064
:109CA00065203D2025640D0A000000004144445217
:109CB000203D203078000000253032780000000080
:109CC0000D0A00004144204441544120284C656E57
:109CD0006774683D2564293A0D0A00002530327802
:109CE0002000000052535349203D20307825303267
:109CF000780D0A00426C75654E524700426C7565DE
:109D00004E52472064657669636520666F756E64A0
:109D10000D0A0000440800204572726F72206475BD
:109D200072696E6720746865206465766963652072
:109D3000636F6E6E656374696F6E2070726F6365BA
:109D4000647572650D0A00002A2A2A4465766963E3
:109D50006520446973636F766572792050726F6312
:109D6000656475726520656E6465642066726F6DEA
:109D700020746865206170706C69636174696F6ECE
:109D80000D0A00002A2A2A44657669636520446921
:109D900073636F766572792050726F636564757254
:109DA000652054696D656F75740D0A004572726F98
:109DB0007220647572696E672074686520646576C8
:109DC00069636520646973636F7665727920707268
:109DD0006F6365647572650D0A0000007CB50078DC
:109DE000454C1D46052808D0444E062860D0092859
:109DF00020D00A280ED142A00AE03F480021E038D6
:109E0000427C0125002A06D041744577657247A03F
:109E100005F0D8F87CBD427F002AFBD0827F002A63
:109E200005D045774CA005F0CDF865727CBD417733
:109E300052A0F8E760892988401C884206D16868EA
:109E40000078002802D0574805F0BCF8A08929887E
:109E5000401C8842EAD154A005F0B4F8002453A075
:109E600005F0B0F8641CE4B2462CF8D3A9780629B2
:109E700002D04F4805F0A6F8686801783171417842
:109E800071711E4982788A71C278CA710179317202
:109E9000407970720A21705EF7F738FB01910090EB
:109EA000082306220421F35EB25E715E41A01FE02A
:109EB0003DA005F087F800253CA005F083F86D1C57
:109EC000EDB2462DF8D3218A022902D045A005F033
:109ED00079F8608A0A2100B27081F7F717FB0191C7
:109EE0000090082306220421F35EB25E715E4DA04D
:109EF00005F068F87CBD000084090020F80200200D
:109F00002A2A2A2A53657276696365204368616E3E
:109F100067656420496E6469636174696F6E20527D
:109F2000656365697665640D0A0000000D0A2A2ADA
:109F30002A2A53657276696365204368616E676596
:109F40006420696E6469636174696F6E20656E6117
:109F5000626C65640D0A00000D0A2A2A2A2A4163F0
:109F600063204E6F74696669636174696F6E206502
:109F70006E61626C65640D0A000000000D0A2A2AF9
:109F80002A2A467265652046616C6C204E6F7469A2
:109F90006669636174696F6E20656E61626C656489
:109FA0000D0A0A00049805100D00000020000000B2
:109FB0004C9805100D4143432D3E20583A25642C02
:109FC00020593A25642C205A3A25642E2054656D78
:109FD00070657261747572652D3E25642E25640D61
:109FE0000A0000004572726F7220696E207265610E
:109FF000642064617461206C656E677468207265AA
:10A00000636569766564206578706563746564204E
:10A010003220696E73746561642069732025640D54
:10A020000A0000000D4143432D3E20583A25642C80
:10A0300020593A25642C205A3A25642E2054656D07
:10A0400070657261747572652D3E25642E25640DF0
:10A0500000000000F8B5007801280DD0022810D1CA
:10A06000087800280DD1124C0027607C01260028BA
:10A0700008D0677466770EE00878002801D10BF0ED
:10A0800039FFF8BD0A4D607F8035002805D008F003
:10A0900077F96777EE702674F8BDE8780028FBD072
:10A0A00008F06EF90248EF706674E0304672F8BD51
:10A0B000A40800200268002A03D010461268002A73
:10A0C000FBD10160704770B50C461F21521E0A4338
:10A0D0000546521C002011044E0D17D021460831B0
:10A0E0006A1A2846002A01DD082A03DB2022F7F736
:10A0F00021FA04E0082208C9521E08C0FBD120350D
:10A100002046761E24683604360CE7D170BDF8B5BB
:10A1100004460D46501E1F210843401C00041646ED
:10A12000470D1ED0204608302946421A002A01DD7C
:10A13000082A03DB2022F7F7FDF904E0082208C90A
:10A14000521E08C0FBD12035202E01D2304600E03F
:10A150002020A080301A7F1E24683F0486B23F0C66
:10A16000E0D1F8BD70B50C4605460AE02146284608
:10A17000A2880831083000F046FAA088A8802D682F
:10A180002468002D01D0002CF0D1254301D04720B8
:10A1900070BD002070BDFFB581B01D466946002A24
:10A1A00009D000280CD08488944204D8121B1204D1
:10A1B0000068120CF5D10A80040001D000261FE0CF
:10A1C000184605B0F0BD6846A1880088814213D9C1
:10A1D000091A8FB2AF4200D32F460299201889196D
:10A1E0003A46083000F00BFA0028EAD1F01986B29E
:10A1F00000206946088002E0401A69460880246809
:10A20000B54201D9002CDED1A81B05B0F0BD002954
:10A2100059D0F3B58FB00C46A088202813D0002C5D
:10A2200014D0029402980068029000282ED08688EC
:10A2300001463246083106A800F0E5F90027A0885B
:10A24000202805D007E02468002CE5D111B0F0BD2E
:10A2500024680020A080002EE4D080B22021091ABA
:10A260008DB2AE4200D235462246083206A9801889
:10A27000C9192A4600F0C7F9701B86B2781987B24F
:10A28000A0884019A080002ED9D1CBE720680028F3
:10A29000DCD0002121600F9972B60A78002A03D021
:10A2A0004B6892009A581060002383800A78521CF1
:10A2B000D2B20A704C689200A05000680028F4D115
:10A2C00062B611B0F0BD7047491EC904090E72B6DE
:10A2D00002788A420CD9511AC9B24A1ED3B203700D
:10A2E000426888001058990052580021116000E01F
:10A2F000002062B670470021002804D0491C006885
:10A30000C9B20028FAD1084670470021002804D0BD
:10A31000491C0068C9B20028FAD14801704770B4DE
:10A32000417800292DD08668002E2AD0002505709E
:10A3300041682A460D60417800291FD928215143E0
:10A34000891900230B60002913D072B60378002B03
:10A3500003D044689B00E35819608D8003785B1C30
:10A36000DBB2037044689B00E15009680029F4D116
:10A3700062B6521C4178D2B29142DFD870BC002044
:10A38000704770BC47207047F8B51D460E466B46B7
:10A39000002A09D0002824D08488944204D8121BB3
:10A3A00012040068120CF5D11A80040019D014E0D0
:10A3B0006846A1880088091A8FB2AF4200D32F46A1
:10A3C00021183A463046083100F01DF9F619E81B0D
:10A3D00085B22468002069460880002D03D0002C37
:10A3E000E6D14120F8BD0020F8BD002917D072B693
:10A3F0000278002A03D0436892009A58116010B482
:10A4000000238B800278521CD2B202704468920002
:10A41000A15009680029F4D162B610BC704770479A
:10A4200030B400240B1E22D02034A4B294421AD39C
:10A430000A68002A35D072B60378002B03D044682E
:10A440009B00E3581A600024948003785B1CDBB205
:10A45000037045689B00EA501268002AF4D162B686
:10A46000002008601DE00B4609680029DCD1111BA3
:10A47000491EC9040A0E72B6017891420CD9891A94
:10A48000C9B24A1ED2B20270406889009200415897
:10A4900082580020106000E0002162B61960002997
:10A4A00002D030BC0020704730BC47207047FFB559
:10A4B00004465009000681B01F46000E06D0002C4D
:10A4C00023D0401E24680006000EF8D1D606F60EF2
:10A4D00017E02020851BBD4200D33D46A0192A4627
:10A4E0000830029900F08FF8029871194019029013
:10A4F000781B87B2A088884201D2A819A08024685E
:10A500000026002F04D0002CE3D1412005B0F0BD7F
:10A51000002005B0F0BD10B5034600680324401EBE
:10A5200020435143401C4118196010BD7047000082
:10A5300070B58178012500292FD00021415642783D
:10A54000FF26002911DA0B071B0F083B9C08174B4D
:10A55000A400E318DC698907C90E8E409207120E29
:10A56000B4438A401443DC610DE08C08104BA40016
:10A57000E3181C688907C90E8E409207120EB44377
:10A580008A4014431C600078C106C90E8D40400902
:10A59000084980004018056070BD0078C106C90EEA
:10A5A0008D404009034980008031F3E700ED00E071
:10A5B00000E400E000E100E08307FF22DB0E9A40A8
:10A5C0008907090E994000280BDA0007000F0838A8
:10A5D000830808489B001818C36993430B43C36161
:10A5E0007047830804489B001818036893430B4383
:10A5F0000360704700ED00E000E400E0704710B534
:10A60000F6F7CBFF10BD10B5F6F794FF10BD10B5EF
:10A61000F6F7BAFF10BD0000012805D0022805D0CA
:10A62000032806D001207047074A04E0064A243276
:10A6300001E0054A48320020135C0B54401CC0B2B4
:10A640002028F9D3002070476C0400C00320800745
:10A6500000688007C00F704770470000F0B5574D85
:10A660000720296800020818007F91B080076FD585
:10A67000FFF7ECFF01286CD10024F7F7C9FF06466D
:10A6800000F02EF9012800D1032430007ED03927B4
:10A6900002267F01012802D002287CD13BE06946D6
:10A6A0000220FFF7B9FF032008A9FFF7B5FF002C30
:10A6B00006D1F9212868C90041180120FFF7ACFF35
:10A6C0002868A421095CC90701D0002100E01021FD
:10A6D0000E43694611231091F10603D50922BF21CB
:10A6E0000E4007E0C1194A79920654D589790906C6
:10A6F00051D507223107890E09180120C002081818
:10A70000C06C314605F008F9070044D0381D3C7193
:10A710004022109936E069460220FFF77DFF002CA9
:10A7200004D02022FF216846FFF771FF2868A4218A
:10A73000095CC90701D0002100E010210E436946E1
:10A7400009230891F10605D50A22BF210E4009E030
:10A7500029E030E0C1194A7992061CD5C979C907A8
:10A7600019D008223107890E09180120C0020818E3
:10A77000C06C314605F0D0F807000CD03C71381D94
:10A7800008992022401CFFF73EFF00E003E0394615
:10A79000304605F0ADF80720296800020818017F4F
:10A7A000FD221140017772B6286880224030C179BD
:10A7B0001143C17162B611B0F0BD0000A0030020CA
:10A7C00010B5FFF74BFF10BD032080070268802102
:10A7D0000A43026002688A430260704770B590B015
:10A7E0000D460646202227A16846F6F7A3FE202242
:10A7F0002CA108A8F6F79EFE324C012E04D0022EA2
:10A8000011D0032E23D019E0202208A928460BF0EE
:10A81000B5FD0028207801DB04210DE0FB21084074
:10A820002070294B22E02022694628460BF0A6FD25
:10A830000028207805DB012108432070012010B09A
:10A8400070BD40084000204B207024330EE02022D1
:10A85000694628460BF092FD0028207801DB022192
:10A86000EAE7FD210840184B20704833002294008D
:10A87000521C2859D2B21851082AF8D30020186265
:10A88000DDE70000FFFFFFFFFFFFFFFFFFFFFFFF10
:10A8900000000000000000000000000001000000B7
:10A8A000FFFFFFFF512563FCC2CAB9F3849E17A7BF
:10A8B000ADFAE6BCFFFFFFFFFFFFFFFF0000000057
:10A8C000FFFFFFFFD40200206C0400C003208007BC
:10A8D00001680122114301600168914301607047E2
:10A8E00004480078002803D103480068002800D0FD
:10A8F00001207047D4020020000400C070B5124A45
:10A90000092312681B02D2180123526E83435B0095
:10A91000491E41249B184909491CC9B272B61579D0
:10A920008D420ED31E785B78AD19EDB25B18AB4249
:10A9300007D84000135C00245B1813541079401AA8
:10A94000107162B6204670BDA003002070B50D00E6
:10A9500004460AD0002C08D0A968A068FFF702FCC2
:10A96000002801D1E988E18070BD412070BD000060
:10A97000F3B50F4612480921006809024018BE6865
:10A98000446E81B03046FFF7B6FC0546F888401E9D
:10A990004009401CC0B2A84211D23146A068FFF75E
:10A9A00036FC3046FFF7A7FC281A72B60199490019
:10A9B000625C121A625421790818207162B6FEBDD9
:10A9C000A003002010B51C4613460A4680682146A5
:10A9D000FFF7DAFC10BD0000044A092312681B02CD
:10A9E000D218526E4000801841707047A0030020BA
:10A9F0000022816808380260084670470D49092224
:10AA0000096812028918496E72B601228243500009
:10AA10004218084B095C09201B6800021818406E98
:10AA2000527800798A4202D9511A401AC0B262B6ED
:10AA300070470000A0030020091D8AB210B501462E
:10AA4000002000F007F810BD10B58068FFF753FC38
:10AA500010BD0000F8B50D460E49092309681B0218
:10AA6000C9184E6E1F21521E0A431D3297B2002490
:10AA70003946FFF743FF00280AD13946B068FFF78F
:10AA800023FC044608340068A0600020E074A58020
:10AA90002046F8BDA003002070B5174809210068C2
:10AAA00009024018446E042200212046FFF7AFFD42
:10AAB000124D688C23304009401CC1B20020FFF7C2
:10AAC0008BFF688CA97F23304009801C4843401CC1
:10AAD000C1B20120FFF780FF28462030A1684078EE
:10AAE0004870A068FFF71BFCA06872B6007862B6D9
:10AAF0002071002070BD0000A0030020A8090020E4
:10AB000010B58068FFF747FB10BD0000F8B50E4692
:10AB10000C490922096812028918083807464C6E48
:10AB2000FFF7E9FB05463946A068FFF75EFC72B601
:10AB30007100605C401B605420794019207162B63E
:10AB4000F8BD0000A0030020F7B50746184809210A
:10AB5000006809024018446E41201646002F11D0AB
:10AB60003846FFF7D2FB0546B0420CD2301A81B20C
:10AB70000198FFF7C3FE002804D132463946A06889
:10AB8000FFF74EFCFEBD32463946A068FFF748FC91
:10AB90006D1E761E69097209891A72B6019A5200F1
:10ABA000A35C5B1AA35422795118217162B6FEBDD1
:10ABB000A003002010B51C4613460A4680682146B3
:10ABC000FFF775FC10BD0000F3B505007F4883B0AA
:10ABD000006808D0012D0DD0022D0ED0042D1BD001
:10ABE0002F2149010AE07A498D22411801910F2154
:10ABF000D20020E09D21C90000E076494118019172
:10AC0000032D0BD0042D0CD00F21012D0BD0022DC4
:10AC10000CD0042D03D10CE06F49EFE71F216F4AE0
:10AC200009E00821F1E76E4A801805E02B22520165
:10AC300001E0DB22D2008018009004788C4207D11A
:10AC4000002D15D0032D13D0042D11D0012D0FD0C0
:10AC50008C4201D1022D0DD000262846049900F027
:10AC60006DF90290FF2807D0FE26002D7ED0AAE0C5
:10AC7000FF26A8E0FC26F0E7FE2E78D0022D10D1AA
:10AC8000FC2E0ED15148019A0068FF300130417E00
:10AC9000CB009A18D2794276022000F0A3F8641E05
:10ACA000E4B2002C3DD00198E1000F183E46083E6A
:10ACB00004990720401E0B5C325C9A1A0BD0002AC4
:10ACC0000BDD0198E100081807220499FFF79BFCAF
:10ACD000261E26D02BE00028ECD13846072231462C
:10ACE000FFF791FCF079F871002D03D0032D01D00E
:10ACF000012D12D1F079C14349060ED037214843C6
:10AD0000324909684018FF301B30002D02D0012D58
:10AD100017D0C01C0178491C0170641E2406240E43
:10AD2000C1D1072204990198FFF76DFC0026009815
:10AD3000022D08D000780099401C0870002D3DD0ED
:10AD400041E0401CE6E70178002921D00198CA00C3
:10AD50001018C01D0278521CD2B2A24200D9027053
:10AD60000838491EF6D10098007801E028E022E07A
:10AD700000280DD015480068FF300130417EA14207
:10AD800001D3491C4176017EA14201D3491C0176C1
:10AD90000E480168FF310131097ECA00019951183E
:10ADA000CC710068FF30013004760098009900787B
:10ADB000401C087007E0002D02D004E0FE2E02D1F6
:10ADC000029E80200643304605B0F0BDA00300205F
:10ADD0006C04000064050000DC060000DC050000D7
:10ADE000E4040000F0B504004E4883B000680F464C
:10ADF00008D0012C0AD0022C0BD0042C2BD02F21F0
:10AE0000490107E048494018009009E09D21C90028
:10AE100000E0464940180090032C1ED0042C1ED0A0
:10AE20000F20FF2F5ED0401EC0B23E4601908742E9
:10AE30002ED20098F1000D18294608312846072225
:10AE4000FFF7E1FBE87BE871002C0AD0032C08D067
:10AE5000012C06D017E03649DCE71F20E1E7082087
:10AE6000DFE7C14349060ED0372148432D49096821
:10AE70004018FF301B30002C02D0012C1ED0C01C0B
:10AE80000178491E0170761C0198F6B28642D0D333
:10AE9000C100009807220D182846FF21FFF7B7FBD5
:10AEA000FF20E871002C0BD0012C0FD0022C11D008
:10AEB0001C48042C006832D01E490FE0401CDFE71C
:10AEC00018488D210068C900401808E015481A4943
:10AED000006803E013482B210068490140180178FD
:10AEE000491E0170022C18D10E480068FF30013055
:10AEF000417EB94201D9491E4176017EB94201D94C
:10AF0000491E017600980F21C01D0278BA4201D96E
:10AF1000521E02700830491EF7D103B0F0BDDB218C
:10AF2000C900DBE7A00300206C04000064050000FA
:10AF3000DC060000DC050000E4040000F0B5234A54
:10AF40000028126808D001280BD002280CD0042851
:10AF50002FD02F235B0108E01D48121896460422CB
:10AF60000CE09D23DB0000E01A4BD2189646032824
:10AF700021D0042822D00422042821D00F20844686
:10AF800001209040C3B200265B08F018C0B26045B3
:10AF90000BD2C200744614190722521E8D5CA75CA6
:10AFA000ED1B0FD0002D00DD0646002BECD1FF205D
:10AFB000F0BD094BD9E705221F20E0E70322DBE7BC
:10AFC0000820DCE7002AE8D1F0BD0000A003002043
:10AFD0006C04000064050000DC06000070B5304D14
:10AFE0002E4A28680021FF301B30FFF710FB28682D
:10AFF000FF21F2221154112292018218117651760A
:10B000009176284AF4210A502F235B01F822FF2170
:10B01000C018FFF7FCFA244B28687822FF21C018DB
:10B02000FFF7F5FA204B2868F8337822FF21C01883
:10B03000FFF7EDFA9D232868DB007822FF21C01876
:10B04000FFF7E5FA194B28684022FF21C018FFF7E7
:10B05000DEFA232628687601002481190C72272144
:10B06000490141180C712B21490141180C7017211D
:10B07000890141180C771B21890140180476FCF7DF
:10B080008FFA29680B468033986788190A46012190
:10B090000471E0325174DC67847170BD39030000C3
:10B0A000A0030020905F01006C040000DC0600009B
:10B0B000F0B4234B00281B6808D001280BD00228CD
:10B0C0000CD0042833D02F24640108E01D481B183D
:10B0D0009C4604230CE09D24E40000E01A4C1B195C
:10B0E0009C46032825D0042826D00423042825D0F4
:10B0F0000F2701209840C3B200205B08C418E4B2B7
:10B10000BC420FD2E50065442E686D682D02AA424C
:10B1100003D8AA4206D1B14204D32046B14201D19C
:10B12000AA4202D0002BE8D1FF20F0BC7047074CA8
:10B13000D5E705231F27DCE70323D7E70827D8E750
:10B14000A00300206C04000064050000DC06000081
:10B150000A4610B501460320FFF7AAFFFF2801D0D9
:10B16000012010BD002010BD01207047F0B5A3B034
:10B1700001780E91456881681091C76801691E9138
:10B180004169059180690024189417940090FF2666
:10B1900016941D940894A81CF6F70CFA297800025E
:10B1A0004906C90F08433860681DF6F703FA000224
:10B1B000000A786028460830F6F7FCF92978000282
:10B1C000C9090843029028460B30F6F7F3F900024C
:10B1D000000A03907A681002810F012902D13978A0
:10B1E000012900D000211391039909028B0F012B33
:10B1F00003D1029BDBB2012B00D000231593800FFB
:10B2000002D13878012800D000201B90880F03D18C
:10B210000298C0B2012826D0002128780507FB48F3
:10B220002D0F03681846FF301B302190F84818187E
:10B23000149000200F9012900C9001201A901C90F6
:10B240000098426000983A680260F04800681990DF
:10B25000E030027C0B92002A00D0012211920B9A5E
:10B26000012A02D005E00121D7E7407C002800D167
:10B2700001240E98002811D001284ED0032D02D0B1
:10B28000052D00D001240598007E03287ED00228D9
:10B290007DD001287CD004287AD09CE0032D06D0F4
:10B2A000052D04D0042D04D0012D05D009E0012482
:10B2B00007E001200F9004E01198002801D101203F
:10B2C000129010981690801C1890109808301790C3
:10B2D000059820300079032810D001280ED00022D4
:10B2E0000C92059200280BD0012809D000201A905A
:10B2F0000B98012806D0012D09D0A0E00122EFE72C
:10B300000120F4E7012D6FD1002900D00124159808
:10B31000002801D101201290C1E0002D02D0012DA2
:10B3200000D0012405982030007901280ED0002299
:10B330000C921B9A002A01D0002809D00122059204
:10B34000159A002A06D0012D09D019E00122EFE755
:10B350000022F4E7012D13D10B9A012A06D00B9A93
:10B36000002A0BD0159A002A08D009E02323199A45
:10B370005B01D2181279012A00D101240122129214
:10B38000139A002A06D00B9A002A02E01CE019E06A
:10B390001CE006D1002801D101220F92139A002A45
:10B3A00007D00B9A012A45D1002805D101201D9014
:10B3B00002E00B9801283DD1012D78D100296ED0F3
:10B3C00001246CE0052D06D1012404E01399002925
:10B3D00008D0002A06D000210F91032D05D0052D9D
:10B3E00009D00FE00121F7E729E005992031497BD9
:10B3F000C90705D106E005992031497B890701D5A8
:10B4000001210C910C990591012112911099891C2F
:10B41000189110990831179110991691012A07D1A6
:10B42000012801D0042803D11B99002900D0012450
:10B43000052D29D0012D32D00E98012837D018982B
:10B44000F6F7B8F81699000209784906C90F0843BB
:10B4500009901898C01CF6F7ADF80002000A0A908F
:10B460000E98012823D01798F6F7A4F81699000231
:10B470000978C90908430D901798C01CF6F79AF887
:10B480000002000A109020E013990029D7D001286B
:10B4900001D00428D3D101200890D0E707E0012192
:10B4A000199889024018C16D0991006ED7E71E985E
:10B4B00000691E9949690202CB03DB0F09041A4394
:10B4C000090A000E01430D921091002C73D11398BC
:10B4D000002866D00B9800281CD01198002860D056
:10B4E0007868396802020120FFF7E2FD474B014608
:10B4F0009D221868D2008218FF290CD0FE293ED068
:10B50000C8008018C6791498F1000918072200981D
:10B51000FFF779F883E0052D02D10E99022904D0B6
:10B52000F221095CFF2913D029E00121384600F0FF
:10B53000BBF941087F2903D0C10014980818E1E73E
:10B5400008990598084301D0012468E0002466E0CA
:10B55000112189014118497EFF2910D1FF300722AE
:10B5600039460130FFF74FF8284800210068F222E1
:10B57000115401464031CA79EF231A40CA710E991D
:10B58000012904D0059C4AE001200F9047E02321C7
:10B5900049014018C0790228D6D20C980028F3D06F
:10B5A000D2E71B98002802D00B98012804D01198EC
:10B5B00000280CD104E039E00020059C1C902EE00E
:10B5C0002321199849014018007A002827D078686B
:10B5D000396802020020FFF76BFDFF281FD0C10071
:10B5E00014980818C6793720219970434018017DB6
:10B5F000002900D0012120302091807D002809D031
:10B6000000201F90002907D009E00000A0030020BF
:10B610006C0400000120F4E71F98002894D15748DB
:10B6200001681120800108180675467511980028D8
:10B630004BD0FF2E0BD00898002808D04F48016847
:10B64000112080010818807DB04200D001241D988F
:10B6500000280BD0FF2E09D0484801681120800136
:10B660000818807EB04201D0012447E0002C45D16B
:10B67000159800282BD0012D29D14048029A006846
:10B68000C11DF9310B699A4205D1039A4969120229
:10B6900009028A421BD0112189014118497E1A9C56
:10B6A000FF2912D1FF30072202A90930FEF7ABFFB4
:10B6B0003248EF23016808464030C2791A40C2710F
:10B6C00011220020920189184876002C16D11C986E
:10B6D000002813D00C98FF2E07D000280ED037205A
:10B6E000219970434018807806E0002806D07868D9
:10B6F00001023868FFF72CFD0028B5D00F9800280C
:10B700002AD00D983968884203D110987968884208
:10B7100022D01198002807D1184801682320400141
:10B720000818007A002800D00120FF2E02D02099AE
:10B73000002907D000221F99002905D00021052DDE
:10B7400017D103E00122F6E70121F8E7002810D025
:10B75000002A0ED000290CD0002C0AD11298002803
:10B760000AD002990998884203D103990A9888421D
:10B7700002D0012023B0F0BD0020FBE7A003002091
:10B7800010B5FFF7F3FC10BDF8B5FBF709FF434C0C
:10B79000074621680A468031886FCB6F381A18181F
:10B7A000C8674B6F000B984236D30020E032C86761
:10B7B0005074107C00282BD00025232676010BE046
:10B7C0003721694308180146FF31FF3040313030DE
:10B7D00000F01CF96D1CEDB220688119097AA942AC
:10B7E000EED800250BE03721694308180146FF31E8
:10B7F000FF3047311F3000F009F96D1CEDB22068B1
:10B800008119097AA942EED8216801208919887125
:10B8100021680120E03148742068F8210F5072B689
:10B8200001464031CA7910231A43CA7162B60146F3
:10B83000E0310A7C002A24D0897CFF25002906D12A
:10B84000FF30013000F030F82068E03085741126B8
:10B850002168B6018819407EFF2813D03722504353
:10B860004018FF30FF3100223030093100F0B4F8C9
:10B87000002808D0216800208919C875206880191F
:10B8800045760020F8BD206801218219FF30D1756E
:10B89000013081680161C1684161EFE7A0030020C8
:10B8A00010B5FFF771FF10BDF3B505468DB0FF2051
:10B8B000454C03904549206847189D21C900401810
:10B8C000049029460220FFF739FBFF284AD10020C7
:10B8D00005902320216840010918097A002931D9EF
:10B8E000F8793721484321682A79461838490E9B50
:10B8F0000A706A7930464A70FF30AA791F308A7020
:10B9000006AA061FFDF748F90322691C06A8FEF7E0
:10B9100076FE002829D0307D012806D1072239463D
:10B920002846FEF76CFE00281FD005980837401CFB
:10B93000C0B205902320216840010818017A0598BB
:10B940008142CDD821680020E03148742946022088
:10B95000FFF73AF922680121E0325174FF2801D043
:10B96000FE20039003980FB0F0BD05980390216866
:10B970000020E031487471780120FFF733FA15494F
:10B980002068411809780F290CD19D23DB0078220B
:10B99000FF21C018FEF73BFE27222168002052013C
:10B9A0008918087129460120FFF70EF97070C2004E
:10B9B0000498F9791018C17121680120E0314874A8
:10B9C0000398FF28BED0CDE7A00300206C04000040
:10B9D00098090020E404000010B50C460B790A49D0
:10B9E00084B00B7063794B70A3798B7013466A46F1
:10B9F000FDF7D2F80322611C6846FEF700FE00281E
:10BA000000D0012004B010BD98090020F3B589B022
:10BA10000D46FBF7C6FE8002800A01218905084316
:10BA200000226B461024114601E0032A04D2D700FD
:10BA30000646FE401E7000E01970521C5B1C641E1E
:10BA40002406240EF1D1002304AA69460998FDF7C3
:10BA5000A3F803226946281DFEF7D5FD032204A999
:10BA6000681CFEF7D0FD012028700BB0F0BD10B5AA
:10BA7000FFF7CCFF10BD0000FFB55C499646096892
:10BA80005B4A8DB08D18392252018A18944652793A
:10BA90001127169B04920C46BF010020179E9206A8
:10BAA000A034CF190833002A0FDA6246D279520740
:10BAB0000BD50D9A012A08D97246012A05D10E9A92
:10BAC000002A02D0FA7D002A0BD0F022525C012A13
:10BAD00023D13F7DFF2F20D02079C00732D0002412
:10BAE00031E03A7D0120FF2A19D06F4649C737203F
:10BAF00042435018FF300130807EC00041183D485D
:10BB00000B182079C00701D0002000E01020A121EF
:10BB100008437146109A10E0012011B0F0BD69464B
:10BB200049C12079C00701D0002000E01020A121E8
:10BB3000169B0843012271469B1C07F0DBF9002885
:10BB400050D1E9E71024A1200443704607901098D3
:10BB50000990372047437818FF300130807E0593E5
:10BB6000C000421823480B961018089018980290AD
:10BB7000032213301043401C8308E00603D507223C
:10BB8000BF20044007E004988006C5D56046807950
:10BB90008007C1D505222007800E40180121C90267
:10BBA0004018C06C214603F0B7FE06001AD0079873
:10BBB0003071099870713546371D18350622B01D51
:10BBC0000899FEF720FD02983872FD602846029A17
:10BBD0000599FEF718FD0B9838743146204603F09E
:10BBE00087FE99E7296A0020087095E7A0030020E6
:10BBF0003C0900006D040000FEB508AF70CF6F4631
:10BC000070C7FFF739FFFEBDFFB595B000257C4832
:10BC10000295039500880E4679494007C00D0C3106
:10BC20004018C1890120400709184988FF230C18D2
:10BC3000744837210268112080011018407D1B33A1
:10BC4000414389185B5C0793E3799B09012B04D17D
:10BC500023785B0601D5012700E0002723235B0141
:10BC6000D2185279012A17D9FF2815D01598002823
:10BC700004D0607B8009012805D00DE00622FF3149
:10BC800002A8413106E02078000605D521460622AB
:10BC9000083102A8FEF7B7FC002F35D017983C28D2
:10BCA00000D105AE574F1120396880010818407D3A
:10BCB000FF2824D00622A11C6846FEF7A4FC0798A2
:10BCC0005149C50038680622281841183046FEF749
:10BCD0009AFC386823212A1849015118097B372218
:10BCE000891CB171112189014118497D51430818FE
:10BCF000FF300622A11C4830FEF785FC06E0062234
:10BD0000A11C3046FEF77FFC009501953D48A4211B
:10BD10000068095CC90701D0002700E010271799C7
:10BD20000C9118990B9115990991716808230902D2
:10BD3000090E0A9102A90791694606911E9913916D
:10BD40001F991291209980370903090C11912199AB
:10BD5000C9B20F91F90603D50B22BF210F4009E0AC
:10BD60003921490141184A79920635D5C97989079F
:10BD700032D509223907890E08180121C902401855
:10BD8000C06C394603F0C8FD040025D00C99217120
:10BD90000B99E180099921720A99251D6172062289
:10BDA0003146A81DFEF72FFC284606220C300799C5
:10BDB000FEF729FC2846062212300699FEF723FCDE
:10BDC00013992983129969831199A9830F99A977E6
:10BDD0002146384603F08CFD179800280ED1706874
:10BDE0000A4CC003C10F20680622816331463930F6
:10BDF000FEF709FC20683830FDF752FD19B0F0BDA0
:10BE0000C0000020A00300206D040000600300209B
:10BE1000F0B585B00AACF0CC03976F4670C7FFF75A
:10BE2000F3FE05B0F0BD704710B5121D806892B2E8
:10BE3000FEF78AFE10BD10B5121D806892B2FEF7A3
:10BE400083FE10BD10B5121D806892B2FEF77CFE15
:10BE500010BD0000F0B506465A480C4600685A4925
:10BE60008DB04718E0881546052804D213460022F5
:10BE700016210420A2E0A168022208A80D31FEF7D5
:10BE8000C2FB6846008C002873D0FAF743F8010023
:10BE90006FD068460A8D008C824204D1024616217A
:10BEA0002B4603208AE001AAFBF756FA002860D14E
:10BEB000308802220005000D0199F6F712FA0028D9
:10BEC00004D069460A8C2B46162177E0384630307C
:10BED0002146009004F0D0FA012844D00198203087
:10BEE0008079800746D53069810343D4C00141D4AD
:10BEF000A168022209A80F31FEF785FB01213069F4
:10BF00004904084330610220079030880690019868
:10BF10000321878B6846868CA0790A94401FC5B29E
:10BF2000E81D0843401C83082648022100688C0253
:10BF3000083000193522C06C03F0EEFC04000FD06D
:10BF40000698A080E7802681A57223462A4609210B
:10BF50000B330A98FEF736FD2146079803F0C8FC1C
:10BF600069200DB0F0BD6846028C16212B460920D1
:10BF700024E01EE0E28800212846FFF75CFF00284D
:10BF800001D04520EDE738462146243004F0BFFAC1
:10BF900021462846FEF7DAFC2146009804F09AFA7A
:10BFA000A86817210173E888002802D0E88067207C
:10BFB000D7E76846028C2B4616210120F5F7D8FFFB
:10BFC0000020CEE7A003002064070000F0B57B4905
:10BFD0007B4A096885B08E18012806D03046183093
:10BFE000009004F047FA0446E5E030462430039020
:10BFF00004F040FA0546BAE0A8682F68007B02907A
:10C00000A888F8F753FA040073D021882022002072
:10C01000FEF720FD019000286CD0E88861888842F6
:10C0200004D900220420019B029920E046200090C0
:10C0300002980E284ED00ADC801E030002F0DFFFBB
:10C040000B1C13221329132F133813411300162826
:10C050005AD004DC102846D0122804D14BE018280E
:10C060005BD01D2872D000220620019B0299F5F7B3
:10C070007FFF002000905CE029462046019AF7F7F8
:10C0800081FF4FE02A4621463046019BF8F72CFA03
:10C0900048E029462046019AF8F710F942E0206965
:10C0A000000353D429462046019A00F005FC39E0EC
:10C0B000206900034AD429462046019A00F030FE48
:10C0C00030E02069000341D429462046019A00F05F
:10C0D0004EFA27E02069000338D429462046019A09
:10C0E00000F054FD1EE029462046019A00F0F2FAC5
:10C0F00018E033E03EE02069800327D4294620463B
:10C10000019A02F017FE0DE0206980031ED4294633
:10C110002046019AFFF79EFE04E029462046019A38
:10C12000F7F78AFF0090452810D069280ED04628DE
:10C130000CD0012120690906884320610198F9F794
:10C1400019F80098002809D010E0FFE700210198B5
:10C15000FEF7DCFC009845280CD0F2E7294603984E
:10C1600004F0D5F901212846FEF7D0FC3D46002D0C
:10C1700000D041E705B0F0BDA0682668077BA08825
:10C18000F8F794F905000DD0522F01D0D22F06D127
:10C19000286940030ED42146284602F035FD28695F
:10C1A000400307D42146009804F0B1F9012120464C
:10C1B000FEF7ACFC3446002CDED1DBE7A003002008
:10C1C00064070000F0B55848584A016885B08A18DD
:10C1D00004920922120289180027CD6E95E07E0193
:10C1E000A85B00287BD070190090C06900284BD054
:10C1F00000990969CA0532D54A0530D580680124FD
:10C20000A402007BA143009A1D28116139D01B288C
:10C2100037D0009A927B824202D0012802D030E0CF
:10C22000012806D10098C0698068407B401C82428A
:10C2300069D1C80509D5A95B022002F0CBF80098A6
:10C24000FF220169013291430161009881698847A9
:10C25000452816D1009801692143016111E00121AF
:10C26000FEF754FC00980021C16100980122016989
:10C27000920291430161022211464220009B04F088
:10C2800047F8A85B00283ED004982430019004F0C1
:10C29000F1F8044635E020680390A068AB5B017BB1
:10C2A000A0881A05120D904201D11D2904D0904298
:10C2B00026D11B2932D023E000990969CA040FD482
:10C2C00001221203009811430161A95B032002F0CF
:10C2D0006FF8A95B2246022003F070FE08E012E02E
:10C2E0006946088102AB02220321422004F010F8C3
:10C2F0002146019804F00BF901212046FEF706FCC7
:10C30000039C002CC7D17F1CFFB207480068A030F7
:10C31000007BB84200D962E705B0F0BD224619465D
:10C32000022003F09BFEE3E7A00300206407000067
:10C33000F8B50926F60631687A487B4A81601368A9
:10C340007A4A9D180022027042708261C2610271B5
:10C3500042718271764A1288F4145207520F827029
:10C360001C196027A46E5743E719724C92011219E9
:10C37000C7600261BA78C27057077F0F8803800FC9
:10C380007ED16B4A188E50806B48664C01409013EA
:10C39000814204D102F036F9A0683060F8BDFBF7A5
:10C3A000D1FA002807D160480088503081B20120BE
:10C3B00000040818F0605C49002009684031C87129
:10C3C000E168C8735D49B80008588047A068002834
:10C3D00006DAFBF7B7FA002802D1A07809F0A8FE28
:10C3E000012F04D0022F19D0052F17D03FE0A068ED
:10C3F000C0013CD5FBF7A6FA002838D1A06840035D
:10C40000287E05D4022832D06079002809D02EE099
:10C41000022806D0A079012803D028E0207801283E
:10C4200025D148484649016023214160642168467E
:10C4300001706A461078401E1070F068C00302D583
:10C4400010780028F5D110783E4882B2012000040F
:10C450001018F0606846017069460878401E087040
:10C46000F068C00302D508780028F5D10878206963
:10C4700000902946A369E268E06908F069F900E0E4
:10C4800033E029462369E268E06908F093FD2078EB
:10C4900001282AD1E068006A002826D00068002818
:10C4A00023D00027C17C0568C9091CD0E268116A45
:10C4B000814208D10B6813620F60E1680A6A002AA2
:10C4C0000ED14F620CE00A68824203D01146126816
:10C4D0008242FBD10D60E268536A834200D151620F
:10C4E0000021FEF713FB2800DCD10E4C208900044C
:10C4F00001D502F087F8A2681349D00306D50A488F
:10C50000022400684018836B23438363900306D59D
:10C510000548042300684018816B19438163326029
:10C52000F8BD000054030020A003002058080000BC
:10C53000C0000020CC0000200080FBFF7C03002016
:10C5400002230102740300200008000002F064FDD1
:10C55000012805D0044880F3088809F03FFBFEE776
:10C56000F3F7FEFDFBE7000000600020704770B5A8
:10C570000546C88888B00C461646052804D01346E0
:10C5800000220C2104201FE0A168022204A80D3122
:10C59000FEF739F86846028A002A13D0A168022201
:10C5A00002A80F31FEF72FF86846008AF9F7B2FCAF
:10C5B000010076D068460A8D008A824207D1334650
:10C5C000024620E033466FE0F5F7D2FC66E06A46AB
:10C5D000FAF7C2FE002864D1288801220005000D68
:10C5E0000099F5F77EFE002804D069460A8A334692
:10C5F0000C21E9E700986A88C18BD31E994205D8BF
:10C600006846028A33460C210B20DDE76B461B8906
:10C61000994205D26846028A0C2133460720D3E7A7
:10C620002621095C49070ED529690C030BD4012288
:10C63000D20411432961828B2988022003F0CAFDAC
:10C64000692008B070BD00213046FFF7F4FB0028D8
:10C6500001D04520F5E7B0680D2101732946009807
:10C66000F7F704FE014600986A46C38B12899B1AAD
:10C670009CB26B885B1E9BB29C4200D31C468369B4
:10C68000008C484318188318052122463046FEF7CF
:10C6900091FA641C2004000C03D0F0800020D0E745
:10C6A000FFE76846028A33460C2101208CE7000030
:10C6B000074A064B11685854491C0120800211603A
:10C6C000814201D100201060704700002404002046
:10C6D000D8020020F7B5002092B0054608907348B4
:10C6E0000C460068724916464718E088072806D0AD
:10C6F000152804D0134600221021042045E0A1682B
:10C70000022205A80D31FDF77EFFA168022206A8CE
:10C710000F31FDF778FF6846828A008B824231D85C
:10C72000002A2FD0102263490DA8FDF76CFFE18885
:10C730000CA8019007292BD003461022092120467E
:10C74000FEF740F9022207A808370199FDF75BFFC1
:10C750006846808B0521C902884202D0491C884264
:10C760007ED16846808AF9F7BFFB040079D0129821
:10C77000002142883046FFF75EFB00287ED045202E
:10C7800015B0F0BD334610210120F5F7F1FB7FE035
:10C790001022484909A8FDF736FFA168022211318D
:10C7A0000198FDF730FFCDE76946608D898B88429F
:10C7B00063D1002D0CD1B068112101732C20005DD4
:10C7C000012810D014200890B06808994173022500
:10C7D00012984088401B042857D30898062804D094
:10C7E000142807D051E00620EDE72C20005D012839
:10C7F00004D04AE02C20005D022846D1281D2346A3
:10C8000081B22833022230460493FEF7D3F9AD1CDF
:10C810002046216A2030ADB2814206D0281D636ACD
:10C8200081B2022230461C3304E0281D81B202226C
:10C830003046049BFEF7BEF90898AD1C001F81B27C
:10C840001298ADB24088401B80B2814200D20846A7
:10C850000390281D81B2234608333046039A02E034
:10C8600018E01DE00AE0FEF7A5F90398281885B244
:10C8700012984088401B042807D32468BC4204D087
:10C880006946208D098B88428ED9002D08D0F5800D
:10C89000002075E76846828A10213346084674E70F
:10C8A0006846828A102133460A206EE7A0030020E2
:10C8B00064070000CC960510F7B5FFB093B00746AB
:10C8C0000C46002080A903908883AD48AD490068DC
:10C8D00002264518E088072806D0152804D0002233
:10C8E00008210420949B4CE0A168022285A80D3108
:10C8F000FDF789FEA168022286A80F31FDF783FEAD
:10C9000080A8828A008B824238D8002A36D0102232
:10C910009D498DA8FDF777FEE088072834D089ABC4
:10C92000102209212046FEF74DF83869000337D45C
:10C93000398868460174090A417480A90A8B898A7A
:10C9400089A86C4607C404AC8DAB87AA2846A11CF5
:10C95000F5F7C3FB80A8808B002821D001213A691C
:10C96000C9040A433A614006020E3988A31C02201A
:10C9700003F0F8FB69207FB016B0F0BD082101205C
:10C98000949BF5F7F5FAF2E010227F4989A8FDF7AC
:10C990003AFEA16802228CA81131FDF734FEC4E7EB
:10C9A0007A8800219498FFF746FA002801D04520A4
:10C9B000E1E7083580A88895808AF9F7ABFA050089
:10C9C00090A8019074D0B8E0294602222A3101983B
:10C9D000FDF719FE102289A98DA8FDF710FE002889
:10C9E00006D02846203000902C6A84427ED1A3E0F5
:10C9F0000398002804D0042810D0122806D0AAE0FA
:10CA00002C20405D012806D0122003902C20405D90
:10CA1000022807D09FE00420039003E02C20405D13
:10CA200001287DD1301D81B22B46283302229498F3
:10CA3000FEF7C0F803982B46801E82B2B01D81B26B
:10CA40000833B61C9498FEF7B5F803983018801E8A
:10CA500086B271E080A9A08B898A884268D380A9B8
:10CA6000098B884277D82320005D012808D0204612
:10CA70000830102289A9FDF7C2FD002808D057E030
:10CA80002146022208310198FDF7BDFD8DA8F0E78F
:10CA9000388801220005000D2146F5F722FC039994
:10CAA000002915D1002804D0A28B0821949B68E7A7
:10CAB0005FE0E18BFD2901D9FF2101E0891CC9B2AA
:10CAC00003917988039A891E914201D2C9B20391D8
:10CAD00079888A1B03998A423DDB00283BD1039861
:10CAE000E18B801E0290814235D100E021E0301DB3
:10CAF00081B223461C3302229498FEF75BF8394634
:10CB00002046F7F7B3FB218CA269414302985318E2
:10CB100082B2B01D81B29498FEF74CF8039800E001
:10CB200019E0301886B27888811B0398814212DBA5
:10CB30002468009884428DD12D68889885420AD057
:10CB400080A9288D098B884205D878880399801B95
:10CB5000884200DB38E7022E0BD9949809218068BF
:10CB6000017394980399806841739498C68000205B
:10CB700001E780A8828A08210A20949B01E700002F
:10CB8000A003002064070000CC960510F7B5FFB0A5
:10CB900085B00546002469468C815F485F4900687E
:10CBA00046188598C088411E042902D3C043C00797
:10CBB00004D000220E210420869B44E02869000353
:10CBC0001BD403A8009004AB3046869A8599F5F7EC
:10CBD0004DFA6846808900280FD001222969D204C5
:10CBE00011434006020E2961298804AB022003F09C
:10CBF000B9FA69207FB008B0F0BD6A880021869834
:10CC0000FFF719F9002801D04520F3E78598C0887F
:10CC1000401E87B2012677E0301D81B201AB0222AF
:10CC20008598FDF7CFFE68468088002832D0F9F756
:10CC300071F901002ED068460A8D8088824224D185
:10CC4000002C03D007E0F5F793F963E086980F22F4
:10CC50008068012402736888A04253D02C22525C61
:10CC6000012A05D0001B80B2102806D3102004E052
:10CC7000001B80B2022800D302200090201D0B462A
:10CC800080B208330146009A36E002AAFAF764FB44
:10CC9000002805D0684682880E210120869BD2E7B5
:10CCA000288801220005000D0299F5F71AFB0028DB
:10CCB00004D069468A880E21869BC4E7002C04D1E3
:10CCC00086980F218068012401736888A04219D0DA
:10CCD000029A001BD18B80B2884200D30846009094
:10CCE00029461046F7F7C2FA02998A69098C41432E
:10CCF0005318201D009A81B28698FDF75BFF0098BB
:10CD0000201884B2B61CB6B2BE4285D3002C01D026
:10CD10008698C48000206DE7A0030020640700000F
:10CD2000FEB5044600200290C8881546032804D0AA
:10CD3000134600220A21042026E089680222684660
:10CD40000D31FDF760FC68460088002819D0F9F71E
:10CD5000E1F8010073D068460A8D00880B2705268C
:10CD600082421DD1A86807732C20405C01280ED098
:10CD70000B460833102231462846FDF71BFF1120D1
:10CD800059E02B4602465DE0F5F7F2F854E00B4619
:10CD90000833022231462846FDF70CFF03204AE003
:10CDA00001AAFAF7D9FA002849D120880122000502
:10CDB000000D0199F5F795FA002804D069460A8814
:10CDC0002B460A21E0E701992620405C40070ED55A
:10CDD000206902030BD40122D204104320618A8B04
:10CDE00021880220029B03F0F5F96920FEBD6288CC
:10CDF00000212846FFF71FF8002801D04520FEBD7E
:10CE0000A868214607730198F7F730FA6188491E30
:10CE10008AB20199CC8BA24200D214468A69098C4D
:10CE200041435318314622462846FDF7C3FE641C91
:10CE30002004000C03D0E8800020FEBDFFE7684618
:10CE400002882B460A2101209EE700000FB4F0B5AE
:10CE5000584F13203968C001081897B0C66A0FA848
:10CE6000023000241590703014901BE0304609F019
:10CE700041FC0546FC2809D0FE2D18D0002810D012
:10CE8000FA2017B0F0BC08BC04B018476946304619
:10CE900009F01EFC062215991498FDF7B0FB002836
:10CEA0001BD014362046641CE4B20C28DED318A82C
:10CEB000407C0009E5D00C2C76D972B609F0CEFA88
:10CEC00062B613203968C0010818C66A304609F0F6
:10CED00011FCFE2868D01436F8E7502269461CA8D9
:10CEE000FDF78DFB0028CCD0304609F0D7FB0AE0D7
:10CEF0001436304609F0FEFB0546FC2803D0002D11
:10CF000001D0FE2DBCD12046641CE4B20C2801D215
:10CF1000FE2DEDD118A8C17C6846C0788142C6D1EB
:10CF200018A8407CC0060ED468464078C0060AD5D2
:10CF300002222DA811A9FDF766FB18A9487C102133
:10CF4000084318A9487418A8407C800615D4684680
:10CF50004078800611D523A807A91022023002319B
:10CF6000FDF751FB062215991498FDF74CFB18A903
:10CF7000487C2021084318A9487418A8407C400622
:10CF800095D468464078400691D527A80BA9102271
:10CF900002300231FDF737FB18A9487C40210843D5
:10CFA00018A9487483E7FFE701221CA9304609F05D
:10CFB000ABFB66E7A003002010B50648132100680C
:10CFC000C9014018C06AC001000CF7F715F900202C
:10CFD00010BD0000A0030020F7B521481321006810
:10CFE000C901401898B0C66A002511A814460C273C
:10CFF000149515901CE0304609F07CFBFC2802D00B
:10D0000000281AD113E06946304609F061FB6846F2
:10D010004078C0060BD516AA1999159800F0EEFABB
:10D02000022216A81899FDF7EAFA002808D014364B
:10D0300028466D1CEDB2B842DDD341201BB0F0BDD7
:10D040006946204600F0DAF8054823460068214684
:10D050002A3314AA2031803000F07CF90020EDE75B
:10D06000A0030020F8B5074627480E4600681321A4
:10D07000C9014018C56A1446002E18D0012E06D1E9
:10D080007879010601D5410611D480090FD078794D
:10D09000400637D526461E36284609F02BFBFC28CD
:10D0A00024D0FE282ED000282AD0FA20F8BD204611
:10D0B0003E300090284609F01DFBFC2805D0FE28D4
:10D0C00020D00028F1D11435F4E72146284609F094
:10D0D000FFFA6078C007C00FB042F4D1062239468B
:10D0E0000098FDF78CFA0028E0D0ECE721462846AE
:10D0F00009F0EEFA3146384601F006F80028D5D09E
:10D100001435C9E75C20F8BDA003002070B50C48B9
:10D1100013210068C90140181426C56A0024284656
:10D1200009F0E8FAFC2805D0FE2807D0002803D033
:10D13000FA2070BD641CE4B2AD19F0E7204670BD62
:10D14000A0030020F7B596B017465E2600F09EFDBE
:10D1500004004FD06078C507ED0F1ED0002D05D01C
:10D16000E0798109032918D0800916D0E0794006BA
:10D1700010D5214813210068C901401807AEC56ABF
:10D180000236284609F0B6FAFC280CD0FE2801D059
:10D19000002812D0472019B0F0BD0622A11C14A807
:10D1A000FDF731FA12E06946284609F091FA314656
:10D1B000A01C00F0A9FF002801D01435E1E70FA959
:10D1C000062214A80231FDF71EFA00253B4614A9D9
:10D1D0002846179A01F03AFC06465D280AD172B635
:10D1E00009F03CF962B63B4614A92846179A01F0AB
:10D1F0002DFC06463046CEE7A003002070B504465D
:10D2000001200D46A076C97821776978090603D5F3
:10D21000617F1022114361776A78617F60231A4031
:10D22000114361776978C90602D5A17F0143A177CF
:10D23000E86C6061A86C294620610E3120461022FE
:10D240000E463A30FDF7DFF92946204610221E31FE
:10D250005430FDF7D8F92946204610222E3164308B
:10D26000FDF7D1F929462046022244312030FDF74E
:10D27000CAF920460822A91D4A30FDF7C4F9204604
:10D280000222291D5230FDF7BEF96878800704D5C7
:10D29000208901214903084320816878400704D58B
:10D2A000208901218903084320816878000704D57B
:10D2B00020890121C90308432081A878010706D5E8
:10D2C000E0722046102231462A30FDF79CF9F12009
:10D2D000A07270BD70B594B015460E466C4600F055
:10D2E000D5FC002816D041782246C907C90F801CFA
:10D2F000FFF7B8FE002802D05C2014B070BD68466D
:10D3000040780FA9C007C00F2B463246023109F002
:10D3100057F9F2E74020F0E70D49012289B21204E3
:10D320008A1830B50921C906002804D0CA60C86827
:10D33000C003FCD430BD064B9C789878FB25284070
:10D340009870CA60C868C003FCD49C7030BD0000EF
:10D350001C0000207FB500240094019402940394E3
:10D360000D786C462570497861701178A1705178FC
:10D37000E1701A46694605F003FE7FBD08B50B460D
:10D3800005A2014612680548009200686A462031ED
:10D390008030FFF7DFFF08BD01000000A003002080
:10D3A0001CB507A1096800910346002105480191B9
:10D3B000006801AA69469030FFF7CCFF1CBD000051
:10D3C00001000000A00300207FB5164604461D465C
:10D3D000082202A8FDF717F9082231466846FDF732
:10D3E00012F92A466946204605F0CAFD7FBDF0B510
:10D3F00099B00E461C461746014601232022684676
:10D400001E9D04F0ECFD01232022314608A804F003
:10D41000E6FD10A8047001231022394611A804F07B
:10D42000DEFD15AB11AA41216846F4F79BF90123F3
:10D43000102215A9284604F0D2FD19B0F0BD000055
:10D44000FFB5A3B00F4605461C46382225A1684605
:10D45000309EF4F76FF80123202229460EA804F02D
:10D46000BEFD16AB2D4A20210EA8F4F77BF901A8CA
:10D47000012310223946013004F0B1FD05A8012333
:10D4800010220130259904F0AAFD08A84471012357
:10D490000622801D2C9904F0A2FD08A82D99017385
:10D4A000012306220D302E9904F099FD1AAB16AA1D
:10D4B00035216846F4F756F9012310221AA92F984E
:10D4C00004F08DFD0121684601701EAB16AA3521BE
:10D4D000F4F748F9012310221EA9304604F07FFD1D
:10D4E00027B0F0BD0062746C650000000000000011
:10D4F000000000000000000000000000000000002C
:10D50000000000000000000000000000000000001B
:10D51000000000000000000100000000BC960510A3
:10D52000FFB599B00446012310226846229F259E2C
:10D53000279D04F054FD0123102204A81B9904F038
:10D540004EFD0123102208A81C9904F048FD012378
:10D55000032239460CA804F042FD08A82399C1749F
:10D56000012306220DA8249904F039FD08A8867627
:10D57000012306221B30269904F031FD01231022DD
:10D58000214615A804F02BFD11AB15AA41216846D0
:10D59000F4F7E8F80123102211A9284604F01FFD32
:10D5A0001DB0F0BDF0B59DB00D461E4617460146B4
:10D5B000012320226846229C04F011FD0123202231
:10D5C000294608A804F00BFD01231022314610A8BB
:10D5D00004F005FD01231022394614A804F0FFFCD5
:10D5E00018AB14AA50216846F4F7BCF801230422B2
:10D5F0001BA9204604F0F3FC1DB0F0BDF0B50546B4
:10D6000091B019A000680D9000200E9017481446A4
:10D6100000680E4605AB0EAA0DA99030FFF79AFEE2
:10D6200005A80F906F461022002101A8FCF7EFFF1C
:10D630000822314601A8FCF7E6FF09AA01A90F98C4
:10D6400005F09EFC022209A93846FCF7DCFF68467B
:10D6500000782978484020706846407869784840CA
:10D66000607011B0F0BD000003000000A0030020B6
:10D6700070B50D46462400F009FB00280FD0817AD2
:10D68000B9290DD1C17F04290AD1C17E012D04D051
:10D6900080221143C176002402E04022F9E74024B1
:10D6A000204670BD10B50F4CFF220021206802F00B
:10D6B000F6FE206800218176C1760122427307239D
:10D6C00083731023C3730276017501610273817540
:10D6D000C17519461C30F9F7E7FE00200BF02EFA51
:10D6E00010BD0000A8030020F7B584B0072116463E
:10D6F0000191009100F0CAFA040004D07420005D8A
:10D70000C00724D102E0402007B0F0BDA01C0BF000
:10D71000D5FB00281DD0002E02D0A07B000616D419
:10D72000A27BD00613D4464D2868817D4B0819434F
:10D73000C90702D0817E490709D400210291D1098D
:10D74000C901A173A27A002A08D0F12A03D0462089
:10D75000DAE75920D8E7059AD2071ED0807EC04369
:10D76000800721D0208920220105090D0020FDF726
:10D7700071F907001AD0A020A072E07E2F21084086
:10D78000E0760598800703D5A07B20210843A0738D
:10D790002868002E0CD0417B0EE001200143A173CC
:10D7A000204609F0E3FEAFE73820ADE76420ABE7A1
:10D7B0008030007B4007C10F2868827D53081A43E0
:10D7C000D207C37DD20F007B09F033FA064620460C
:10D7D0000AF04CFE0199009800910190227E334698
:10D7E0000121384609F032FA214638460BF088FB11
:10D7F000002802D04120029086E72968887EC24333
:10D80000920701D0401C8876204654220021203007
:10D81000FCF7FDFE304618210840E072A07EF107BB
:10D8200000D002210843A076E07E7107C90F0843AB
:10D83000E07628688030C672A120A072029863E763
:10D84000A8030020F0B593B00020069072B65F4D9B
:10D85000042128684030C2790A43C27162B60BF0D5
:10D86000BDF800265A4F73E03868C16F7C207043C2
:10D870000C186BD02089002868D0617BC9075FD065
:10D880000005000D21462A310190102211910CA8AB
:10D89000FCF7B9FE07A9204609F0B6FB00283CD0EA
:10D8A000019805F0BAFB0B90207B80070CD0019803
:10D8B0000AF02EFD0246474B0021012000F05CFBE0
:10D8C000207B00090001207302200490019803903E
:10D8D000032002903921286849014118897B0123DE
:10D8E000890712D5D902083040181322C06C0221D2
:10D8F00002F012F8010008D0039A8A80029A0023ED
:10D900008A71CB71049801F0F3FF0B983A280AD082
:10D91000607B40084000607312E007A9019805F0A1
:10D9200075FB0B90F1E710220CA91198FCF76BFE28
:10D9300072B62868FB224030C1791140C17162B6CD
:10D94000A07A002802D0204609F004FA761CF6B22C
:10D950002868A030007BB04286D830E006A938683D
:10D9600002F0F7FD0698808800F090F9010022D0BF
:10D9700006988268127B052A05D08B7A102B05D970
:10D98000F12B03D00BE00AF009FE14E074235B5C7A
:10D99000DB0702D0012A0ED101E00B2A0BD10AF0DD
:10D9A00083FC002807D0FD2805D00699386802F0CE
:10D9B0007EFD13B0F0BD01210698FDF7A7F8386889
:10D9C00002F09EFD0028C9D0F3E70000A00300206C
:10D9D000A8030020307500007CB508380E4EC4B294
:10D9E00030687C21C06F4C4305192889002301054C
:10D9F000090D0122022002F0E1F80220694600959B
:10DA0000087168460BF098FA30687C22C06F0021DC
:10DA10000019FCF7FCFD7CBDA803002010B50C46E6
:10DA200000F034F9002804D0C17F022903D0462039
:10DA300010BD402010BD0449102209680C61C17E50
:10DA40001143C176002010BDA8030020F8B5074699
:10DA50000D460026888800F019F9040064D0012FD3
:10DA600002D0002F09D062E0E88841285ED8334810
:10DA70002946006802F02EFD5DE0A868007B0628BC
:10DA80000BD0D52107280AD0082819D0092819D089
:10DA90000A281CD00B281ED049E0D22006E0A07A2C
:10DAA000DD2844D1A07F820702D5D320A0723EE0BA
:10DAB000400701D5A1723AE0204609F025FB36E087
:10DAC000D420F3E7A07ADD2831D1A07FF0E7A07A57
:10DAD000DD28F1D02BE0207B8107890F012926D199
:10DAE0008843022108432073154839210068490101
:10DAF0004118897B4227C9060ED50121C902083089
:10DB000040181622C06C0023394601F005FF0100C1
:10DB100002D0384601F0ECFEA07AF12807D1207B34
:10DB200004210843207302E0012F00D10126314671
:10DB30002846FCF7EBFF0020F8BD0000A8030020FA
:10DB4000A003002010B50C4600F0A0F8002807D074
:10DB5000817A002904D0007FA04201D3002010BDAB
:10DB60005F2010BD10B594B0044600F08FF8002877
:10DB70001AD041786A46C907C90F801CFFF772FAAC
:10DB800000280DD0204600F081F800280CD0817AC2
:10DB9000F12907D1807EC10704D0800702D500207B
:10DBA00014B010BD5E20FBE74020F9E7FFB59C46AE
:10DBB000224B00241B6820490646A03381B027462B
:10DBC000204609681D7B08E07C23CC6F4343E418A2
:10DBD0002389002B0DD0401CC0B28542F4D8854269
:10DBE00027D0002F25D003202070002A03D0012049
:10DBF00002E00127F3E70020607006226146A01CC6
:10DC0000FCF701FD26811020A072204660300299A9
:10DC100001750B994175062216300A99FCF7F3FC41
:10DC20002046042200210C30FCF7F1FC0020C04308
:10DC3000606105B0F0BD0000A8030020A003002033
:10DC400010B5412400F022F8002805D06030017D95
:10DC50008022114301750024204610BD10B5002418
:10DC600000F014F800280ED00089C10407D5012463
:10DC7000810401D5032402E0410400D505240004F9
:10DC800001D408200443204610BD000070B50028D0
:10DC90001BD003050F48002100680D4A1B0DA03062
:10DCA0001268047B0FE008467C267043D56F08306D
:10DCB000285A0005000D984203D17C225143681870
:10DCC00070BD491CC9B28C42EDD8002070BD000067
:10DCD000A8030020A00300201CB5FFF7D7FF040015
:10DCE00016D020890AF014FB02460A4B00210120BD
:10DCF00000F042F920890005000D0AF02BFB0220FC
:10DD000069460094087168460BF016F9FE20A0726F
:10DD10001CBD000030750000F8B507460E46002512
:10DD20001046FFF7B3FF040071D0002E0BD12089FD
:10DD30000121090308432081E17F02290DD0032935
:10DD40000BD0042909D020890105090D002E10D01F
:10DD50007420005DC00723D03DE0E17A090702D5B9
:10DD60000121890301E001214903084301052081C4
:10DD7000090DA07ABC2806D0AD2806D0AE2806D062
:10DD8000F12807D037E0BF2002E0AF2000E0F0200C
:10DD9000A07230E0032F2ED100231A46422028E043
:10DDA000A07AF12817D12648392100684901411885
:10DDB000897B422589060ED50121C9020830401809
:10DDC0001722C06C0023294601F0A6FD010002D0F5
:10DDD000284601F08DFD00200125A072032F0AD1F5
:10DDE0000522062E00D10422208900230105090DF9
:10DDF000022001F0E3FE7420005DC00708D0207B04
:10DE0000810700D001250009000120730CE016E015
:10DE1000A07BC10608D5EF210840A073010603D5F9
:10DE20004006400EA07301E0002D08D020890AF0C2
:10DE30006FFA0246034B0021012000F09DF8F8BD67
:10DE4000A003002030750000F0B585B00E460746EF
:10DE50001C46154602A804A9FAF7E6FE6946097CA5
:10DE600002A80191009023462A4631463846FFF722
:10DE70009DFE05B0F0BDFFB585B015460E461C46AB
:10DE8000062202A80F9F0E99FCF7BDFB02A8F9F726
:10DE90004DFD002806D0012069460874A80706D564
:10DEA0003B4605E002A804A9FAF7BEFEF6E72346C2
:10DEB0006946097C02A8019100902A4631460598DE
:10DEC000FFF774FE09B0F0BD70B515460E46FFF7BA
:10DED000DDFE040013D0607B012108436073A07A4B
:10DEE000BC280CD0E07A000709D42046082231462D
:10DEF0002A30FCF788FB32342570280A607070BD28
:10DF0000F8B51B4EC0003168054680310A68083DEF
:10DF1000515D40234906490E5155326819438032FC
:10DF2000126800245155851F124F1AE03068802175
:10DF30000958C26F20467C2358430090801C10185B
:10DF400049190622FCF75BFB002808D13068C16F35
:10DF500000980818817AFB2901D110218172641C74
:10DF6000E4B23868A030007BA042DFD8F8BD0000E2
:10DF7000A8030020A00300207FB50024002902D0C0
:10DF8000012902D002E0082500E00025A9186A4610
:10DF900011730293012809D000280AD1104600F01D
:10DFA0002FFC684600F0E0FB044602E0104600F05B
:10DFB00027FC204604B070BD70B5054600242046FD
:10DFC0000AF0C0FD002801D0462404E0012D02D152
:10DFD00001200AF0B3FD204670BD000070B5054673
:10DFE0000AF002FA002801D0462407E00448002481
:10DFF00000680C2229460C30FCF705FB204670BD5A
:10E00000A803002030B50C4A002113680B4A12689F
:10E01000A032147B0AE07C224A43DD6F0832AA5A00
:10E02000002A01D0462030BD491CC9B28C42F2D82A
:10E030001876002030BD0000A8030020A0030020B7
:10E04000F0B58BB00F46CE88FFF720FE050032D02A
:10E0500007A90AF09BF9002802D05A200BB0F0BDA6
:10E06000083EB1B26B460C223846FCF7ABFC684662
:10E070000178407802026846807803046846C078D8
:10E0800004061C43144368690C43411C01D0A042A0
:10E090000CD2F2B203AB394607A808F0F7FC08220D
:10E0A00005A901A8FCF7ABFA002801D00520D5E7A7
:10E0B00000206C61D2E74020D0E710B586B004465E
:10E0C00001A8FFF76DF9F9F74FFB69468870000A60
:10E0D0004870F9F749FB6946087088784021400686
:10E0E000400E08436946887005AA01A808F031FD72
:10E0F000032205A92046FCF786FA03226946E01CA4
:10E10000FCF781FA06B010BD38B50B460446C11CB9
:10E110006A46184608F01DFD032221466846FCF7B2
:10E120006EFA002800D0412038BD704770470000CB
:10E1300010B505490860E120400200F027F80120F1
:10E1400000F074F810BD0000E002002070B50D462C
:10E150000646002404E0305DFEF7AAFA641CA4B26F
:10E16000AC42F8D370BD10B5802000F095FB0028BC
:10E1700001D0002010BD012010BD10B5082000F016
:10E180008BFB012800D0002010BD000030B50546F3
:10E1900085B00121092000F07FF900F057F81F49F0
:10E1A000800040188038C06F039000F04FF81C4981
:10E1B000800040188038C06F6946087400248C7451
:10E1C0004C7403A8F7F712F800F040F815498000E6
:10E1D00040188038C06F039000F038F81249800072
:10E1E00040188038C06F6946087403A8F6F7FEFF30
:10E1F000032069460095087148718C71CC714C728E
:10E20000087201208872684600F062FB002000F06E
:10E21000FBFB012000F032FB05B030BD749405100B
:10E22000789405107C9405108094051038B5044648
:10E23000042069460870032048708C706846FCF71B
:10E2400077F92146102000F037FB38BD01480078EF
:10E2500070470000E8020020014901200870704763
:10E26000E802002010B50446202000F015FB01282C
:10E27000FAD0204600F0D4FB10BD0000F0B5944663
:10E2800000220A806346104C1A60092322681B0290
:10E290008646D2184120D26E00230FE05D01AD18F2
:10E2A0002F697646374207D06F880E88B74203D968
:10E2B0000F806046056000205B1CDBB22568A0353E
:10E2C0002D7B9D42EAD8F0BDA00300207CB50C4612
:10E2D00005466A4601A9FFF7D1FF002801D0412079
:10E2E0007CBD6846E1888088814200D9E080009842
:10E2F0000088A0802046F6F73DFF0098012D07D04A
:10E3000001690822114302229143016100207CBD72
:10E31000016949084900F8E730B5EFF3108172B69A
:10E320000922D2061269FF25821A120214120C4A1F
:10E3300091351368AC4208DC0122120690431A465C
:10E340004032D479DF252C40D471C2010724D20990
:10E3500024021B19DA65034A906081F3108830BDEE
:10E36000A0030020400000480020104903E00A5CA0
:10E37000401C1018C0B20A5C002AF8D1C21C202A26
:10E3800012D202220A5421220818427008218170F8
:10E390000021C170012180B2090441180920C00682
:10E3A000C160C168C903FCD4704700002408002084
:10E3B0001FB50446064802900846F7F7CFFD8000D7
:10E3C0000019694611300873684600F0CDF91FBD89
:10E3D000307500001FB504460846F7F7BFFD800002
:10E3E0000019694611300873684600F009FA1FBD2C
:10E3F00002480168491C016070470000CC020020FF
:10E400002248027A224801890020002A08D0022AE4
:10E4100037D0042A37D0082A01D104210843704795
:10E4200009228A4300D1202011228A4301D14022AF
:10E43000104321228A4301D18022104341228A4382
:10E4400002D1FF220132104381228A4302D10122EC
:10E4500052021043FF2202328A4302D10122920269
:10E4600010430C4A8A4302D10122D20210430522F2
:10E470008A4301D110221043C9438907CFD1082113
:10E48000CCE70121CAE70221C8E700000000904064
:10E490000000104801040000044A0129116A02D05A
:10E4A0008143116270470143FBE700000000904088
:10E4B00010B5FFF79DFF10BD10B52A4908208880D0
:10E4C0000321481FFCF778F80321081FFCF774F8B4
:10E4D00003210020FCF770F803210120FCF76CF801
:10E4E00003210420FCF768F803210520FCF764F8F9
:10E4F00000210620FCF760F803210720FCF75CF8F8
:10E5000003210D20FCF758F803210E20FCF754F8E6
:10E5100003210F20FCF750F803211120FCF74CF8E1
:10E5200003211220FCF748F803211320FCF744F8DC
:10E5300003211420FCF740F803211520FCF73CF8D8
:10E5400003211620FCF738F803211720FCF734F8D4
:10E5500001210846F5F74CFA04490348086262B6FF
:10E5600010BD00000000104066000E00000090404A
:10E57000044904220028086901D0104300E09043B8
:10E580000861704700ED00E010B5030000F037FDB2
:10E590003A332D2D2D1E2130332A2A2A2A2A2A2ABF
:10E5A0002A2A24242424242424242424242424241F
:10E5B000242424242424242424242424242424241B
:10E5C000242424272727272727272733F6F7B6FAD7
:10E5D00010BDF6F7F1FB10BDF6F7FAFD10BDF9F727
:10E5E00017FC10BDFFF7F8F910BDFFF789FC10BD4F
:10E5F000F6F746F910BD3A38C0B20428FAD2F8F757
:10E60000D8FF10BD0348DF2200684030C1791140B7
:10E61000C1717047A003002070B50B481D21006830
:10E62000890144182646646008362460E6600025A7
:10E63000A6602069290141183046FBF7F9F96D1CE5
:10E64000EDB20B2DF5D370BDA0030020F0B5002670
:10E6500093B0701E0E9042481D2100688901441835
:10E660000920C0060069374605022D0A72B6A06966
:10E670002146281A0002000A22310AF0AFFD616922
:10E68000A56140186061364800684030C1798A064B
:10E6900063D420221143C17162B6256814E0A868D2
:10E6A0006169401A00280ADCBA0001A8761C85506E
:10E6B0007F1CF6B2FFB2287BFFF766FF03E00E99DE
:10E6C000884200D20E902D68A542E8D1204608303D
:10E6D00000250C901830129018E0AF0001A8761EAB
:10E6E000C159F6B22046FBF7C2F901A8C1590C98EE
:10E6F000FBF79EF901A8C059007B3A2804D2129872
:10E7000012990078401E08706D1CEDB2002EE4D105
:10E710002068A04217D03D256D0428460AF056FD1A
:10E7200001460E98814201D8284601E007F046FADA
:10E73000A169081800020121000A09064018FFF724
:10E74000EBFD13B0F0BD72B6002005490722096841
:10E7500012028918C8650349886062B6F1E70000B3
:10E76000A00300204000004810B504460920C00660
:10E7700000690002000A00F06FF8A168F8F7F8FEDF
:10E78000A060204600F002F810BD0000F8B51B4D57
:10E7900006461D21286889014418317B481E3E2801
:10E7A00001D34220F8BD2046A2680830824205D03D
:10E7B0003A2905D22021095D072901D36420F8BD3B
:10E7C0006946FBF747F9102231460098FBF71BFF1B
:10E7D00020460099FBF72CF90098007B3A2803D2D9
:10E7E00020342078401C207072B62868DF22403028
:10E7F000C1791140C17162B60020F8BDA0030020AC
:10E8000070B5144E1D22316892018D182C681DE0E0
:10E81000017B227B914218D121462846FBF727F93C
:10E82000284621460830FBF703F9207B3A2803D21B
:10E8300020352878401E287072B63068DF224030BC
:10E84000C1791140C17162B670BD2468AC42DFD19C
:10E8500070BD0000A003002010B507491D22096803
:10E8600092018C18A169401A0002000A0AF0AEFC5D
:10E870006169081810BD0000A003002005490028A8
:10E88000086B02D00122104301E0400840000863F9
:10E8900070470000000030400549002801DA49684F
:10E8A00000E0098B014201D0012070470020704731
:10E8B0000000304070470000044A0029118B01D04D
:10E8C000014300E081431183704700002000304085
:10E8D00070B54B4D0446286B4A4A0107206801D4A5
:10E8E000010100E0C1001046F2F7FAFD01464002C6
:10E8F000020C434820308280D201891A0126C903C4
:10E90000F6038919090C3F2902D9491C8906890E89
:10E910000172027B23799F219B070A405B0E1A43F9
:10E9200002732A7F0A4061798907490E0A432A77D0
:10E93000017BA279F723D2071940120F114301730B
:10E94000297FA2791940D207120F11432977E17963
:10E95000002943D002220229017B44D011430173D4
:10E96000037B04210B4303732B7F13432B772A7FF5
:10E970000A432A77296B012252029143227AD20755
:10E98000920D11432963296BFF2201329143227AB0
:10E990009207D20F120211432963296B01229203BD
:10E9A0009143627AD207520C11432963296B627A30
:10E9B000B1439207D20FD20311432963027BA37A9A
:10E9C000EF21DB070A40DB0E1A430273287F084061
:10E9D000A17AC907C90E0843287770BD027BFD21C3
:10E9E0000A40027308E011430173037BFB210B40D3
:10E9F00003732B7F13432B772A7F0A40B9E700006C
:10EA0000000030400000127A044A117DC7234007FD
:10EA10001940800E014311757047000020003040FE
:10EA2000C0050249C00D088070470000000030405A
:10EA3000704789084143880A401C70474143080ACF
:10EA4000292109014843C00A401C7047FFB585B021
:10EA50000D4607F017FE044600270C20029060E0E8
:10EA6000204607F047FE0646FE2861D0FC2E04D063
:10EA7000002E02D0FA2009B0F0BD204607F01EFE9D
:10EA800084465F49A000401800686A46030A137074
:10EA9000030C5370000E9070641CA00040180068B6
:10EAA000D070030A1371000C5071641CA000401850
:10EAB00000680390FC2E0AD105998C4506D10622E8
:10EAC00029466846FBF79BFD002804D00398800880
:10EAD0000419641C25E007990398884219D106227D
:10EAE000FF216846FBF793FD002635E0641C44488F
:10EAF000A10008180168684604F086FB0898042203
:10EB000080196946FBF77BFD002824D0B008241A41
:10EB1000641EA41E204607F0C1FD03988008041956
:10EB2000E41C384602997F1C884299D38F4210D842
:10EB3000344801681320C0010818026BC16A406B99
:10EB40008918401E091807980C3080080019814266
:10EB500006D25D208FE7361D03988642C6D34DE06E
:10EB600005986946C007C00F001F087028784870D4
:10EB700068788870A878C870009900060902090AA8
:10EB800001432046F5F7B4FD002831D1E978684605
:10EB900001702979417069798170FF21C1700098F5
:10EBA000641C0102FF20090A000601432046F5F714
:10EBB0009FFD00281CD1641C20460799F5F798FD9D
:10EBC000002815D1079800258107890F0E18641CAD
:10EBD00012E0089840190746F2F7ECFC0102F878B9
:10EBE000090A000601432046F5F782FD002801D0FE
:10EBF000FB2040E7641C2D1DB542EAD300203AE714
:10EC000000000410A0030020F0B5044688680F46F9
:10EC10000146007B083185B0522810D00F25082608
:10EC2000F888A8425CD3022203A8491DFBF7EBFC3D
:10EC300068468089002853D0082E03D00DE00325B4
:10EC40000426EDE72069400107D4208839460005F5
:10EC5000000DFFF7F5F9002842D10121206989064E
:10EC60008843206168468089F7F754F9010037D05E
:10EC700068460A8D8089824232D002AAF8F76CFB7E
:10EC800000282DD1208832460005000D0299F4F7A6
:10EC9000A6FB002824D1F888401B85B202980146C3
:10ECA00020310A468978002902D0012902D004E0E7
:10ECB000C18B00E0018CA94212D39179890711D54B
:10ECC00021694A030ED40122920411432161E9B261
:10ECD00001970091828B21880323022001F0C4FA5E
:10ECE00005B0F0BD2146F5F7C1FA064602982A465E
:10ECF0008169008C70430B1807213846FBF762FED0
:10ED00000298014620318A78012A00D1C583897989
:10ED1000C907E5D0018C8269714351180022009225
:10ED20000191C38B828B20880105090D022001F01F
:10ED300071F8D5E7F0B50446C88887B00F46164687
:10ED4000032804D2134600221221042016E0B968D9
:10ED5000022205A80D31FBF756FC6846808A002880
:10ED600014D0F7F7D7F8010010D068460A8D808AD2
:10ED7000824206D10246334612210320F3F7F8F807
:10ED800074E002AAF8F7E8FA002805D06846828AFB
:10ED9000122133460120F1E7208802220005000DF0
:10EDA0000299F3F79EFA002804D069468A8A33460E
:10EDB0001221E3E7F888C01E85B20298014620318F
:10EDC0008A78002A02D0012A02D00AE0C28B00E031
:10EDD000028CAA4205D26846828A122133460D204F
:10EDE000CCE78979890714D521698A0311D4CA012E
:10EDF0000FD40122520411432161E9B2019700911D
:10EE0000828B21880323022001F02EFA692007B0AB
:10EE1000F0BD2146F5F72AFA01900298028C81692B
:10EE2000019842438B182A4607213846FBF7CAFD52
:10EE30000298014620310A468978012900D1C5830C
:10EE4000B16813230B7391790125C9070DD0018C8B
:10EE5000019A836951435918002200920191C38B92
:10EE6000828B2188022000F0D5FFF5800020CEE7BC
:10EE7000F8B506263248402505603248002707804D
:10EE8000A9050920C00641602F4A91600168016010
:10EE90002E48032104694269601E08433946401C1C
:10EEA000FBF7B5FB03F0EEF8C1B22046F4F776FEAF
:10EEB000F4F7B0FF06F0EEFE0AF0C2F8244917207E
:10EEC0008881244C2068421901465770FA208862D4
:10EED00028201070FCF748F9012805D1206810227D
:10EEE000403001781143017007F04CFC012805D136
:10EEF000206880224030017811430170206801466B
:10EF000040300278324302700020C0430866FBF7AD
:10EF10005BFCF4F759F8F4F789F8206801212030F8
:10EF20000177072141770120F8F7FEFAFCF756F840
:10EF3000F4F702F902488038056002210160F8BD4B
:10EF400080E100E0C000002040000048A809002047
:10EF500000001048A003002030B5194B047A1B684C
:10EF6000C268AE331B799D06AD0F04D1007804282A
:10EF700001D000200EE0012030BD155C002D0BD02B
:10EF8000401C80B2155C012D08D01518203DED7F86
:10EF9000281880B2A042F0D3087830BD401CDD07AD
:10EFA000012480B2002D02D0105CC00703E09B0753
:10EFB000F2D5105C80070028EED00C70ECE7000062
:10EFC000A00300200FB410B503A9044B044A029813
:10EFD00000F092F810BC08BC04B01847ED250510ED
:10EFE000E40200200A7802704B7843708A788270BD
:10EFF000CA78C2700B7903714A794271704730B494
:10F000007446641E2578641CAB4200D21D46635DC5
:10F010005B00E31830BC1847FEB52848017A01258B
:10F02000294301722649002008600446FFF7E8F9E9
:10F03000694608800888002803D1641CE4B2032CC8
:10F04000F4D30888202836D308880124400526D424
:10F050000846F8F739FA6946487889780001084384
:10F06000122800D2002417480068000705D4002C9D
:10F0700015D00120FEF750F911E00926F606306997
:10F08000114F39682830081A00020012002806DDE6
:10F09000002C02D00120FEF73FF9386870600B4861
:10F0A0000570F1F736F8BFF34F8F0A490848C8607A
:10F0B000BFF34F8FFEE70120FEBD0000000020409F
:10F0C00014000020C0000020180000200C000020C8
:10F0D0000400FA0500ED00E002E008C8121F08C1B4
:10F0E000002AFAD170477047002001E001C1121FC9
:10F0F000002AFBD170470000FFB591B00F460546CE
:10F10000002606E025280AD0149A139990476D1C12
:10F11000761C28780028F5D1304615B0F0BD0024C3
:10F1200000940121F34A029400E004436D1C2B7803
:10F130000846203B98401042F7D128782A280ED064
:10F140000222287801463039092915D800990A2366
:10F1500059433039401814436D1C0090F1E701CF3A
:10F160000090002805DA0120400304430098404243
:10F170000090022004436D1C28782E2815D104200D
:10F18000044368786D1C2A280AD101CF6D1C0290B7
:10F190000BE002990A225143303940186D1C02904D
:10F1A0002878014630390929F3D928786C2810D0FD
:10F1B00006DC4C281AD068280ED06A2817D104E043
:10F1C000742813D07A2812D110E00120400504439E
:10F1D0000CE00121090501E0032109050C436978D0
:10F1E000814203D10120000524186D1C6D1C287874
:10F1F0006E281ED00CDC632831D004DC00288BD0B4
:10F20000582811D1B2E064287BD069280CD178E06D
:10F2100073282DD004DC6F2870D0702804D1A7E0AB
:10F2200075286CD078286BD0149A13999047761C67
:10F2300062E06002400F022807D003280AD00428A9
:10F2400038680AD006603F1D56E03868F11706603E
:10F250004160F8E738680680F5E70670F3E738782C
:10F26000694608740020487404A80390012003E054
:10F27000386803900020C0433F1D61070FD500216F
:10F2800001E00199491C029A0191914213DA8142ED
:10F29000F7DB019A0399895C0029F2D10BE0002188
:10F2A00001E00199491C01918142FADB019A03991D
:10F2B000895C0029F5D101990098139A401A0090B1
:10F2C0002146149B00F03CF901998019461807E08B
:10F2D000039803990078491C0391149A1399904755
:10F2E0000198401E0190401CF2D12146149B139AB4
:10F2F000009800F015F986196D1C0AE741E033E02B
:10F3000034E00A200021049005916002410F022997
:10F3100005D001CFC2179446032905D007E0FF1D91
:10F32000FF08FF0003CF06E000B2C217944604298D
:10F3300002D140B2C1178C4600226146944506DADC
:10F340000A460021404291418C462D2102E02105D0
:10F3500004D52B216A461176012103E0E10701D093
:10F360002021F7E7019155E00A200BE0102009E089
:10F3700010200490002104200443082005910290ED
:10F3800003E008200021059104906002410F02294A
:10F3900005D001CF00229446032906D006E0FF1DC8
:10F3A000FF08FF0003CF8C4603E080B2042900D1A0
:10F3B000C0B20021019121072CD529780391702931
:10F3C00006D0049A1021059B4A401A4305D00EE04E
:10F3D00040216A461176012108E06146014306D0CA
:10F3E00030216A4611760399517602210191049ADF
:10F3F0000821059B4A401A430CD16146014301D1C3
:10F40000610707D530216A461176012101910299E1
:10F41000491E02912978582904D037A103910FA9D8
:10F420000F910DE039A1F9E76146059B049AF2F7C7
:10F43000CBF8039B8C469B5C0F9A521E0F92137065
:10F4400061460143F0D10F9807A9081A20300390B4
:10F45000600704D5012000048443029801E00120E4
:10F4600002900399884201DD401A00E00020411813
:10F470000290019809180098401A0090E00306D401
:10F480002146149B139A009800F05AF88619002020
:10F49000049008E006A9085C149A13999047049810
:10F4A000401C761C049001998842F3DBE0030CD5E4
:10F4B0002146149B139A009800F042F8861904E044
:10F4C000149A302013999047761C0299481E029096
:10F4D0000029F5DC08E00F980F990078491C0F917E
:10F4E000149A13999047761C0399481E039000299B
:10F4F000F1DCFAE609280100303132333435363791
:10F50000383961626364656600000000303132336F
:10F51000343536373839414243444546000000000F
:10F52000F8B5044600251E461746880404D405E0B5
:10F5300039462020B0476D1C641EF9D52846F8BD19
:10F54000FFB50446002581B01E46C80301D530270B
:10F5500000E02027880404D505E038460399B04729
:10F560006D1C641EF9D5284605B0F0BD7047704784
:10F5700070470000F7B5064690790321401EC5B2DA
:10F58000E81C0843401C8308174817460068F1062A
:10F5900003D52922BF210E4008E039214901411835
:10F5A000097CC90601D40020FEBD26223107890E40
:10F5B00008180121C9024018C06C314600F0ACF9AE
:10F5C00004000FD00198A080A808A07123462A4605
:10F5D000052138460833FBF7F5F92146304600F09F
:10F5E00087F9E0E70720FEBDA003002010B5F1F782
:10F5F00048FA10BDF7B5064690790321801EC5B2C2
:10F60000E81C0843401C8308184817460068F106A8
:10F6100003D52822BF210E4008E0392149014118B5
:10F62000097C090701D40020FEBD25223107890E7F
:10F6300008180121C9024018C06C314600F06CF96D
:10F64000040011D00198A080B8682346407BA071C7
:10F65000E5712A46062138460833FBF7B3F92146FF
:10F66000304600F045F9DEE70720FEBDA00300208C
:10F67000704710B5F1F7DBFB10BD0000F7B506468B
:10F6800090790321401EC5B2E81C0843401C830842
:10F69000164817460068F10603D52C22BF210E40FC
:10F6A00008E0392149014118097C090601D40020EC
:10F6B000FEBD29223107890E08180121C902401810
:10F6C000C06C314600F028F904000DD00198A080EC
:10F6D000A5712A4605213846E31DFBF773F921463B
:10F6E000304600F005F9E2E70720FEBDA003002048
:10F6F00010B5F1F71BFA10BDF7B506469079032156
:10F70000801EC5B2E81C0843401C830818481746F1
:10F710000068F10603D52E22BF210E4008E03921F2
:10F7200049014118497C890701D40020FEBD2B22E4
:10F730003107890E08180121C9024018C06C3146F2
:10F7400000F0EAF8040011D00198A080B8682346C0
:10F75000407BA071E5712A46062138460833FBF745
:10F7600031F92146304600F0C3F8DEE70720FEBD40
:10F77000A003002010B5F1F731FA10BDF7B5064629
:10F7800090790321801EC5B2281D0843401C8308C0
:10F79000184817460068F10603D52A22BF210E40FB
:10F7A00008E0392149014118097C890601D400206B
:10F7B000FEBD27223107890E08180121C902401811
:10F7C000C06C314600F0A8F8040011D00198A08068
:10F7D000B8682346407BA071E5712A460621384669
:10F7E0000833FBF7EFF82146304600F081F8DEE7FA
:10F7F0000720FEBDA003002070470000F7B50646B5
:10F8000090790321401EC5B2E81C0843401C8308C0
:10F81000164817460068F10603D52D22BF210E4079
:10F8200006E0392149014118497CC90719D02A222B
:10F830003107890E08180121C9024018C06C3146F1
:10F8400000F06AF804000ED00198A080A5712A4645
:10F8500005213846E31DFBF7B5F82146304600F098
:10F8600047F80020FEBD0720FEBD0000A0030020D9
:10F8700010B5F1F7BDFA10BDF7B506469079032132
:10F88000401EC5B2E81C0843401C830816481746B2
:10F890000068F10603D52B22BF210E4008E0392174
:10F8A00049014118097C490601D40020FEBD2822E7
:10F8B0003107890E08180121C9024018C06C314671
:10F8C00000F02AF804000DD00198A080A5712A4606
:10F8D00005213846E31DFBF775F82146304600F058
:10F8E00007F8E2E70720FEBDA003002070470000F4
:10F8F0000A46400608D5D0783A280AD2111D054B91
:10F9000080001B5810461847907880088000801CA3
:10F910008870704750950510FFB5044600262C4F9F
:10F9200083B09C460D46080616D572B601AB6A46F2
:10F930006146204602F076FD00280BD0684681889B
:10F94000009882789208920082700180618001267E
:10F9500062B615E062B621E001AB6A466146204618
:10F9600002F060FD002819D0680609D46846818835
:10F97000009882789208920082700180618001264E
:10F980000098AA00817840238907890F1A40114303
:10F9900081700599C170002E0ED115E000200090F5
:10F9A00072B6A8060FD401203968C0020818816B0E
:10F9B00008221143816362B672B63868F72240307C
:10F9C000C1791140C17162B6009807B0F0BD000066
:10F9D000A00300207047704770B50D460123044610
:10F9E000C1061148006803D51822BF210C4008E069
:10F9F000392149014118897B090701D4002070BDD4
:10FA000015222107890E08180121C9024018C06C6F
:10FA10002146FFF781FF010004D08D802046FFF7CB
:10FA200067FFEBE7072070BDA0030020704710B50B
:10FA3000FDF7C2FA10BDFFB587B094468E4610A8F8
:10FA4000F7C806976F4677C762467146079800F079
:10FA500002F80BB0F0BDFFB58DB0144618AAECCA81
:10FA600004976F466CC70A46014605A8179B03F02A
:10FA70001BFB00280AD108A84471012C08D0002CD7
:10FA800006D0022C04D0032C02D0422011B0F0BDCD
:10FA900009A8062202301099FAF7B5FD08A91698B0
:10FAA0000873C0B20328F0D805A8F4F793FEEDE779
:10FAB00070477CB5069D079C002805D0860705D1B8
:10FAC000460703D4060701D442207CBD002903D099
:10FAD000012901D00229F7D100950194F4F7D4FE51
:10FAE0007CBD70477047000010B50446C106114840
:10FAF000006803D51522BF210C4006E039214901D9
:10FB00004118897BC90710D012222107890E0818D5
:10FB10000121C9024018C06C00232146FFF7FCFEFA
:10FB2000010004D02046FFF7E3FE002010BD0720AF
:10FB300010BD0000A003002010B500F001F810BDBA
:10FB400010B5002903D0012901D0422010BDFDF7D6
:10FB50008FFD10BD10B5F1F7F3F910BD70B50E466D
:10FB600002230446C10612481546006803D51E222A
:10FB7000BF210C4008E0392149014118C97B8906A1
:10FB800001D4002070BD1B222107890E0818012115
:10FB9000C9024018C06C2146FFF7BEFE010005D027
:10FBA0008E8020468D60FFF7A3FEEAE7072070BD38
:10FBB000A003002010B5F1F761F910BDF8B51D469E
:10FBC0000F4601230446C10612481646006803D5B5
:10FBD0001622BF210C4008E0392149014118897BD8
:10FBE000890701D40020F8BD13222107890E0818C7
:10FBF0000121C9024018C06C2146FFF78DFE0100AB
:10FC000006D08F808E71CD712046FFF771FEE9E737
:10FC10000720F8BDA003002010B5F1F782F910BD50
:10FC2000044A10B5914201D9422010BDFDF7F6FEFD
:10FC300010BD00003F420F0010B5F0F7CAFE10BD26
:10FC4000F8B5891ECDB20646A81C03210843401C06
:10FC50008308174817460068F10603D51C22BF2108
:10FC60000E4008E0392149014118897B090601D479
:10FC70000020F8BD19223107890E08180121C90298
:10FC80004018C06C3146FFF747FE04000ED03978AB
:10FC9000217179786171A5712A46B91CE01DFAF7C6
:10FCA000B2FC21463046FFF723FEE1E70720F8BD0E
:10FCB000A003002010B500F001F810BD10B501221E
:10FCC000FDF712FD10BD0000FFB583B003980C9D39
:10FCD0001E4614460F46002804D0012802D04220B8
:10FCE00007B0F0BD002F01D0012FF8D1E81F0A287E
:10FCF000F5D20D981028F2D8A842F0D30E9800281B
:10FD000001D00128EBD114490F988842E7D8109808
:10FD1000002801D00128E2D106F034FD012804D0EA
:10FD20002046304305D01120DAE7022CD7D8012E27
:10FD3000D5D868460399017047708472C672857081
:10FD40000D99C1700E9901720F9801906846109933
:10FD50004172FEF743F9C3E73F420F0010B5042894
:10FD600001D9422010BDFEF74DF910BD7047FFB517
:10FD700087B094468E4610A8F7C806976F4677C797
:10FD800062467146079800F002F80BB0F0BDF0B57E
:10FD90008DB09C4613ABF0CB08AB1A7301AAF0C22E
:10FDA000129A00920A460146634605A803F07CF9C0
:10FDB000002804D105AA18991798F5F741F80DB055
:10FDC000F0BD10B500F001F810BD10B5F5F792F8D0
:10FDD00010BD10B500F001F810BD10B5F5F7AEF884
:10FDE00010BD10B5F5F72AF910BD10B500F001F8F7
:10FDF00010BD10B5F5F7DCF810BD10B500221146A6
:10FE0000F5F718FE10BD38B5049C0094F0F7A2FF7A
:10FE100038BD0000FFB50F460646D81D0321084334
:10FE20001D46401C8308184881B00068F10603D5C0
:10FE30002522BF210E4006E0392149014118097CE5
:10FE4000C9071CD022223107890E08180121C902D6
:10FE50004018C06C3146FFF75FFD040012D0A78048
:10FE60000399E1800A992181204665810C302A4658
:10FE70000B99FAF7C8FB21463046FFF739FD002001
:10FE800005B0F0BD0720FBE7A003002010B5F5F793
:10FE9000BBFF10BD10B5F5F74BFF10BD10B5F5F762
:10FEA0007DFF10BD70470000FFB59B1E0646DDB20A
:10FEB000681D03210843401C83081B4881B000686B
:10FEC0001746F10603D53622BF210E4009E039213D
:10FED00049014118897C890702D4002005B0F0BD92
:10FEE00033223107890E08180121C9024018C06C5D
:10FEF0003146FFF711FD040014D00298A0800A9843
:10FF0000234680682A460830C0190079E0802572AF
:10FF1000B91D09330A98FAF755FD21463046FFF717
:10FF2000E7FCDAE70720D9E7A003002010B5F0F7D7
:10FF3000BDFF10BDF8B5044690680F460146154652
:10FF4000467B0E3102226846FAF75DFBA868022361
:10FF5000057C1548E10603D53522BF210C4009E098
:10FF60003922016852018918497C090601D4002010
:10FF7000F8BD322221070068890E08180121C90244
:10FF80004018C06C2146FFF7C7FC010009D08F80E4
:10FF90008E716A4612880A818D722046FFF7A8FC8E
:10FFA000E5E70720F8BD0000A003002010B5F5F735
:10FFB00065FF10BD10B5F0F7B8FE10BDF7B50646E9
:10FFC00090799168C01E82B01746C5B20222684679
:10FFD0000D31FAF718FB681D03210843401C830804
:10FFE0001948F10603D53222BF210E400AE039221A
:10FFF000016852018918497C890602D4002005B0A5
:020000041005E5
:10000000F0BD2F2231070068890E08180121C902AE
:100010004018C06C3146FFF77FFC040011D00398F4
:10002000A08068460088E080234625722A46072182
:1000300038460933FAF7C6FC21463046FFF758FC2C
:10004000DCE70720DBE70000A003002010B5F6F78F
:10005000DFF910BD10B5F0F765FE10BDF7B5064627
:1000600090799168C01E82B01746C5B202226846D8
:100070000D31FAF7C8FA681D03210843401C8308B4
:100080001948F10603D53322BF210E400AE0392278
:10009000016852018918497C490602D4002005B044
:1000A000F0BD302231070068890E08180121C9020D
:1000B0004018C06C3146FFF72FFC040011D00398A4
:1000C000A08068460088E080234625722A460721E2
:1000D00038460933FAF776FC21463046FFF708FC2C
:1000E000DCE70720DBE70000A0030020704710B525
:1000F000F0F73EFE10BD000070B50E460123044629
:10010000C10612481546006803D53422BF210C40B1
:1001100006E0392149014118897CC90711D03122F3
:100120002107890E08180121C9024018C06C214618
:10013000FFF7F2FB010006D08E808D712046FFF79D
:10014000D7FB002070BD072070BD0000A003002079
:10015000704710B5F6F77DF810BD10B5F6F7B9F891
:1001600010BD7047FFB50F460546D01C032108435C
:10017000401C830881B01646E80603D53A22BF200A
:10018000054000E03722104928070968800E401812
:100190000121C9024018C06C2946FFF7BDFB0400CD
:1001A0000FD0A7807108A17120463246083004990B
:1001B000FAF729FA21462846FFF79AFB002005B0F6
:1001C000F0BD0720FBE70000A003002010B5F0F70A
:1001D0002DFC10BDF8B51D460446022316460F46F9
:1001E000C00603D53922BF20044000E036220C4966
:1001F00020070968800E40180121C9024018C06C10
:100200002146FFF789FB010007D08F80CE800D814A
:100210002046FFF76DFB0020F8BD0720F8BD000069
:10022000A0030020704710B5F0F712FC10BDF0B528
:1002300085B084460AA8F0C868468581C68103A8AF
:100240000190029700946046F6F724FE05B0F0BDD9
:1002500010B5F7F71CF810BD10B5F7F71FF810BD73
:1002600010B5F0F7F9FB10BDFFB581B00A9E054649
:100270000321701D0843401C83081746E80603D578
:100280003722BF20054000E03422114928070968C1
:10029000800E40180121C9024018C06C2946FFF7A2
:1002A0003BFB040012D00298A080E78026720499DC
:1002B00023463246091D09330B98FAF783FB214682
:1002C0002846FFF715FB002005B0F0BD0720FBE72F
:1002D000A0030020FEB56C46099E089D2080618029
:1002E00022716371E58068460296F5F717FCFEBD42
:1002F00010B5F6F7DBFF10BD704710B5032806D820
:1003000050781178000208431321FFF76AFD10BDF1
:10031000FFB50546012381B016460F46C00603D53A
:100320002422BF20054000E021220F492807096848
:10033000800E40180121C9024018C06C2946FFF701
:10034000EBFA04000DD0277166713246A01D0499A6
:10035000FAF759F921462846FFF7CAFA002005B0F6
:10036000F0BD0720FBE70000A0030020704710B598
:10037000F7F7DAF810BD10B5F7F71CF910BD7047A4
:10038000F0B585B084460AA8F1C804976F4671C7D6
:10039000604600F002F805B0F0BDF0B585B06C46DF
:1003A0000A9F0B9E0E9D20806180A280E3802781A2
:1003B00066810C98A0812A4668460D99F7F708FBDC
:1003C00005B0F0BD7CB51A4606AB38CB019500945C
:1003D000F0F7BFFD7CBD0000F7B504230446C1065D
:1003E00022481546006803D52222BF210C4006E0B2
:1003F000392149014118C97BC90732D01F22210781
:10040000890E08180121C9024018C06C2146FFF767
:1004100083FA010027D0AA68081D577BD57B937B00
:10042000BE462D025F19557C137C2D025E19D57CCA
:10043000937CBC462D025D19577D137D3F02DB196D
:10044000977DD27D1202BA18019F07807746877088
:1004500067468780C6800581438182812046FFF7F9
:1004600047FA0020FEBD0720FEBD0000A0030020CB
:10047000704770470068704710B50446007AFF283F
:100480000BD00846FAF7E0FAE17A627A8918401848
:10049000217A884201D9012010BD002010BD00231F
:1004A0000360436041720272C3728372704710B579
:1004B0000446006808602068002800D16160084692
:1004C0002160FAF7C1FAE17A4018E072A07A401C84
:1004D000A07210BD10B504460020086020680028F6
:1004E0000CD06068016008466160FAF7ADFAE17A05
:1004F0004018E072A07A401CA07210BD2160F2E7A3
:100500000068002801D0002070470120704710B516
:1005100004460068884209D1026822600022026015
:10052000206800280BD1626009E0104602688A4208
:10053000FBD10A68026062688A4200D160600846A6
:10054000FAF782FAE17A081AE072A07A401EA072E5
:1005500010BD10B50446006808602068026822607B
:10056000002202602068002800D162600868FAF763
:100570006BFAE17A081AE072A07A401EA07210BDF0
:10058000FFB58FB01A9E0F9805F07EFC9249FD20B2
:100590000A68C00015181046363084460F9808289F
:1005A00022D0044601200346A3403A24645D270775
:1005B0003F0F0446BC402343644624782407240F9D
:1005C000A0400343287D984311D068680190012022
:1005D00000240C90A86CA0320690127B2746805C09
:1005E000A44696460D9430E0822013B0F0BD1198D9
:1005F000189B0268129800681018002240081A80A0
:10060000400A119B40021860129B18601B9B1A80C5
:10061000724A80183268824201D8104600E0306089
:10062000800930600868A030017B0F9805F0ACFBB2
:10063000CDE06A6A4100AB6A525A595A5118890191
:10064000614500D98C460699085C8645F1D163481E
:10065000129940420968019A60440291914202D87D
:100660001099C90701D0144632E011990968069122
:10067000814200D908460A9010460299F0F730FFEF
:10068000089006990198F0F72BFF401C09900898F4
:10069000002800D101200999069088420D9815D8AC
:1006A000002815D106990198F0F71AFFC1050AD163
:1006B0000A99884207D30299814204D30446012152
:1006C00006980D910C900698401CE4E7002803D092
:1006D00011992046096804E0842086E700197F1CF0
:1006E000BFB28142FAD80299814204D21099890797
:1006F00001D4852079E7119903AA08601298046053
:1007000031683F20491E0143491C2046316005F0F5
:1007100049FB00280AD00EE030687F0840083060AE
:100720001999490819910599814204D210984007F6
:1007300001D5002FF0D105983168884208D93F20B3
:10074000491E0143491C03AA2046316005F02AFBDB
:100750000599199881423CD3084603210902884231
:1007600037D30C980890401E09906846017B0F987B
:1007700005F00AFB72B61849AA6C0868A030007B25
:10078000105C12E0EB6A41009C465A5A089B5A439F
:1007900063465A522B6B9C465A5A089B5A43099BF4
:1007A000D21863465A52A96C085C0B490968A031FB
:1007B000097B8142E6D16C6062B604988002010C2C
:1007C0001B980180059880093060189807800020E8
:1007D0000BE7862009E70000A00300209AFDFFFF39
:1007E00070B5044616460D46084605F07BF92060B4
:1007F000281D05F06DF931044018606070BD70B5BA
:10080000054616460C46084605F08DF92860217904
:1008100060790002084331044018686070BD000030
:10082000F1B5B04AFD211068C90090B0411804919B
:10083000AD4904464518C034014636310D910021BA
:100840000291AA49497AC9000C91816A0B910499D5
:1008500020310E91897E079108297DD20921090254
:100860004018816E17460798602250430818089078
:10087000079881019D480C3008180A90C07A2E46CE
:1008800040360990B08B05F0E7FF39684031098E9A
:10089000401880B20390E96C0398FEF7CAF8E96C3F
:1008A00009020F1AB07F08F0B1FC381805F086F97C
:1008B000A96C41180C98081A0002000A01901099BE
:1008C000411A0B98081A00020121000AC905884242
:1008D0007ED2049801994163099805F03BFA0A9980
:1008E000C8720D980078C143090706D041070798E0
:1008F000490F4007400F81422BD10E980821807E7E
:1009000008430D990870A86C2060E86C606001983D
:10091000A0600298E060A86D2061686D6061B08B96
:100920002083B07FA076284660300178E176B18CD4
:10093000A183318DE183B18D2184318E6184B18EAB
:10094000A184318FE184C17E282001558420405943
:10095000E0620D98007800E07CE0079942074907C3
:10096000520F490F8A4261D0F72108400D995D4F1F
:1009700008704007400F07900920396800020818E6
:10098000816E0798602250430818049007988101EF
:1009900056480C3008180A90C07A0990208B05F050
:1009A0005BFF39684031098E401880B2039061685E
:1009B0000398FEF73EF8616809020F1AA07E08F05E
:1009C00025FC381805F0FAF8216841180C9800E069
:1009D00042E0081A070210983F0A391A0B98081AC1
:1009E00000020121000AC905884258D2A76009986F
:1009F00005F0B0F90A99C87201980899C01B000265
:100A00004979000A9022114210D10121C90588427A
:100A10000AD30498C17B0898C07B401C814203D84C
:100A200004984079C00601D508F01EFBE96C0398D4
:100A3000FEF704F80446B07F08F0F0FBA96D20181B
:100A400040180721090508438035A96B0322091DB9
:100A500005F010FF11B0F0BD08984030008841004B
:100A60000A98203002780998101880B209900898E6
:100A7000089A0089401C108108984069421A089819
:100A800042610898C07BFF2802D2089A401CD073AC
:100A9000E86C4018E864079800F0DAFDFBE604987B
:100AA0004030008841000A982030027809981018D8
:100AB00080B209900498049A0089401C108104981F
:100AC0004069421A049842610498C07BFF2802D210
:100AD000049A401CD073606840186060079800F06A
:100AE000B7FD64E7A003002058080000C000002004
:100AF000FEB552480088602341075148490F0268FB
:100B0000092000021018826E59435418A2782569F2
:100B10005207520F216A0092022A01D0052A20D1E1
:100B20002A0404D46279920701D1002919D0A66A57
:100B3000444A2B0443D563799B0715D0676B7780B4
:100B40000120C0038543256101F09CFA012809D0EA
:100B50001F217878014204D0218A890401D5001D23
:100B60007870FEBDFF21F4E70029FAD01542F8D1D4
:100B70000A7C406FD206D20E921C1718B8B20190B0
:100B80007080204601F03CFA0120C00385432561B6
:100B900005110098052800D1AD0001F073FA012875
:100BA0000BD01F217878014204D02169294201D05D
:100BB000001D787001987080FEBDFF21F2E77088FB
:100BC00001235B07C01863799C469B0704D0636BC5
:100BD000834201D0012700E00027666B864202D0E5
:100BE0002388834212D1002912D015420ED101234D
:100BF00000290ED086420CD02488844209D009688E
:100C0000002906D0154204D1012103E00023EFE7BB
:100C10000023002162469206920F03D00022002F8B
:100C200006D101E00122FAE70B43C5D0002AC3D068
:100C30000178102211430170FEBD0000C0000020A9
:100C4000A003002060060000F1B5FD4FFD223868CA
:100C5000D2000146851896B0683012900920000233
:100C60000818806E0F90F7480E180920C00600691A
:100C70000990002014900824F34804F09FFF02908C
:100C80000020139072B63868F7214030C2790A40CC
:100C9000C271129801210171129801684A07520F1E
:100CA0004271C9081298C900016062B616980028FE
:100CB00001D009980EE0642004F080FF01460998F5
:100CC0000918E248427ADE480068806A101808185D
:100CD0000002000AFFF7A4FD686B05903A20405D12
:100CE0000D90082841D2012014900D9860214843AE
:100CF0000F9940180390D648876AD448407AC000BC
:100D000008F064FA014603984030028852028918BC
:100D1000CD4A524289188F4200D239467165B821B6
:100D200089590B794A79897912021A438907890B03
:100D30001143028B408BFF311018C331401805F06E
:100D400005F807465F20000104F038FFB84204D9D7
:100D50005F20000104F032FF00E0384605990918D1
:100D6000BA48407AC00008181390706D04F026FF4E
:100D7000059940180190002007460390287D00281F
:100D800009D10D98082806D3B04900200880092110
:100D9000C906486060E168680790686C049029683B
:100DA0000998401A00020412A84800884007400F22
:100DB00002F04AFB002801D0002007E0002CFBDBFA
:100DC000204608F003FA0499884200DA04900120D2
:100DD00080070824099000200B90297D3AE00D9AA5
:100DE000904234D0964A12682032927D1207120F38
:100DF00082422CD0EB6A420010930C929F5A0097CB
:100E00006B6A9A5A079B92017B43D318049A9C46BB
:100E1000934212DACA0710D02A6B0C9B079FD25A52
:100E2000521C93B21A467A43009F9444FA1892B225
:100E300013460092109F0C9ABB52099A6346944540
:100E400005D2CA0703D0009A099304460B924908B9
:100E5000401CC0B20029C2D1099804F0AFFE296835
:100E60004718A86A6100405A800104F0A7FEC01923
:100E700003907648407A5822C10071480068125C9D
:100E8000002A744A126939D0BB1A029A52009B1A7E
:100E900038E0002001E0806A4018181A0002000AB9
:100EA00001460A900120C005814209D3082C7DD05B
:100EB000204600F08DFB644909984018049068644E
:100EC00001210A98C905884281D2082C6ED00B985E
:100ED000002835D007994843049004F06FFE296834
:100EE00040180002000A2860696C0498081A6864B7
:100EF00009990498081A002109901BE0029BBA1A6C
:100F00005B08D31A169A002AC5D0C2E7EA6A4800DD
:100F100007909446105A0B9A801A04E02B6B079A9C
:100F2000401C9A5A10180028F8DB079B6246491C9F
:100F3000D052C9B242480068A030007B8842E5D850
:100F40000D9808286CD20598C01B01020120090ADF
:100F5000C005814223D30298391A1398081A020255
:100F60000120120AC005824201D313980FE0019AB2
:100F7000891A0902090A814201D2019808E0012078
:100F8000400204F01BFE02994900791A081A0190E8
:100F90000599401A0002000A08F018F970650299D4
:100FA00001984018C01B0102090A00E054E001202A
:100FB000C005814254D202994A00039952180599FA
:100FC000511A0902090A81422AD20D986021484328
:100FD0000F994218602060434018C17BD37B99422F
:100FE00001D3102100E00021C90615D48179CA0778
:100FF00004D07221895B0289891A05E0890707D527
:1010000076218A5B0189511A491E0904090C07D00F
:101010004079000604D423E05079902108421FD182
:10102000082C21D0084909984018686460200F995D
:101030006043401880784007400F01284BD013E0F0
:10104000A00300205808000066020000C000002035
:10105000A8090020000000481498002804D003D0FC
:10106000059F0D9C01980390039839020002000A25
:101070000390090A01200091800204F09FFD029074
:101080000120400204F09AFD074600990398401A97
:1010900000020012002809DD0299000A884200D9E6
:1010A00001460291B84200D838460746082C7DD048
:1010B000804800884007400FA0424FD060200F9921
:1010C00060434018079080784007400F052812D0F1
:1010D000022810D042E03146803103208A68400265
:1010E0008242C1D0C9688142BED0F6F73DFB4005BF
:1010F000400DC719B8E70798A101006A04906D4830
:101100000818818B079880B2814227D00498002864
:1011100024D00499079800F073FF674904980A687F
:10112000007C09210902C0065118C00E496F801CBD
:1011300040180490079801692120800101420DD0D8
:1011400000F0A0FF01283BD01F20049949780842F5
:1011500004D0049840780499001D487056485549B9
:101160000068203084744820204308803046803056
:10117000436B997ACA06D20E61010A439A72826B56
:10118000907AC006C00E0843907200983065F8F758
:10119000CFF9012816D0484846490068497A2030DE
:1011A000007D401A316DC000081800E03AE00002EE
:1011B0000121000A490641180920C00641600EE0DD
:1011C000FF20C2E70121306D090641180920C00641
:1011D0004160394800682030017D36484172082C52
:1011E00024D2602044430F98241872B61298A17834
:1011F00000684907C008C000490F08432F4908404C
:101200000099C90008431299086062B6A0784007A7
:10121000400F03280FD000F035FF01280FD00398AE
:10122000C01B19E000200921C9064860214900209F
:10123000088017B0F0BD02990398401A0CE04034C2
:10124000208B618B4018FF30C33004F07FFD874254
:1012500000D938460399081A0002000AE863A88BEF
:10126000800104F0ABFC296800264418144804F0FF
:10127000A5FC201A0002000A28640F4C2E84206866
:101280004030407E002807D0F8F7ACFA20684030A4
:10129000417E49084900417620684030407E002860
:1012A000C7D0F8F7C9FA20684030417EFD221140CE
:1012B0004176BEE7C0000020A0030020070000F830
:1012C0003502000010B51149FD220968D2008918C5
:1012D0004C688B6842009C4204D1086B4C8A805A4F
:1012E000A04201D0012000E000204B608B688B61A0
:1012F0004C6A8B89A3528C6ACB89A3520C6B4B8AA4
:10130000A3520B8AC96A8B5210BD0000A0030020B3
:1013100010B50448044B006804220021C018F9F7F6
:1013200076F910BDA003002039070000FEB5394949
:101330000922096812028A18936E602242439C189F
:10134000354A80018D183549228946184020005BB6
:101350002021895D521C228140006269002700B271
:10136000101A6061F07A4018C0B2252800D32538E1
:10137000F072A079C0072ED0284640300090408EF1
:101380002189401A0004000C25D124480C3800881B
:101390004007400FFFF796FF8446A07940084000C1
:1013A000A0712846C030017A4908490001720099AD
:1013B000A3894A8DC98D0905090C934205D1A369FA
:1013C0008B4202D16346002B01D0402701E0082365
:1013D0008373A281A161A079800719D57620405B33
:1013E0002189401A0004000C12D18021495960352E
:1013F0000091A97E0191A179FD221140A171314690
:1014000068460522213100F072FD012040050743A6
:101410003846FEBDA003002058080000CC00002084
:1014200010B5FFF783FF10BDF1B56749674A08683B
:1014300082B082180092FD22D2008618AC22155C80
:1014400004460346029AC034363395427ED90921B8
:101450000902401817466021806E4F430025B91CD1
:101460004554029801F0F0FF00280CD15648BF1DEA
:101470000168092000020818806EC05D002802D0B3
:101480000098C030057272B64F48029D076801206F
:1014900039462031CA7DA8408243CA75317D8143D7
:1014A0003175197808077AD44A070298520F824298
:1014B0007CD030462030827E5507029A6D0F9542CF
:1014C00076D181760F201870404AA0687063BD18ED
:1014D000A86D2169A9652061686D616969656061B0
:1014E0002146284618315C3007F061FE3748A37E5C
:1014F0005E3039180A780B70A276A86C2168A9644E
:101500002060E86C6168E96460603048E37E6030C8
:1015100039180A780B7021462846E2761C3164306F
:1015200007F045FE214628461E31683007F03FFE91
:101530002146284620316C3007F039FE21462846E6
:101540002231703007F033FE214600E03AE02846B1
:101550002431743007F02BFE21462846263178309E
:1015600007F025FE194880357B3039182046283091
:101570000A7803780B7002701448E26A84303818D5
:1015800001680260E1620721E06809050843A96B70
:101590000322091D05F06EF90AE000E006E03A209A
:1015A000805D41070298490F814201D10F201870D8
:1015B0002036B07E41070298490F814201D10F20A9
:1015C000B07662B6FEBD0000A003002058080000FF
:1015D000F8B501461B480922006812028218936E72
:1015E00060224A439E18184A00248518174A880129
:1015F0008718B0784007400F052802D0012805D091
:1016000010E00846FFF70CFF04460BE02A46803244
:10161000108A002802D0401E108203E001240846F0
:10162000FFF702FFF07BFF2801D2401CF073002C73
:1016300006D02346324629460020009703F088F85A
:10164000F8BD0000A003002058080000CC000020D6
:10165000FEB503462C4841270268092000021018F5
:10166000816E602058430C18284811461018284EE7
:101670007F019D01D219AE199278C03100259A429E
:101680000CD1024640321746928E3F8F0097842736
:101690003F58012301977B273F5C07E08A8CCF8C62
:1016A0000097CF6A0023019728277F5C0297A779CC
:1016B000FF0708D02789D21B1204120C03D122463F
:1016C000F8F75CF90546A079810710D522890099C1
:1016D000891A491C0904090C09D1FD21084001ABF4
:1016E000A071314605222131184600F000FC002D82
:1016F00009D005480096016804482B46091822467F
:10170000002003F025F8FEBDA003002058080000CB
:10171000CC00002010B5074839220068520180181B
:10172000007C400704D5084649880088FDF71EFF65
:1017300010BD0000A003002010B506483922006843
:1017400052018018407CC00602D50888FDF70FFFC3
:1017500010BD0000A003002010B507483922006822
:1017600052018018007CC00605D50A461088897889
:10177000121DFDF7FDFE10BDA003002010B50848A6
:101780003922006852018018007C000706D50B46FC
:10179000CA78188889781B1DFDF728FF10BD000046
:1017A000A003002008B509483922006852018018BA
:1017B000407C000708D50846C91D009183798288BE
:1017C00041880088FDF754FF08BD0000A0030020F9
:1017D00010B507483922006852018018007C0006C5
:1017E00005D50A4610888978D21CFDF742FF10BD46
:1017F000A003002010B50848392200685201801863
:10180000407C800706D50B46CA78188889781B1D4E
:10181000FDF76EFF10BD0000A003002010B50848C2
:101820003922006852018018007C800606D50B46DC
:10183000CA78188889781B1DFDF79CFF10BD000031
:10184000A003002010B50748392200685201801813
:10185000407CC00705D00A4610888978D21CFDF765
:10186000CBFF10BDA003002010B507483922006847
:1018700052018018007C400605D50A4610888978F8
:10188000D21CFDF7F5FF10BDA003002010B50748DE
:101890003922006852018018407C400705D50A466D
:1018A00010888978D21CFEF721F810BDA003002013
:1018B00010B506483922006852018018C07B000725
:1018C00002D50888FEF786F810BD0000A0030020AE
:1018D00010B506483922006852018018807B000745
:1018E00002D50888FEF777F810BD0000A00300209D
:1018F00010B505483921006849014018807B8006F1
:1019000001D5FEF793F810BDA003002010B50648DE
:101910003922006852018018807B400603D5087880
:10192000491CFEF7C5F810BDA003002010B50748FC
:101930003922006852018018C07B400604D5084651
:1019400089780088FEF7CDF810BD0000A0030020C4
:1019500010B505483921006849014018807BC0074F
:1019600001D0FEF7BFF810BDA003002010B5074856
:101970003922006852018018C07B800604D50846D1
:1019800049680088FEF7E6F810BD0000A0030020BB
:1019900010B507483922006852018018807B800703
:1019A00005D50846CA7889780088FEF703F910BD86
:1019B000A003002010B506483922006852018018A3
:1019C000807B400702D50888FEF726F910BD00008D
:1019D000A003002010B50848392200685201801881
:1019E000807B000606D50B468A7818784978DB1C80
:1019F000FEF722F910BD0000A003002010B5054835
:101A00003921006849014018807BC00601D5FEF7E6
:101A1000ADF910BDA003002008B5094839220068BF
:101A200052018018007CC00708D008460831009198
:101A3000C388828841880088FEF7E5F908BD000068
:101A4000A003002010B50848392200685201801810
:101A5000807C800706D50B460A79188849885B1D6B
:101A6000FEF720FA10BD0000A003002010B50848C2
:101A70003922006852018018407C000606D50846CD
:101A80008B798A8889780088FEF750FA10BD0000AB
:101A9000A003002010B508483922006852018018C0
:101AA000407C800606D50B460A79188849885B1D5C
:101AB000FEF780FA10BD0000A003002010B5084812
:101AC0003922006852018018407C400606D50B463A
:101AD0000A79188849885B1DFEF7BCFA10BD000022
:101AE000A003002008B50846C91D009183798288AB
:101AF00041880088FEF7FAFA08BD000010B50748D3
:101B00003922006852018018807CC00704D0084642
:101B100089780088FEF7EBFA10BD0000A0030020D2
:101B200010B506483922006852018018007C8007F1
:101B300002D50888FEF70CFB10BD0000A0030020B2
:101B400010B50A4610888978121DFEF70AFB10BDF1
:101B500010B508468A8849880088FEF737FB10BD13
:101B600010B50888FEF75EFB10BD10B50846498821
:101B70000088FEF758FB10BD10B50B460A7918888F
:101B800049885B1DFEF76CFB10BD10B50A46107846
:101B90004978921CFEF7B1FB10BD000010B5084853
:101BA0003922006852018018407EC00706D00A46DC
:101BB000002010564978921CFEF7D8FB10BD00009B
:101BC000A003002008B50846002100918288817892
:101BD00000880023FEF7D3FB08BD00000EB50B48BC
:101BE0003922006852018018C07BC0070CD008461B
:101BF0008B894A890989029301920091C38882885E
:101C000081780088FEF7DEFB0EBD0000A0030020F7
:101C100010B507483922006852018018C07B800740
:101C200004D5084649880088FEF722FC10BD000054
:101C3000A003002010B5074839220068520180181F
:101C4000C07B400704D5088800221146FEF711FC2E
:101C500010BD0000A00300207047000010B5074829
:101C60000722006812028018807FC00605D508464A
:101C70000A794988007800F0FBFF10BDA00300201E
:101C800010B507480722006812028018807F0006FE
:101C900005D508460A794988007800F0EDFF10BDA7
:101CA000A003002010B507483922006852018018AF
:101CB000C078000604D508464988007801F00EF87F
:101CC00010BD0000A003002010B5074802683920AD
:101CD000400110184279920605D58079800702D517
:101CE000012001F035F810BDA0030020084610B512
:101CF0000E4986B00A683921490151184A7992067D
:101D000011D58979C9070ED0847C038AC28981895B
:101D1000049401AC0EC4811D00914379027941887D
:101D2000007801F063F806B010BD0000A0030020A9
:101D300008B50A4802683920400110184279920615
:101D40000BD58079400708D5084609890091C388DA
:101D500082884188007801F093F808BDA003002034
:101D600008B50A48026839204001101842799206E5
:101D70000BD58079400608D5084609890091C388AB
:101D800082884188008801F0B3F808BDA0030020D4
:101D900010B50748026839204001101842799206B0
:101DA00005D5C079400702D5012001F0A2F810BD89
:101DB000A0030020084610B5104988B00A683921F0
:101DC000490151184A79920616D5C979890713D560
:101DD000847F838B428B018B069403AC0EC4014637
:101DE00012318A1F831D0093019202914379027977
:101DF0004188007801F0C9F808B010BDA0030020A8
:101E000010B508480268392040011018427992063E
:101E100006D5C079C00703D00878491C01F0F4F852
:101E200010BD0000A003002010B50848026839204A
:101E3000400110184279920607D58079C00604D572
:101E40004A890888891C01F0E0F810BDA003002031
:101E500010B50848026839204001101842799206EE
:101E600006D58079000603D50878491C01F0FAF8F8
:101E700010BD0000A003002010B5094802683920F9
:101E8000400110184279920608D58079000705D5DF
:101E90000A4610784988121D01F0E5F810BD0000CF
:101EA000A003002010B5012001F030F910BD0000A2
:101EB00008B508480722006812028018C07F000792
:101EC00007D5C88800908B888A780988002001F09F
:101ED0001EF908BDA003002008B50846891D009121
:101EE0008388C2788178008801F048F908BD04E051
:101EF00003780B70401C491C521E002AF8D1704711
:101F0000F0B5044661088C4661400A464908114311
:101F100093081943CB080B430120D943890100D012
:101F2000002052002349134657089508D608120985
:101F30000B400A400F40D2180D40D2190E405219E2
:101F40009219D30E022B00D2002053099A18930A3B
:101F50009A18130D9A187C231A405C2A00D9002085
:101F6000154BE2B25A43944200D10020134A234653
:101F70005340134D62466A40124EA5087540E6086C
:101F8000114F24097E407F107C400B400A400D40D9
:101F90000E400C4099184919891909194A09511814
:101FA0008A0A51180A0D51187C221140042900D8C0
:101FB0000020F0BD8410420801010101D6BE898EC7
:101FC0006BDF4447B56FA223DA37D111CA680260CC
:101FD0008A6842604A6882600968C160704770B56B
:101FE000002407E00D5D002B07D0161B3618203E9D
:101FF000F577641C9442F5D370BD0555F9E70000F0
:10200000F8B50C46CA88098A4030521A80891026D1
:1020100095B2A84205D20546E07C4006400EE07429
:1020200003E02068002800D10026002904D1207B8D
:10203000800701D5022000E00120CF060643FF0EF5
:10204000E81982B20E48A169036809200002181835
:10205000406F001DF8F737F860610948A574016802
:10206000092000020818416FB81C0E54044801688A
:10207000092000020818406FFF1CC555F8BD00007C
:10208000A00300200120704710B58AB003206A46E3
:1020900010701648019030201081508101200003FB
:1020A000908113481349D0810879107404A806223E
:1020B0000130491DEFF73EFA00206A46D07528210D
:1020C00011833821518390831420D08305201084FC
:1020D00050846846EEF705F9040003D0014606A0D7
:1020E000FCF770FF20460AB010BD000030750000FC
:1020F000F22B0000440800204D61737465725F4448
:102100006576696365436F6E6E656374696F6E288B
:1021100029206661696C656420776974682073742E
:10212000617475733A203078253032780D0A0000DA
:102130001CB5022069460870302048808880002045
:1021400088716846EEF77EF8040004D0014604A0CA
:10215000FCF738FF02E00DA0FCF734FF20461CBD61
:102160004D61737465725F44657669636544697334
:10217000636F766572792829207374617475733A78
:10218000203078253032780D0A0000002A2A2A2AC9
:102190005374617274204465766963652044697381
:1021A000636F766572792050726F636564757265CE
:1021B0000D0A000010B518A003C88CB00A91099050
:1021C000142217A104A8EFF7B5F91A4A0020114606
:1021D000107060310874487448778031C87060317D
:1021E0004872401E5080062209A96846EFF7A2F9FE
:1021F00012206946887104A802900420087368467A
:10220000EDF7BAFF040003D001460BA0FCF7DAFE9D
:1022100020460CB010BD0000FC1200E1800200005E
:1022200053656E736F7244656D6F2043656E747293
:10223000616C0000440800204D61737465725F4951
:102240006E69742829207374617475733A2030782C
:10225000253032780D0A000038B51B4C607C2546CD
:10226000603D002812D0E01C017D6A461170407D5F
:10227000507010880123801C81B268880022EEF71C
:1022800043F9010002D011A0FCF79CFE607F0028FA
:1022900018D0A07F401EC1B20B48A177E0300029C2
:1022A00001D0408900E080896946801C08806888E8
:1022B000002301220988EEF727F9010002D003A0CC
:1022C000FCF780FE38BD0000A40800204572726F44
:1022D0007220647572696E6720746865204D617341
:1022E0007465725F4E6F746966496E6469635F53AB
:1022F000746174757328292C20537461747573206C
:102300003078253032780D0A0000000018B40168DA
:10231000184ACB6813608C68012354604C68946041
:102320000968D1604168144ACC6814608C685460B4
:102330004C6894600968D16064216A461170092272
:10234000D2066C462178491E21705169C90402D415
:1023500021780029F5D122782270084A8168D46852
:102360000C6094684C6054688C601268CA60037397
:1023700018BC704718000048280000483800004882
:10238000F8B526480090254E407FE236002826D03A
:10239000002420E0162021464143204810226038C6
:1023A0000D182846853007461D49EFF7F6F8002836
:1023B00004D180201949405BE031888118493846B2
:1023C00010221039EFF7E9F8002802D1803528886B
:1023D0003081641CE4B20098807FA042DAD80F4DAF
:1023E0008035E878002818D0002413E01620214614
:1023F00041430A48102260380F1809493846EB302B
:102400001031EFF7CAF8002802D1E237B888B0815E
:10241000641CE4B22879A042E8D8F8BDA4080020E2
:1024200034030020F0B54488491CA4B2E5B2A408E6
:1024300009B21C808EB287883619BE4204D9A6B272
:10244000891B6D1C09B2EDB2A40024180834146075
:102450001C88AD076418A400AD0F2C43A4B21C80E7
:102460000388E31A9C07A40F012C02D803D1002B88
:1024700001DD00230AE00123002907DA11688C78C6
:10248000A408A400641C8C70083010601846F0BDCD
:10249000002202804280818070470000F0B5002752
:1024A0008BB042493E46384608970097019166E056
:1024B0000A18127B012A12D01425401CC0B20C1835
:1024C0002146099010312A1F04A8EFF733F82A1F7C
:1024D000374904A8EFF761F8002802D013E0062579
:1024E000EBE70198407C00280DD0207B69460872FC
:1024F000607B4872A07B0873E07B48732B481230E6
:10250000461C0A2708902A492A1F0A3104A8EFF717
:1025100044F8002811D10198407F00280DD0207B7D
:1025200069460872607B4872A07B0873E07B487341
:102530001E481E30461C642708901D492A1F1A3168
:1025400004A8EFF72AF8002812D118488030C07884
:1025500000280DD0207B69460872607B4872A07B02
:102560000873E07B487311488430461C6427089048
:10257000099800994019491CC9B2C0B200910B4991
:10258000009A6039CB7A934292D808460197009618
:1025900069468A8940880989089BEDF713FF010085
:1025A00002D004A0FCF70EFD0BB0F0BDA408002083
:1025B000FA0200204D61737465725F476574436869
:1025C000617261634F66536572766963652829207D
:1025D0006661696C656420776974682073746174DE
:1025E0007573203078253032780D0A0010B5C0B2EE
:1025F000FBF738FE012010BD03480249C1600349C2
:1026000041617047D15205107C0300208D380510C0
:1026100010B50B460178CA09014608311846FEF785
:10262000DFF810BD70B5104809240268FD20C00015
:102630001018037D2402082000211419A032157BF4
:102640000EE0DA0709D060224A43A66E921CB25C03
:102650005207520F012A00D108465B08491CC9B233
:102660008D42EED870BD0000A0030020F8B50746EB
:102670001F4809260568FD20C0002C182846363062
:1026800036023F0584463F0DAE19237D0820002207
:10269000A0350097B6462D7B0EE0DE0709D07646C2
:1026A000B66E60275743F6197689009FB74200D16E
:1026B00010465B08521CD2B29542EED82034A27E5E
:1026C0001207120F824202D1CB0700D108208242AA
:1026D00007D062461278130707D45207520F82427E
:1026E00003D1C90700D10820F8BD8907FBD5F8BD83
:1026F000A003002010B50B4800210368FD20C00096
:102700001818027D0820A0331B7B05E0D40700D1F8
:1027100008465208491CC9B28B4201D90828F5D095
:1027200010BD0000A003002010B50B46017849063B
:10273000CA0F811C1846FEF753F810BD70B510483B
:1027400009240268FD20C00011180B7D2402082016
:1027500000211519A032127B0EE060244C43AE6EAE
:10276000A41C345D6407640F032C02D1DC0700D085
:1027700008465B08491CC9B28A42EED870BD000009
:10278000A0030020FFB50D4607468DB000200921AB
:10279000C906169E1446486038460E3003F0A2F96A
:1027A0000790B97CF87C0202387D0004104308438E
:1027B0000990787D06903846163003F089F90A9022
:1027C0003846183003F084F90B9038461A3003F07D
:1027D0007FF90C9038461C3003F07AF903903846A4
:1027E0001E3020370090F878C106C90E470909202D
:1027F000C00608918068A86400203146E864213151
:10280000052202910098FFF772FB0221E17000207F
:1028100022225055E0730B980C2250436061002037
:1028200031221055039801230001A061284621712F
:102830004030039083710B987149400240187149F0
:10284000896A814200D208460021686521810C987E
:10285000A081204640300B9A02800A9A0123520040
:10286000921CEA64039A9783039A9780A17121616D
:102870002380A26A1280A26A548001771B27FF215D
:10288000478049312B460182C0331A8A1B2A02D164
:102890005A8A8A4201D0102202771A8B8280C7801E
:1028A000078147818781C7815A8B42828182C18299
:1028B00001834183288C5449401C80B2884202D94C
:1028C0004942401880B260812884C7200190A16AE3
:1028D000C872052202990098FFF709FB0020F072E8
:1028E000218D3182F0750798B0610998F06120213F
:1028F00008988855FFF7C6FB8021012800D1B175E3
:10290000422002900590414804902F461098404B79
:10291000803700283AD0B86B0080B96B0198C87234
:10292000388F708210983B49006828611098406881
:10293000686106984843FF30F530A8650399012087
:10294000887718881946344A400712684123400F97
:102950005B01D21890706079C02210436071002032
:10296000B072A078C008C000801CA070BA6B1B2099
:1029700090720888A16A4001083088720020C04324
:102980003882B96B0322C91D029825E0786B00805C
:102990007A6B0198D072B88E70826079C022104331
:1029A0006071B172A0781D4DC008C000401DA070BC
:1029B00018884101A06A19318172796B0A208872E6
:1029C00006F034FC796B0322C91D029803F052FF14
:1029D000796B03222846091D03F04CFF0120FEF706
:1029E00033F9A16A0322C91D059803F043FFA16AC8
:1029F0000322091D049803F03DFF11B0F0BD000053
:102A00009AFDFFFFA8090020FF0E0000FA00300029
:102A1000C0000020E2040000A00300202C01B00050
:102A2000F0B50D4689B000270921C9060E9E14464F
:102A30004F60827BC17B94460B02017C0A04417C7F
:102A4000090611431943624611430491827CC17CFB
:102A50000B02017D0904194311430591027E417E59
:102A6000090211430691827EC17E09021143089139
:102A7000027F417F09021143009101461E310291FC
:102A80002030C0783146C006C00E213107900522A3
:102A900003910298FFF72BFA222047553120075562
:102AA000E7730220E07006990C225143616100999E
:102AB000FF220901A161207127810899A181204687
:102AC000403006990180A771276107771B2141805B
:102AD00049322B460282C0331F8A1B2F02D15F8AE4
:102AE000974201D0102707771F8B8780C180018113
:102AF00041818181C181598B41828282C28202835C
:102B0000428301202080A06A0080A06A4480288C33
:102B10002F49401C80B2884202D94942401880B2F5
:102B200060812884A06AC727C7720522039902988A
:102B3000FFF7DDF90020F072218D3182F0750498E5
:102B4000B0610598F061202107988855FFF79AFA3F
:102B50008021012800D1B175422003908035029078
:102B6000686B0080686BC772A88E7082C02060712D
:102B7000B172A078174EC008C000401DA070164862
:102B80000088A16A400119308872696B0A20887236
:102B900006F04CFB696B0322C91D039803F06AFE23
:102BA000696B03223046091D03F064FE0120FEF725
:102BB0004BF8A16A0322C91D029803F05BFEA16ACB
:102BC00003220648091D03F055FE09B0F0BD0000C0
:102BD000FF0E00002C01B000C0000020FA00300001
:102BE0003EB50B4801AA0468694602A8683400F0A3
:102BF0001FF800280BD06846007AE1880122824045
:102C0000114204D069460978019AFDF775FB3EBD73
:102C1000A00300200548002100686830017141715F
:102C20000268D208D2000260C1807047A003002071
:102C300070B514460D4A136872B668331A79002AC3
:102C400001D0012500E0002500221A715A79027096
:102C500018784007400F087018684001000AFBF719
:102C6000FBFD206062B6284670BD0000A003002076
:102C700010B5EDF763FE10BD10B5EDF739FE10BDD0
:102C8000F8B51D460F4602230446C10612481646F3
:102C9000006803D50322BF210C4008E00721090288
:102CA0004118897F090601D40020F8BD01222107BF
:102CB000890E08180121C9024018C06C2146FCF792
:102CC0002BFE010006D00F71CE800D722046FCF75E
:102CD0000FFEE9E70720F8BDA003002070470000C1
:102CE00070B50E4601230446C10612481546006819
:102CF00003D50422BF210C4008E0392149014118C5
:102D0000C978090601D4002070BD02222107890E6E
:102D100008180121C9024018C06C2146FCF7FCFDCF
:102D2000010005D00E71CD802046FCF7E1FDEAE7F9
:102D3000072070BDA0030020BFF34F8F0349024856
:102D4000C860BFF34F8FFEE70400FA0500ED00E016
:102D500010B5EDF72DFE10BDFFB581B006460A98FF
:102D6000032113300843401C83081F48F106006804
:102D700003D50722BF210E400CE03921490141183B
:102D80004A79920602D58979890702D4002005B0D4
:102D9000F0BD05223107890E08180121C90240182B
:102DA000C06C3146FCF7B8FD05001AD002982871B6
:102DB000039868712C462F1D18340622A81D04990B
:102DC000F7F721FC0A983872FC6020460A9A0B99A2
:102DD000F7F719FC0C98387429463046FCF788FD43
:102DE000D4E70720D3E70000A003002010B5029A23
:102DF000EDF7B2FD10BD0000FFB51F4605230646E6
:102E0000C1061E4881B0006803D50522BF210E40CF
:102E100009E03921490141184A79920629D5897971
:102E2000C90726D003223107890E08180121C902DB
:102E30004018C06C3146FCF76FFD04001CD00298AE
:102E400020710398E08027720A9860722046251D41
:102E500006220A300B99F7F7D6FB0C98A8810D983B
:102E6000E8810E9828820F98A87421463046FCF716
:102E70003FFD002005B0F0BD0720FBE7A0030020C8
:102E800070470000F8B51D460F4603230446C106EF
:102E900016481646006803D51022BF210C400BE0EF
:102EA0003921490141184A79920602D589794907A1
:102EB00001D40020F8BD0D222107890E0818012138
:102EC000C9024018C06C2146FCF726FD01000AD05B
:102ED0000F71CE800D81069A4A81079A8A81204619
:102EE000FCF706FDE5E70720F8BD0000A003002081
:102EF00070477047FFB504230546C1061F4881B0DF
:102F00000C9E006803D50C22BF210D400CE0392136
:102F1000490141184A79920602D5C979490702D474
:102F2000002005B0F0BD0A222907890E08180121EA
:102F3000C9024018C06C2946FCF7EEFC040019D009
:102F40000298207103986071271D0622A01D049924
:102F5000F7F759FB0A9838723846062209300B9960
:102F6000F7F751FBFE7321462846FCF7C1FC002011
:102F700005B0F0BD072005B0F0BD0000A0030020A3
:102F800010B50023F5F74CFE10BD7047F1B51D4C90
:102F9000072520682D024119097F002690B0890776
:102FA00001D53A262BE0F927FF00C2192021002085
:102FB00000F015FA002801D01F2620E040226846C4
:102FC0001099F7F720FB2068022341190A7FC019E6
:102FD0001A430A776946EFF725FB002807D02068D7
:102FE00012264019017FFD221140017707E072B6D9
:102FF00020684030C1794906490EC17162B6304639
:1030000011B0F0BDA0030020704770470A4610B50C
:1030100001460020F6F702FA10BD10B50146002265
:103020004120F6F7FBF910BD10B50D4807210068E7
:10303000090241180A7F002493070DD402231A4382
:103040000A7772B64030C1794906490EC17162B63D
:10305000EFF710FB002800D03A24204610BD0000F6
:10306000A00300207047704770B5054600244078E3
:103070002646022801D0042803D1F8F775F8002865
:103080000DD0084839210068490103192A5D5B18F1
:10309000641CE4B29A71082CF7D3304670BD112637
:1030A000FBE70000A0030020F0B5069E079D059CED
:1030B0000180144F091FB9421FD24280121FBA4229
:1030C0001BD211499A1F83808A4216D2A21FC48044
:1030D0008A4212D29C4210D3FF21F43106818E42E3
:1030E0000BD809494581091F0A3D8D4205D208992F
:1030F0008181099AC2818A4201D21220F0BD00204A
:10310000F0BD0000FD3F00007B0C000070477047E1
:10311000FEB5064602200190B0880090B5790321E3
:10312000681D0843401C83081348022100688C0274
:1031300008300019377B1122C06CFCF7EDFB04004E
:1031400017D00098A0800020A771E07101462346A7
:1031500025812A4630460A33F7F734FC2146019888
:10316000FCF7C6FB002401213046F7F7CFFC2046D0
:10317000FEBD0724FBE70000A003002000207047ED
:10318000F8B5074685880E4810220068D40108303B
:103190000226001901233146C06CFCF7BDFB01007B
:1031A0000CD08D8001220024CA803046FCF7A0FBA1
:1031B00000213846F7F7AAFC2046F8BD0724FBE7B4
:1031C000A00300200170090A4170704701700A0ACB
:1031D0004270090C8170704701700A0A42700A0C33
:1031E0008270090EC170704701700A0A42700A0CA1
:1031F0008270090EC170704701700A0A42700A0C91
:103200008270090EC170704701700A0A42700A0C80
:103210008270090EC170704710B5C2780D4C0868F5
:103220002168A0310979C90705D0FFF771FF00288F
:1032300006D0432010BD01461046F4F74BFDF6E7DB
:1032400072B64B212268490152181178491E11703B
:1032500062B610BDA003002070B503464322DC789F
:103260000026086810E005680660C17CC90702D026
:10327000FFF786FF03E001462046F4F72BFD02002E
:1032800001D043220EE028460028ECD1002A09D1C3
:1032900072B6054801684B20400109184878401E65
:1032A000487062B6104670BDA003002070B5C578A6
:1032B00004460E462846F4F71CFD31462846F1F731
:1032C00009FC0020E070A078BF210840A0704520D4
:1032D00070BD10B50446C078F4F70BFD0120E07016
:1032E000A078BF210840A070452010BD10B504464D
:1032F000C078F4F7FEFC0220E070A078BF210840FF
:10330000A070452010BD10B50446C078F1F7E2FB6F
:10331000002806D00520E070A078BF210840A070EA
:10332000452010BD70B5C57804460E462846F4F712
:10333000E0FC31462846F1F7CDFB0320E070A07891
:10334000BF210840A070452070BD0621C170817862
:10335000BF22114081704520704710B50446C078E7
:10336000F1F7B8FB002806D00A20E070A078BF2152
:103370000840A070452010BD70B5C57804460E46C3
:103380002846F4F7B6FC31462846F1F7A3FB09209E
:10339000E070A078BF210840A070452070BD10B536
:1033A0000446084605F088FB0820E070A078BF219D
:1033B0000840A070452010BD10B5C078F4F799FC06
:1033C000002010BD10B50446084605F097FB072005
:1033D000E070A078BF210840A070452010BD30B536
:1033E00004460120002306E0D55CA54201D0002060
:1033F00030BD5B1CDBB28B42F6D330BD70B51148DB
:10340000092402683F2040011018037F0020240295
:103410001419A0320146157B10E0DA070BD06022A8
:10342000A66E4A43B21892785207520F052A01D06D
:10343000022A00D101205B08491CC9B28D42ECD898
:1034400070BD0000A00300200B49FD220968D200D6
:103450008A182032927E36311207120F824206D02D
:1034600009780A0705D44907490F814201D1012093
:103470007047002070470000A00300200648016844
:103480004B204001081801788078814201D9012041
:103490007047002070470000A00300200648016824
:1034A0004B20400108184178C078814201D90120A1
:1034B0007047002070470000A0030020F0B5EF48DF
:1034C000EF49006895B04418EE4941180391EE4960
:1034D0008968CA017ED54A03EB4909697BD4C8894A
:1034E00001225207801840888518888980184088F2
:1034F00006A9871828780607360F2846FFF714F91B
:10350000E1488068002867DA022012AB032E02D05F
:10351000052E69D07AE1DC4EF178C9065CD501212F
:103520007171D6490968E031097C002921D008A9C8
:10353000087003980C90099510A80E900A970B93A9
:103540000D940846F8F71CF930713079012843D002
:1035500001200006B0613069018A20468030026A8D
:103560001180018C30690182817A8022114381723D
:103570004CE104A92846FFF74BF8A81C01460A783D
:103580006B7910464A78120210438A78C97812047F
:10359000104309060843297800024906C90F084369
:1035A0001946AB792A7A1B021943EB7912061B04E0
:1035B000194311430902F7F7CBFD049922689142A0
:1035C000C3D1059962689142BFD1012806D0F07835
:1035D000400602E049E19FE088E002D5002030711A
:1035E000B6E70120307111E1A749C97809077DD5F7
:1035F000012600210922D2065160A0490968E03164
:10360000097C00292ED008A9087003980C90099510
:1036100010A80E900A970B930D940846F8F7B0F88F
:1036200001469948017110A8F6F759F901286DD0A3
:10363000954E3079012869D03069009006AB21465B
:103640002846F268FFF79EF88C490020096820316F
:10365000C8742046C030C17BB278914246D108215F
:10366000C173D3E00027089704A928460997FEF7FD
:10367000CFFFA81C01460A7810464A781202104370
:103680008A78C97812041043090608432978000291
:103690004906C90F084308906A79297A1046AA7921
:1036A000090612021043EA7912041043084300028B
:1036B000000A099008A8F6F712F9012800D100269F
:1036C000099801020898F7F743FD01466E48012268
:1036D0000271049A23689A4216D1059A63689A4245
:1036E00012D1012904D0C178090600E08EE00BD583
:1036F000C178890607D50699A268914204D1079935
:10370000E268914200D10771002E91D1A420015BA3
:103710005D480069018279E05B4A8B89A021095BE1
:1037200089B28B4201D101219171232149014118B4
:103730008979524D012969D1112189014218927D5F
:10374000FF2A63D037214A431218FF3241320394D3
:10375000507B002836D11321C9012E6813787618C2
:10376000B76806462A36BB552E68521C7618B768CD
:1037700006465236BB552E687618B76806467A3626
:10378000BB552E687618B7680646A236401CC0B2F4
:10379000BB550628E1D328684022401881682031B3
:1037A0000B7A13430B72816840310B7C13430B740B
:1037B000816860310B7E13430B768068A0300178FE
:1037C000114301700398007E012819D11121286846
:1037D00089014118897D372251430918FF202F3074
:1037E000405C00280CD10398FF31406B4831083011
:1037F000FBF7F8FB03988022406B017811430170BE
:1038000023212A6800204901511888711E48036944
:10381000997A090629D51D8A22468032918C89B26F
:103820008D4222D12F21158A095DD97200210923E9
:10383000DB065960FF23691E5533994200D8118277
:10384000002D04D1012181618078FDF7EDFD0B4849
:103850004921006849014018407E002802D001201B
:1038600003F010F80120FDF7EFF9074880684003E6
:1038700002D5204601F020FD15B0F0BDA0030020C8
:10388000580800003C09000054030020F0B5FF4830
:10389000FF49006801254418FD21C9004318FD496E
:1038A000ED0308468A68C06883B0AA4204D0856ADE
:1038B000AE7AEE273E40AE72D70100260125002FDA
:1038C00052DA570336D4570104D50922D20656607E
:1038D0000D7021E0570012D5C278521E1206120E4A
:1038E000C27003D10922D20656600D7042791706C4
:1038F00012D55206520E4271826942610CE0E64FC7
:103900003A4203D022221555826942610279C2707F
:1039100042795206520E42710927FF06DB6B3A6963
:103920009A1A130201221B0AD20593421CD90D7068
:103930007E6019E00A699389012252079B185B880F
:103940009A18436B93420AD19278142A07D10246FF
:1039500040321346127FDF273A402A431A7701226A
:103960000369D20393430361CA498B68590213D593
:10397000C8490A69978901225207BF187F88BA1877
:103980004A61416B914207D191780D2904D10122FE
:103990000169120491430161002B6FDAB4210959C6
:1039A0004A8801214907BB4F5118F9610921C9060D
:1039B0004969C90DC90707D009207D70C006466056
:1039C0003D70B648B861E4E0008A80040AD5FEF78D
:1039D00059FB01282FD01C22F9694878024201D0F6
:1039E000001F4870AB49C869C96802788B6A5F8854
:1039F00001235B07FB181B781343DB0604D4A54B9C
:103A00001D700923DB065E60D243920715D008695A
:103A1000A04FC00377D5FEF735FB012874D01F20D7
:103A2000F969497808426ED009207D70C006466069
:103A30003D709A48ACE0FC22CEE7877843783A465E
:103A40009C461A2F72D2964B9A5CFF2A6ED0624522
:103A50006CD1042F13D0052F16D0062F2BD0022F98
:103A600032D00D2F37D00A69D3033BD589480921BD
:103A70004570C9064E600570884931E089E0894A81
:103A800008691043086184E082490869067046713C
:103A9000467086718670C671C67006728022027189
:103AA0004672C96801230A695B021A430A61C17D33
:103AB0000822114334E041230A699B029A430A61B8
:103AC0000121744889030BE0496B72480D60C0689E
:103AD000272141715DE06F4801228169D2051143C0
:103AE000816156E00B2F10D00E2F1BD0092F1ED056
:103AF0000C2F20D002466C4B39460020EFF76CFFAC
:103B0000002846D12CE03BE038E0684B61481A437E
:103B10000523DB029A430A610069C17DF722114047
:103B2000C17536E0102002430A6132E020E0012135
:103B300009035848D4E797070423002F07DA554FA5
:103B4000BB6102239A430823CE273B5500E01A436A
:103B50002A430A610522C01C2C31FEF7C8F918E07F
:103B60004C480822C068016911430161C77110E027
:103B70000869082210430861CF710AE0FF204FE76F
:103B80002146FB683A69F869F5F7AEFEB969084362
:103B9000B861404AD0681169076A8B8901214907D9
:103BA0005B1800935B885918002351610193926858
:103BB00011239B041A421ED153011CD4436B8B4228
:103BC00001D0012300E000230293884201D00123A9
:103BD00000E000239C46002F0DD0029B002B0AD052
:103BE0006346002B07D0FB7CDB0904D03B68002B2D
:103BF00001D001230193520202D4019A002A72D00B
:103C00004279930701D5002F17D052085200436B19
:103C10008B422BD14271D2060BD51E4A5570092218
:103C2000D20656601B4A224B157092691A43194BF3
:103C30009A618978152903D04AE02A434271E6E760
:103C4000014640318C460A46097FFD231940117711
:103C50000A073DD50F4A012392695B061A430D4BB3
:103C60009A61F72211406246117731E081422FD0EC
:103C70003A8ABB7C0021D2183A827A69BA61BE7452
:103C80003A8AFB889A4217D2FB7C13E0A0030020FB
:103C900058080000540300200000408008801000F5
:103CA000B8940510000101006C030020805401004D
:103CB00008800100DB0902D03F68202104E0D20621
:103CC00002D1BA691268BA619F4A93691943916136
:103CD00001690291002101914179C90704D09A49F3
:103CE000406B48612EE048E0002F06D0FFF7D6FB7E
:103CF000002802D1029840050FD59348C168416160
:103D00008068002802DB1120088000E00D8001227D
:103D10000869D2031043086114E0012001908B4927
:103D2000387C096809221202C0068918C00E496F42
:103D3000801C854A40185061009948803946D068F7
:103D4000FEF75EF9804F8121F86889010069084219
:103D50000AD0FEF797F901280AD01F22796948781E
:103D6000024201D0001D48700198002802D004E0F2
:103D7000FF22F3E70099B88A4880734F21463B69D8
:103D8000FA68F86901F010FA387801287ED13B46CC
:103D9000D8681B69417980229A7203894022125A9D
:103DA0005B1C0381234620339F785200002F02D1F1
:103DB0004769BF1A476100269E70836A9E7A112761
:103DC0003E439E722646604BC036B77B9B789F422F
:103DD00009D173899A1A728105D55B4A5C4F557077
:103DE00093693B4393614369574A002B04DC557048
:103DF000584F93693B4393618B060AD54B0705D413
:103E00005570554B91691943916102E0FB231940AC
:103E100041710179C1708179C90742D02746403785
:103E2000798E0089081A012180B2C903884205D31E
:103E300045484A4A45708169114331E0002830D134
:103E4000474800884007400FFDF73CFA00903E4885
:103E50004022C0688179490849008171317A490856
:103E6000490031729C21095B1152FA8D798D12053E
:103E7000120C944682898A4205D18369634502D136
:103E8000009A002A07D0304A402600E05AE09369A1
:103E90003343936101E00822B2738181F98D0901F6
:103EA000816129482F4FC1688A79930728D57623E5
:103EB0001B5B0E899B1B01269BB2F603B34205D305
:103EC0004570264A8169114381611CE0002B17D19E
:103ED000FD231A408A7180220169125921310A702A
:103EE000130A4B70130C8B70120ECA706034016988
:103EF000A27E20314A7101228169520511438161FC
:103F00004178002912D0C068002181700920C006C4
:103F10004160134800884007400FFDF785FA0B48C1
:103F20000168C819407E002806D108E007480168EA
:103F3000C819407E002802D0012002F0A3FC012015
:103F4000FCF782FE03B0F0BD54030020A003002064
:103F500008804000088004000880020008800800F3
:103F6000C000002020090000F0B5FF4885B00168BE
:103F7000FE480C18FE4EB168C8017DD52046803041
:103F80000090806B827AEE231A40827230464A0398
:103F90000125C068002A42DB4A0105D5002009211D
:103FA000C9064860357036E04A0012D5C178491E0E
:103FB0000906090EC17003D10922D206516035707D
:103FC00041790A0627D54906490E41718169416147
:103FD00021E0E84A11420AD0224620329570490277
:103FE00002D50321917000E09570816941610179EA
:103FF0002246C17040329179002908D00921C906B2
:104000008968A16400210223E1649377A165417965
:104010004906490E417100204621085543E03169A7
:104020008A890121490752185288436B52189342DA
:1040300013D19378142B03D09278042A08D00CE083
:10404000034640331A7FDF273A402A431A7704E0B9
:10405000012302699B021A430261806A408840186A
:104060007D210078095D0843C00606D4002009219F
:104070003570C906486010E07CE2606D01F09EFD7D
:1040800001460920C0060269236DD21A1202120AE3
:10409000914202D2357000214160F068012201692D
:1040A000D20391430161B168480213D53069808918
:1040B000012252078018408880187061F268536BA3
:1040C000834207D180780D2804D1412310699B02D7
:1040D00098431061002948DA0098806B41880120DC
:1040E0004007A34F0818F8610920C0064069C00DB9
:1040F000C00707D0002009217D70C90648603D70C7
:104100009D48F3E0F86841210069490108420AD05E
:10411000FDF7B8FF012829D01C22F86941780A422E
:1041200001D0091F4170F8697D2201781155C943FA
:1041300089071DD0F8680069C00370D5FDF7A2FF9C
:1041400001286DD01F20F9694978084267D0002006
:1041500009217D70C90648603D708748B861F868DC
:104160000121026909048A430261C0E0FC22D4E70C
:10417000867841781A2E76D2804A925DFF2A72D0D4
:104180008A4270D1022E15D0F9684A79D2065BD4E2
:10419000062E16D00A69D30328D5002209237D7084
:1041A000DB065A603D70744ABA6101200A69000456
:1041B00082435CE0F868406B0560F9682320487131
:1041C00095E00122B86992031043B8616C4A08690E
:1041D000104015225202104308612046C030C17BB6
:1041E000BA78914230D10821C17380E0002E18D0F6
:1041F000012E2AD0032E2DD00A2E35D00B2E38D0EA
:10420000082E39D0092E3AD00C2E3BD002465D4BF9
:1042100031460120EFF7E0FB002868D14BE05DE07C
:104220005AE00A463E46214605F033F8F0698179A6
:10423000C079000208435449400240185349896A32
:10424000814200D80846606551E00A46214605F0E3
:1042500009F84CE0BB698026334341200004024347
:10426000BB610A6143E028E08920C00105E00A61E2
:104270003DE047480240FAE710200243F7E70121FA
:10428000090327E03B4697070426002F08DA9F69B9
:1042900037439F6102239A430823CF26335502E018
:1042A000D30700D132432A430A610522C01C2C31B6
:1042B000FDF71DFE1BE0072E06D0F86808220169F5
:1042C00011430161C67112E0F969C9780E290ED156
:1042D00001218906B9610AE0FF2034E72146FB6825
:1042E0003A69F869F5F700FBB9690843B861204BF2
:1042F000D8681969066A0F8A01225207BF18019708
:104300007F88BA1800275A6102979B681127BF045B
:104310003B421ED15F011CD4476B974201D001275D
:1043200000E000270397904201D0012700E000271A
:10433000BC46002E0DD0039F002F0AD06746002FE9
:1043400007D0F77CFF0904D03768002F01D0012780
:1043500002975B0202D4029B002B78D043799F071F
:1043600001D5002E20D015E0A00300205808000041
:10437000540300200000408008001000B89405108D
:10438000DFFBFEFF6C0300209AFDFFFFA809002061
:10439000BFFFFEFF5B085B00476B974243D1437151
:1043A0009378042B05D016E02B431F462F4347710B
:1043B000F2E72346C033DF7B082F05D1DC4FBF78FF
:1043C000DF737D277F029F81D94B01279B69FF0601
:1043D0003B43D74FBB614379DB060CD5D44B092750
:1043E0005D700023FF067B60D14BD24F1D709B692F
:1043F0003B43CF4FBB619278152A32D107464037F5
:104400003A7FFD231A40BC463A77130729D5C84B9B
:1044100001279B697F063B43C54FBB61F7231A40C9
:1044200063461A771DE082421BD0338AB77C002294
:10443000DB1933827369B361B274338AF788BB4284
:1044400002D2F77CFF0903D03668202205E068E03D
:10445000DB0602D1B3691B68B361B54B9F693A4370
:104460009A6142790027D20717D0B14A436B536152
:104470009A78052A3BD1026920231A430261002061
:1044800008704871487088718870C871C870087267
:10449000087148728020487229E0002E0AD0FEF789
:1044A000FDFF002806D1A2483322C16852010969E4
:1044B000114209D09E490122C868486105800169FE
:1044C000D2031143016112E09B4A317C1268092337
:1044D0001B02C906D218C90E526F0127891C891800
:1044E0004161019A51803146C068FDF789FD904EC7
:1044F0002121F0688901006908420AD0FDF7C2FD58
:10450000012809D01F2271694878024201D0001D9C
:104510004870002F02D004E0FF22F4E70199B08A2E
:104520004880834EF26810694106890F13D08006D7
:104530003178C00F012902D0B16849031CD5002889
:1045400004D03069C17D0823194303E03069C17D7F
:10455000F7231940C17521463369F06900F024FE44
:10456000307801280BD000997448896B0322091D0B
:1045700002F080F905B0F0BD0028E7D1E1E76C4812
:104580000121C26800695379C67A01962026365CFB
:1045900000278772204620300290807803281CD1A3
:1045A00097796348002F18D19F06BF0F15D1624F2E
:1045B0003F682037FF7C002F0FD1176A002F0CD1E6
:1045C000CF273F5D8078874207D09089411C704398
:1045D000019E89B2801980B201904020805A1689CC
:1045E000400048437118118102998978002902D14D
:1045F0005169091A51610099896B8E7A11273E43DE
:104600008E7226464A49C036F77B89788F420AD196
:10461000B189091AB1810FD54549494F4D708E694D
:104620003E438E6108E056694149002E04DC4D701E
:10463000444F8E693E438E61990605D53C49424EF2
:104640004D708B6933438B6111792746D1704037A8
:10465000BD71E16C80B20818E0649079FB210840DC
:10466000334E9071C00717D0B88E1189401A0121BE
:1046700080B2C903884205D375703449B0690843D4
:10468000B06109E0002807D1012300212046F5F799
:1046900075F9B1690843B061F06881798A0723D55B
:1046A0003A8F0389D21A521C012392B2DB039A4239
:1046B00005D375702549B0690843B06114E0002A3C
:1046C00012D1FD2211408171306900992130496871
:1046D00001700A0A42700A0C8270090EC1706034BF
:1046E0003069E17E20304171019801F033FB31697E
:1046F000C8720298002787707078002802D0B078BE
:10470000FCF792FE0C4C582120680D5449214901B8
:104710004018407E002802D0012002F0B3F80120AA
:10472000FCF792FA20684030077605B0F0BD000033
:104730005403002008000100A0030020FA0030000C
:10474000088040000800040008000200080008007B
:10475000FFB506468DB050890690F94809210068DA
:1047600009020A904018806E14460C905279204637
:10477000403051061D460B90002901DBE8076FD041
:10478000002008900B9800880190A089A1698446B8
:10479000A0784007400F05282FD003282DD00120F6
:1047A0000990BF20024062710E9FEA0738464030F0
:1047B0001037002A09D03C21089100210E9F069154
:1047C000019181838C468180083739220A9B5201EE
:1047D0009B185A79920612D5DA7992070FD58088FC
:1047E000019B624601920390009302913946069B19
:1047F000089A0998F7F70CFB32E00020D0E700791F
:104800000903090C6246019B0293039204910590EF
:10481000786801970002000E00900A98A030007995
:10482000C00701D0002000E010208030099B069ACC
:104830000899FEF7E1FAE8070899C00F08430FD17D
:1048400078680622C003C10FBE48006881633946FC
:104850003930F5F7D8FEBB4800683830F5F720F856
:104860000E9F28070122C037002872DA206984468B
:10487000E80301D5162017E0A80301D5132013E0A3
:10488000280301D528200FE0E80201D53D200BE0E8
:10489000680201D5222007E0680334D5607900065C
:1048A00001D4082000E03E200290B87B60214843FC
:1048B0000C994018A04201D10820B873F87B602100
:1048C00048430C994018A04201D10820F8739E4833
:1048D000008843079A485B0F0068014640314F7BD0
:1048E0009A4097434F73052261469202114220D0AD
:1048F00029041ED5218A49040ED5A0300079C007AD
:1049000003D0002002E01F20CEE710208030069A5E
:104910000299FEF7E5F90CE0A0300079C00701D05C
:10492000002000E0102000238030069A0299FEF754
:10493000A7F9206A002801D0EDF7A4FC002020622E
:1049400060627F48A4210068095CC90702D0002585
:1049500001E039E010250299069F02238035079176
:10496000E90603D50222BF210D4006E00721090216
:104970004118897FC90614D500222907890E091814
:104980000120C0020818C06C2946FAF7C5FF0100D3
:1049900007D000220A71CF80079A0A722846FAF7D8
:1049A000A7FF20463830F4F78BFF00272761E06926
:1049B0003D46002807D0828806998A4203D101210A
:1049C000F6F7A4F8E76187E1680621D5A0784007EB
:1049D000400F052801D1A1696161002105280CD093
:1049E000208BA2890004000D019000920B98069A7A
:1049F00003888020FEF746FA6EE1606B43890289E6
:104A000001930092C3888020069AFEF73BFA6AE081
:104A1000680723D5802004904948072100680902CF
:104A20004118C97F0223069F0907CCD59902401877
:104A30000C22C06C0499FAF76FFF0100C3D08F807D
:104A4000F2788A713379727912021A430A81B37942
:104A5000F27912021A434A8104983BE12805800F3B
:104A600006D00E98694631C1684600F09FFA33E1DE
:104A7000364805423DD0E80401D5002000E01A2068
:104A8000079006980290F01C8021089005912C4810
:104A900039210068490141184A79032392061AD541
:104AA0008979090717D50121C90240180E22C06C67
:104AB0000599FAF731FF019000280CD00799017190
:104AC0000299C180082208300899F5F79CFD0199E8
:104AD0000598FAF70DFFA0784007400F052802D08F
:104AE000022803D0F8E00820B873F5E00820F87336
:104AF000F2E068042CD5208A4004114800680CD5E7
:104B0000A0300079C00701D0002000E01020002173
:104B10008030069AFEF7E4F80CE0A0300079C00778
:104B200001D0002000E01020012300218030069AEF
:104B3000FEF7A6F8A0784007400F0528D3D0CBE0B9
:104B4000A003002060030020C0000020001000042B
:104B500028021ED5208A00051AD59348F1780068EE
:104B6000A0300079C00701D0002000E01020002311
:104B70008030069AFEF784F8A0784007400F052899
:104B800001D10820B873432120698902884320613C
:104B9000A2E00E992A06803184480191002A26DA83
:104BA00002A9334607910D337F4900930968169F88
:104BB00009180822F01C2637FDF799F9F17A307BA5
:104BC0000822000208430199C88307990098FDF75D
:104BD0008EF9009B0422184639460830FDF787F904
:104BE00001980299C16301980399016474E0290155
:104BF0003CD56D49A4220968525CD20701D0002738
:104C000000E010270818039001980323C08B803719
:104C10000590F80603D50622BF20074009E0392099
:104C2000400108184279920656D58079C00653D5BE
:104C300004223807800E41180120C0020818C06CF9
:104C40003946FAF769FE0190002845D0001D029010
:104C50000699018002980822801C0399F5F7D3FC7D
:104C60000298059941813846019933E0A80200D5A0
:104C700039E7A80130D5802001900B98069F408924
:104C800002900B983921008B07900B984901C0893D
:104C900006900B980323408B04904348006841180A
:104CA0004A79920618D58979490615D50121C90294
:104CB00040180622C06C0199FAF72EFE01000BD0B5
:104CC0008F80029ACA80079A0A81069A4A81049ABA
:104CD0008A810198FAF70CFEA8060AD5206A0168B5
:104CE000216200210160226A002A00D16162EDF791
:104CF000C9FAE8061AD5FDF7C5F9012852D01F27D1
:104D00007078B11C0740E0693A468068F5F7FFF912
:104D1000E069C780E069002707603078E1698007B3
:104D2000800F0873E069EDF75DFAE761E80137D5B8
:104D30001698C18901204007091849880818017888
:104D40004906CD0F06A9FDF7EFFCA1200090A67B38
:104D5000069808900798099013483921006849017E
:104D60004118497E0223C9071AD09902001D401834
:104D70000F22C06C0099FAF7CFFD040010D0267105
:104D8000271D6571042208A9A01DF5F73CFC04222B
:104D900009A9B81DF5F737FC21460098FAF7A8FDD8
:104DA00011B0F0BDFF27ABE7A00300209C09000075
:104DB000F0B58FB0076841680A917949794A096866
:104DC000008989180B910121099100210891400562
:104DD00014D50B988469C6692078617B05072D0F6F
:104DE0008909012903D1C00901D0012000E0002078
:104DF0000890022D0CD9062D08D109E00B983C6BC8
:104E0000066A207805072D0F042D01D00020099097
:104E1000E0798009012804D12078400601D50121DC
:104E200000E0002160480170E020C05D00283DD016
:104E300001208646002084463078132100901DE032
:104E400000200D9042182318B25C9B789A4201D042
:104E500001220D92401CC0B20628F3D370460028F0
:104E600004D00D98002801D0012000E000208646E3
:104E7000891F6046401CC0B2C9B284460098844570
:104E8000DED3704600287AD00098401CC0B20428B7
:104E900000D9042030701222711CF01DFDF727F894
:104EA000314606221331A01CFDF721F8062D02D051
:104EB000022D02D002E0022500E003252078400602
:104EC000C00F0490012D0AD06078801FC606F60E30
:104ED0003348F0210068095C012914D02FE0002636
:104EE00069462046FDF794FB2D480068E030007CC1
:104EF0000028EDD10098396888424FD1019879682F
:104F000088424BD11BE01121890141180A7DFF2AFB
:104F100015D025490B78012B01D102234B70372383
:104F20005A431218FF320132927E4978D20010188B
:104F3000232252018018007B4018C0B204900998C7
:104F400000282BD00A982037807B0296009401908D
:104F500038792A46049B0899F6F74EFE00281DD1A1
:104F60000A982146807B029008310D4800960191F5
:104F70000068A0300079C00702D0002001E00DE0F9
:104F80001020A1210843A31C2946049AFDF7E4FE42
:104F9000002803D00B980021006A01700FB0F0BD0B
:104FA000A00300203C0900009C03002010B5FFF77F
:104FB000FFFE10BDFEB5507915698007566B1F4680
:104FC0001446800F0DD1A8050CD501204002854361
:104FD000000105436C48306060790121084360712D
:104FE0001561FEBD280609D55120C0018543E8049E
:104FF00001D4402005436548256198E0E80439D58F
:10500000F2F7CFFB0090F2F7CCFB0190F2F7C9FB6F
:10501000029001200003854303208002054325619F
:105020006079012108436071606B39462E3110228E
:105030000C30FCF75CFF263702983870010A797053
:10504000010CB970000EF87051483060616B082295
:10505000081DC91CFCF74BFF616B022208461C307F
:105060000B31FCF744FF616B0C2268460D31FCF7F5
:105070003EFFFEBD680235D5F2F793FB0190F2F7D3
:1050800090FB0090F2F78DFB014601AA00203D182D
:1050900013782035AB72401CC0B2521C0428F6D3E2
:1050A00000983C4A00068018306000980A06000A02
:1050B0001043706001980A0A03061A43000AB2609E
:1050C000F0603548009A03681320C0011818426246
:1050D00081626079012108436071206989058843F4
:1050E0002061FEBD6805FCD4680716D52146203135
:1050F000487C00280DD1294830602748006880305E
:10510000408C00043030706062790120024362718B
:105110004874042085432561FEBD28070827002820
:105120000BDAE079BD431E49000640182561306066
:105130006079012108435071FEBDE80610D51020AA
:1051400085432561FCF79EFF1649400740183060F3
:1051500000207060B0606079012108436071FEBD7D
:105160006803FCD51046F3F77CFA002804D02046EB
:105170004030017F39430177012080048543256158
:105180006089F4F71BF8FEBD0301060003010B0064
:1051900003170300130D0400A003002003060C0BEB
:1051A0000302070003090909FFB515691E46A80394
:1051B0002E3689B01C461746002833DA102269467D
:1051C0003046FCF794FE0924E4060398A061029897
:1051D000E061019820620098606235480168132000
:1051E000C0010818816AA162406AE0620A988030B2
:1051F000016C2163C06B606304F06FF8A06B0390D7
:10520000E06B02902B4801680191406800901022E9
:1052100031466846FCF76BFE0120400485433D6142
:105220000DB0F0BDE8053CD505A801460090102260
:105230003046FCF75CFEFF200130854341208002B0
:1052400005433D610998082201A9C01CFCF74FFEE7
:105250000998214604222A310B30FCF748FE1548F4
:1052600005A92838FCF7B2FE0924E4060298A062DA
:105270000198E062786B082203A90D30FCF737FE35
:10528000049820630398606304F027F8094905A88F
:105290000839FCF79BFE102231460098FCF727FEE8
:1052A000BEE7A07A0006BBD40A9800F005F8B7E77D
:1052B000A00300204000004810B504468034606C14
:1052C000002803D0FDF722F80020606410BD000024
:1052D000F0B599B001200E90FD48FE490068FF4EE0
:1052E0004518FD21C9004418FB49471801211091B8
:1052F00000210F910497F949B2680969D30116D5C5
:10530000530314D5B8680A8A80B282420DD1009145
:10531000386A00232946F268FDF782FBC035A87B76
:10532000B178884201D10820A87319B0F0BD002AD5
:105330007EDACA8901235B07D2185288D6182A461A
:1053400020320D92D278022A73D033781B071B0FBC
:105350001193012A05D1022B03D0012B01D0042B7C
:1053600054D101220F9200228A72FA684A82FA68A6
:10537000927AE36B94460922D20612699A1A1302B2
:1053800001221B0AD205934238D900220923DB06E9
:105390005A60049A9446D268927A49235B01C018F5
:1053A0000790807E00280BD060460123C0681A4316
:1053B0008272C87A84462438C0B2032806D006E038
:1053C000112002436046C06882721CE00020079AE8
:1053D0000123927E83401A42049209D1401CC0B23C
:1053E000032800D100200123049A83401A4202D0EE
:1053F0002530C0B284466046C87204E06046EE21A3
:105400000840F96888722846FFF756FFB048F02137
:105410000068095C002905D1232149014118097A56
:10542000002922D01321C90140188068002101E021
:105430006AE22CE16A461173059016A8069004965C
:1054400014A809900797089503A8F6F799F9A349B6
:105450000871A248007901287ED0119804280D987F
:10546000C0787AD0012879D0FBE030780AA900070B
:10547000000F09903046FDF757F904A93046FDF7B3
:10548000C7F8B01C01460A7810464A781202104349
:105490008A78C9781204104309060843317800025B
:1054A0004906C90F084306907279317A1046B279DD
:1054B000090612021043F279120410430843000255
:1054C000000A010207900698F5F742FE0146834A5A
:1054D000002010710998032804D0052802D0012863
:1054E00004D00BE07D4A0120107107E004982A687F
:1054F0009042F7D105986A689042F3D10D980079EF
:10550000002804D0002902D17449012008710998AB
:1055100004289ED16E4801681320C00108188068D5
:10552000082142181378194653781B0219439378BF
:10553000D2781B041943120611430B020178C01CD8
:10554000C9090B43082141180A7810464A7812020B
:1055500010438A78120402E0ACE192E010E0C978CE
:1055600010430906084300020699000A994203D134
:105570000799814200D16CE7584901200871C0E1C8
:105580000AA93046FDF7D0F8514813230168DB0122
:10559000C81880680B9A0178D2034906D20F490EC9
:1055A000D201114301704A4806220168C818816877
:1055B0000AA80831FCF79BFC4548F0210068095C0B
:1055C000012905D0232149014118097A002927D052
:1055D00011239B01C118097DFF2921D03722514396
:1055E0000918FF314131497B012919D01321C90123
:1055F00040188068402302781A4302703448112210
:105600000068920182184118127D37235A431018FE
:105610008968FF3006224130891CFCF768FC20E0D5
:105620001323DB01C0188068BF22017811406A682B
:10563000D203D20F92011143017025480168C818A6
:10564000816828688870020ACA70020C0A71000E0C
:1056500048711F480168C8188168A8888871000AC5
:10566000C87101211D48890281610D98C078012807
:105670007ED1119802287BD0012879D0002010908B
:10568000A0E0012875D1C1021448816139E1F021FF
:10569000095C002905D1232149014018007A00281E
:1056A0001ED00120694608730020059016A80690B8
:1056B000049614A809900797089503A8F6F760F8D0
:1056C0000649087114A8F4F70AF9012878D079E09E
:1056D000A0030020580800003C09000054030020EB
:1056E000307806A90207120F30461392FDF71CF816
:1056F00004A93046FCF78CFFB01C01460A7810461E
:105700004A78120210438A78C978120410430906B5
:105710000843317800024906C90F0843089072799E
:10572000317A1046B279090612021043F279120456
:10573000104308430002000A010209900898F5F797
:1057400007FD844638697969AB4B00221A71139AB8
:10575000032A15D0042A13D0052A11D0022A0FD00B
:10576000062A0DD00D9A1279002A0CD0604601E06D
:1057700028E02BE000280CD0139801280CD017E06B
:1057800001221A71EEE7069A824202D107988842F6
:10579000F2D001201871EFE704982968884203D1FC
:1057A00005986968884203D001201871A9E007E0D4
:1057B000187901287ED008A8F4F791F8012801D1C2
:1057C00000200E908C480079012874D00D98C07884
:1057D000022870D10E9800286DD0B86886490969F2
:1057E0000882386A0590801C04900920C006216C4C
:1057F0008068081A0002071280480068806A0390D7
:10580000874209DAA06900F0D9F9C719208C401C39
:10581000208403988742F5DB384603F0D7FCC001AB
:10582000040C059880210078744A430630785B0E9A
:105830004000084003430598F02103701068095C9C
:10584000012905D0232149014118097A00293BD0BB
:105850001121890147187F7DFF2F19D03722574327
:105860003818FF304130407B012811D040200343DD
:1058700005980370614800684118497D5143081834
:105880000599FF3006224130891CFCF730FB1BE0F4
:105890000498296801700A0A42700A0C8270090E85
:1058A000C1700499A8880871000A48710598BF2141
:1058B000007801E025E021E008406968C903C90FCC
:1058C00089010843059908700AA93046FCF72CFFA6
:1058D00005980A9901720A0A42720A0C8272090E2C
:1058E000C1720B990173090A41738475210AC1754C
:1058F0000A9828610B98686119B0F0BD10980028CB
:10590000FAD00F98002845D13B48002102699172D6
:10591000F8685082F868817A0920C006E36B06694E
:105920009B1B1E020123360ADB059E4238D900214B
:1059300041603248036832481818C168897A49269C
:1059400076019B199E7E002E0AD00126C068314345
:105950008172D07A01462439C9B2032905D005E005
:105960001122C0681143817211E000219B7E3746ED
:105970008E40334208D1491CC9B2032900D100210D
:105980003E468E40334201D02531C8B2D0722846FF
:10599000FFF792FC0925ED066868002804D011E0A5
:1059A000EE200140F868DEE7144801684920400114
:1059B0000818407E002802D0012000F063FF01207B
:1059C000FBF742F9206C29690126401A0002000AFF
:1059D000F605B04290D3A06900F0F0F8216C4018B1
:1059E0002064218C491C21842969401A0002000A84
:1059F000B042F0D219B0F0BD54030020A003002043
:105A00003C0900000A480B49006840180921C906F2
:105A10000A69026500228030406A827208680028A4
:105A200004DA0548C1680889401C088170470000F5
:105A3000A0030020580800005403002010B51648A9
:105A4000164900684418A4200059817A4908490081
:105A50008172FCF717FB012814D0FF20013000F001
:105A6000ADF8216D40180002000A206501214906A9
:105A700040180921C90648600948C1680889401CC6
:105A8000088110BDE06C00F099F8216D401800020B
:105A9000000A2065EAE70000A00300205808000083
:105AA0005403002010B500200921C90648600748AA
:105AB0004921006849014018407E002802D0012099
:105AC00000F0E0FE0120FBF7BFF810BDA0030020AE
:105AD000017840780002084370470178407800025E
:105AE000084370470178427813028278C078120424
:105AF00000061043184308437047017842781302A8
:105B00008278C07812040006104318430843704797
:105B10000178427813028278C0781204000610439C
:105B20001843084370470178427813028278C0789E
:105B3000120400061043184308437047F8B51C468A
:105B400015460E460746FCF79DFA002805D0FDF7DE
:105B500055FC002803D00C20F8BD1120F8BD1249D7
:105B6000124A0968002089183A461B3AE12A00D3F4
:105B700030203346FF3B0E4A493B934200D330204E
:105B80002B461B3BE12B00D330202346FF3B493BF8
:105B9000934200D3302072B6C0318F82CE820D8303
:105BA0004C8362B6F8BD0000A00300205808000036
:105BB0000107000010B5FFF7C1FF10BD0649C20B79
:105BC00009684004096A400CCB0958435143000A54
:105BD0000818203080097047A003002008B5002075
:105BE0000090F8F769FCF8F737FBE1204002F8F77E
:105BF000CDFA2348F8F79CFA2248EDF7C3F90028BC
:105C000000D0FEE7FCF7D6FAFCF792FA1E4E00270A
:105C1000354660352C46E034ECF792FDEAF754FB4C
:105C2000002211460320EDF76DF93078002802D0EC
:105C3000FCF72AFA3770287C002805D0FCF72EFCE8
:105C40002F74F1F7ADFC0090607A002805D0FCF7C6
:105C500003FB6772F1F7A4FC0090F1F7A1FC009937
:105C6000F1F798FC09498842D6DBF1F799FC0090DE
:105C7000708807498842CFD000F026FACCE70000B0
:105C80004DE104108494051044080020B80B000076
:105C9000FFFF0000F0B52B4813240268E40110193F
:105CA000C0681121C901034651180C33CB67092381
:105CB000054688671B021835D1180D600C354D60FC
:105CC0000C358D600C35CD600C350D610C35CD6318
:105CD0000C350D640C354D6478308864002014193F
:105CE000D21811E0D16F45014D19602141430F4693
:105CF000966E3437F5510C254543E66884357519A1
:105D00002831966E401C75500F498D7F8542E9D829
:105D10000C4A002014681322D201A518E31807E0EA
:105D20002C680601A61944010834DF6E401C3E5160
:105D30008C7F8442F4D80348C96800688018816168
:105D4000F0BD0000A0030020A80900204101401878
:105D500080097047054925224143090C5143401AE7
:105D600080B2252800D32538C0B27047EB0600006A
:105D70000448FD210068C9004118A030007B896CEF
:105D800008547047A003002010B5054AFD2312688F
:105D9000DB00D218936C5C5C1C54926C505410BDA8
:105DA000A0030020F7B5074615462D48FD220168DF
:105DB000D2008E188AB00022AF6007920292A03102
:105DC000097B6A46117129700168B26CA031097BA8
:105DD000545C23E0706A6100405A80010090B06A10
:105DE000405A0299800104900098411A0520C00190
:105DF0000391814201D3081A039005AB2A4601A9F9
:105E00000B9800F02FF80499009841180520C00164
:105E10000818029068460471B06C045D1048006870
:105E2000A030007BA042D5D10298391A0520C001CC
:105E30000391814201D2002000E0081A039005ABD3
:105E40002A4601A90B9800F00DF8A868381A03D06B
:105E50000B99A9600DB0F0BD05AC0ECC0EC5F9E7ED
:105E6000A0030020F0B58C689D68A54203D860C9E6
:105E70002746E0C30839A04204D89068A04201D95F
:105E80000BC90BC2F0BD0000F1B5194BFD2118681C
:105E9000C9000246363241189646A030027B886C13
:105EA000805C0C462034A4461BE08D6C2C5C009E6C
:105EB000B04212D06646B67E3607360F86420CD008
:105EC0007646367877077F0F874201D1360704D5AB
:105ED00001260F7D86403E4201D1AC5400E00246CF
:105EE00020461C68A034247B8442DED1F8BD00002B
:105EF000A0030020F0B585B02DA0F9F763F83C4F62
:105F00003CA0F97AF9F75EF80020054647E0391819
:105F1000097B012914D01424401CC6B2691C3EA080
:105F2000F9F750F8B919221F68461031EBF702FB58
:105F3000221F3B496846EBF730FB002802D004E003
:105F40000624E9E737A0F9F73DF83549221F891CF7
:105F50006846EBF722FB002807D139A0F9F732F8A1
:105F6000234801216030417401742D49221F0C31F6
:105F70006846EBF712FB002802D138A0F9F722F8A7
:105F80002749221F1C316846EBF707FB002802D186
:105F900038A0F9F717F830196D1CC0B2EDB2F97AD4
:105FA000A942B4D839A0F9F70DF805B0F0BD00004A
:105FB0000D0A2A2A2A2A2A2A2A2A2A2A2A2A205062
:105FC00052494D41592053455256494345202A2AAA
:105FD0002A2A2A2A2A2A2A2A2A2A2A2A2A2A2A2A21
:105FE0002A2A2A2A2A2A2A2A2A2A0D0A00000000F6
:105FF000440800204E756D626572205072696D61B3
:106000007279205365727669636520666F756E6478
:10601000203D2025640D0A0025642D2D2000000060
:10602000F802002047656E6572696320416363650D
:1060300073732050726F66696C650D0A0000000072
:1060400047656E6572696320417474726962757424
:10605000652050726F66696C650D0A004163636567
:106060006C65726174696F6E2053657276696365E1
:106070000D0A0000456E7669726F6E6D656E746113
:106080006C20536572766963650D0A002A2A2A2AF4
:106090002A2A2A2A2A2A2A2A2A2A2A2A2A2A2A2A60
:1060A0002A2A2A2A2A2A2A2A2A2A2A2A2A2A2A2A50
:1060B0002A2A2A2A2A2A2A2A2A2A2A2A2A2A2A2A40
:1060C0002A2A2A2A0D0A000008B5022000900A4850
:1060D000094BC0891233401C81B208489A1E40887F
:1060E000EAF766FA010003D00548F8F76BFF08BD30
:1060F00004A0F8F767FF08BD8409002044080020C9
:10610000DC9805102121212121212121212121217A
:10611000212121212121204D61737465725F526517
:1061200061645F56616C75652829204F4B0D0A002C
:1061300018B51C490922096812028A186023926E58
:106140005843121864206B4618700923DB066C460E
:106150002078401E2070D868C00302D5207800281F
:10616000F5D12078086D496D030C180A0002C9B2F8
:106170000843D9B2002801D00B2901D97F200EE0B5
:10618000062359437F3901E04008891D1E28FBD8AA
:10619000FF23A2335843044BC018800A4018907361
:1061A00018BD0000A0030020A04600007FB51A49DA
:1061B00086B00968FD22D2008C1805460F9805A903
:1061C00010AA04AB00930292039101900EAB09AAAE
:1061D00000212846FAF7D4F906001AD1606A69004E
:1061E000405A8001FFF7EAFC21684518002020840E
:1061F0000E98A0616846808AA083109860846846E3
:10620000008AE0830548FFF7D9FC281A0002000A3B
:10621000206430460AB070BDA003002035020000A3
:10622000F0B5074621488BB000681E46FD23099152
:1062300000250891DB006946C4188D8290080792FA
:106240000D83082F0FD006A907AA05AB0093029271
:106250000391019008AB09AA07213846FAF790F993
:10626000010002D01EE082211CE008986060A0615D
:106270006A46636A128B78001A52A36A079A1A5206
:10628000E26A15526A46236B928A1A5207980C28C2
:1062900001D2832102E0102800D91020044A504383
:1062A0008008306008460BB0F0BD0000A00300205D
:1062B00071020000FFB5304F06468FB0FD223868EE
:1062C000D200189D1A998418082E21D00591A0306B
:1062D000027B09A8521CA16CF4F795F907A812A932
:1062E00006AA00920291039005AB01950021304669
:1062F000199AFAF745F905000CD0386809A9A030B9
:10630000027BA06C521CF4F77EF9284613B0F0BD56
:106310004120FBE76846858BA5811298E08168469D
:10632000008B60820598A0608446206B7100405A03
:10633000109B421C5A43E36AAD015B5AD21892B2D9
:10634000531CC018636A87B2595A00208E016168D5
:106350000B467943119F53437F08BE198E19E918E4
:1063600002E0401C80B26144B142FAD320821B9803
:10637000891B01600020C9E7A003002010B5034677
:10638000521E985C8C5C001B01D1002AF8D110BD14
:1063900010B5FCF7D3F9082803D3FCF743F9082814
:1063A00001D2012010BD002010BD0000FFB5294E14
:1063B000074689B0FD213068C9004518264905AB5C
:1063C00007AA06A86C4607910FC40CAB0BAA0121C3
:1063D0003846FAF7D5F80090002838D10C98686054
:1063E00069466A6A898A78001152AA6A0799115225
:1063F000EA6A0021115269462A6B098B1152092061
:106400003268000212183C466023926E5C43002101
:10641000631DD15432680A991218926EA31CD1548C
:10642000326800211218926EC9430833D152326883
:1064300000211018806E0F34015572B6297D01209D
:10644000B8400843287562B6084602F091FD0098EE
:106450000DB0F0BDA003002070170000F0B5FFB034
:10646000FFB085B00020009001900290534E039041
:1064700013203168C00108180025C76A04952C460E
:106480000595384600F036F9FC280ED0FE2812D0CB
:1064900000280CD013203168C0010818C06AEDF73D
:1064A000BAFC7FB07FB005B0F0BD641CE4B26D1CD7
:1064B00014370C2DE5D32546042C00D90424281BC1
:1064C000C0B206903D48002701681320C00108189B
:1064D000C66A0CE0304600F00DF9FC2806D106989B
:1064E000002816D0401EC0B206907F1C1436AF4262
:1064F000F0D3324D13262868F6018019C06AC00116
:10650000000CEDF779FE2868801900263546C76A29
:106510004FE0049950204143B3A808180146089061
:10652000304600F0D5F855210598C9000A1A04989C
:106530006946800007900A50059A09A98B18694698
:1065400042180898014640783E31C007C00F00F05D
:1065500037F8002807D0079900206A465050049861
:10656000401C0490C1E70798694609580598081827
:106570000590F4E7502029464143B3A809180022AA
:106580003846049100F0C0F8A900684605914258C9
:106590001437002A08D009A80499831948783E3195
:1065A000C007C00FF8F752FA0598694608588619CF
:1065B0006D1CA542DED3002073E70000A00300207D
:1065C000FFB585B000F05EF8044607980026006825
:1065D00003900C200290204600F08CF80546FE281F
:1065E00035D0FC2D04D0002D02D0FA2009B0F0BD2A
:1065F000204600F063F82249A200521813686A4648
:106600001F0A17701F0C57701B0E9370641CA2009A
:10661000521813686A46D3701F0A17711B0C537106
:10662000641CA20051180F68FC2D09D105998842FD
:1066300006D1062268460699F3F7E1FF002808D044
:10664000B80804190298641C761C8642C3D35C20E7
:10665000CCE70398874201D94820C7E7079800256F
:10666000074E076008E0641CA000801901680898C4
:106670004019FCF7C9FD2D1DBD42F4D30020B5E73C
:1066800000000410044801681320C0010818C16A02
:10669000006B081870470000A0030020810010B5AF
:1066A00005480C182068010A09022046EDF7BCFDD8
:1066B0002068002010BD0000000004100349800085
:1066C00040180068C007C00F7047000000000410A9
:1066D000F8B5074F0E4604460025A000C019016812
:1066E0007019FCF791FD641C2D1D502DF5D3F8BDDC
:1066F0000000041003498000401800680006400EA6
:106700004000704700000410F7B5002450260546ED
:10671000002A20D000270920C006016942685201E2
:10672000520F032A0ED042685201520F0AD040681D
:10673000401A0002000A02F049FD01461048814259
:1067400009D803E0FF20F530EDF74AF97D20C000BD
:106750007F1C8742DFDB01980019077841780B0224
:106760008178C0780A040106114319433943284649
:10677000EDF7BEFF241D6D1CB442ECD30020FEBD1E
:10678000CC04000001207047134610B50207920F99
:1067900005D00A4619460220F8F7F0FF10BD820620
:1067A00005D50A4619460220F8F724FF10BD8207D6
:1067B00005D50A4619460220F8F7DCFE10BDC007D1
:1067C000FCD00A4619460220F8F796FF10BD0000DB
:1067D00070B51A4A1A4CD37B2268002B11D01A4E7E
:1067E000184B8009CDB2584375430B0A2D0A7343E9
:1067F00010355B19154D80305B09000A6943090C9F
:1068000004E0192312481B04FF21E931114D1186C0
:1068100069805362106209482038008EFFF7CEF974
:10682000E914884200D3481E40052168000E20313B
:1068300008752988090700D4687270BDC80900204E
:10684000A003002053070000F6BC08005505000017
:10685000C2F52800C00000201FB5054C40071ECC23
:1068600003946C460EC4000F6946085A04B010BD6C
:10687000AC96051003E00870000A491C521E002A5D
:10688000F9D17047F0B57E4C05467E49206891B03D
:106890004018089000200D9072B6F2F749FE0028CB
:1068A00001D1002D07D0764800250168492040011C
:1068B0000818467EDFE062B60D9811B0F0BDF00713
:1068C0007ED07149A80140180E906D4801680920DA
:1068D00000020818816E602068430C18A178206AB5
:1068E0004907490F02294BD1A179490748D400280B
:1068F00046D04020005B400009900002FFF75EF99F
:10690000039000200F905E4836210068095C0A075A
:106910000AD44907490FA94206D1012180300F91BD
:10692000416C0191806C06E00899C96C01910121CC
:10693000C9024018C0690090FF205F30FFF73EF9A0
:1069400051490C39497AC90041180098411A0398F5
:10695000081A07900E980B214156203005910078B7
:106960000A9000200290208906900920C006016943
:106970000798401A070201203F0AC00587422AD320
:106980006CE001200D9007990398081A079002996E
:1069900003980818029009990198401A01906169BA
:1069A00009980818606105990A98081A40B205907C
:1069B0000698401E80B206900598002804DA00E090
:1069C00056E0253040B205900920C00601690798BD
:1069D000401A07023F0A6420FFF7F0F82A490C39F1
:1069E000497AC900411826480068806A0818B842E8
:1069F00007D20120C005874203D209990198884235
:106A0000BFD802990098401A01020D98090A00287F
:106A10000CD01B4811220068D2018018806A081A25
:106A200000020012002801DD00200D900F980028C0
:106A300006D01348019A006880304264816408E0FF
:106A4000089A0198D0640E4802680120C00210180C
:106A5000C1610E990598C8720698208108480122E4
:106A60000168492040010818417EAA4091434176BF
:106A70006D1CEDB27608002E00D020E71BE7000069
:106A8000A003002058080000CC000020FFB593B000
:106A900014460FAA0BA9139800F076F810220021D3
:106AA00002A8F3F7B4FD002502AE06AF1DE0281DD5
:106AB00081B206AB10221498F3F784FF0020315CFA
:106AC0003A5C51403154401CC0B21028F7D306AA9A
:106AD00002A91398FCF754FA102206A902A8F3F7AA
:106AE00092FD1035103CADB2E4B2102CDFD827D0A7
:106AF0001022002106A8F3F78AFD002C08D01020F0
:106B0000001BC3192D1DA9B222461498F3F75AFF92
:106B100080200F21091B78540FAC0020395C225CC7
:106B20005140325C51403154401CC0B21028F5D362
:106B300002A9169A1398FCF723FA002017B0F0BDAB
:106B40002D1D0BACA9B206AB10221498F3F73AFF37
:106B5000E3E770B588B016460C46054610220021C2
:106B60006846F3F754FD032221466846F3F74BFDD0
:106B700004AA69462846FCF703FA032204A9304612
:106B8000F3F741FD08B070BDF0B589B003460020B1
:106B900015460C46009001900290039004AA6946A5
:106BA0001846FCF7EDF96846C07F872700060028E5
:106BB0006E46214604A80DDA00F025F868460770F5
:106BC0000020215C325C51402154401CC0B20F288F
:106BD000F7D301E000F017F8E07B294600062046D5
:106BE0000ED500F010F8684607700020295C325C72
:106BF00051402954401CC0B20F28F7D309B0F0BD52
:106C000000F001F8FAE730B5027852000A7001226C
:106C10001446835C85185B061B0E8B54203DED7F6C
:106C20002D0601D523438B54521CD2B20F2AF0D922
:106C300030BDC007C907C00F490F0843D107090F6E
:106C40000843D907C90E084370470000F0B5072470
:106C5000059E069DC4808468D2072173084C816814
:106C60002468D20F277E4F7381688A738168CB7343
:106C70008168E27B0A7481684E7480688574F0BD17
:106C8000A80300200146896800204A7B042A05D811
:106C90008A7B012A02D8CA7B920701D50A20704755
:106CA000044A097C1268927B914201D31029F6D9DB
:106CB00006207047A8030020F0B587B004461C22C8
:106CC00022496846EAF736FC227E0321D043830737
:106CD0001F48002B006804D0E37A1D0705D5D507AF
:106CE00001D0E1771CE09207FBD4E27E05252A4221
:106CF00012D0627E057E960096196F46F619AD5D3C
:106D0000E577002D0CD11B0708D4012A02D1027EA1
:106D1000012A01D0022202E0012200E00422E277EF
:106D2000407BC007C00F02D0E07F012806D0E07A88
:106D3000000709D5E07F022804D005E0E17747206D
:106D400007B0F0BD0020E0730020F9E7D4940510EF
:106D5000A8030020F0B50446807A2646603695B038
:106D6000102820D0D1287BD0D22879D0D32877D032
:106D7000D42875D0D52873D0F02875D0FE2877D0C8
:106D8000A2287FD0B2287DD0B42868D0BF28204662
:106D900077D000F0C8F8E07A000702D5204600F06E
:106DA000FFF815B0F0BD60786A46C107C90FA01C96
:106DB000F6F758F90227474D00282AD0EEF780FA57
:106DC000002824D0307DC00721D0F6F79FF9FA289B
:106DD0001DD000281BD0E079400618D50220149061
:106DE0003921286849014118C97B268901230907EF
:106DF0000DD5DD02083040191A223946C06CF8F76B
:106E00008BFD010003D08E801498F8F771FD0020EF
:106E10004AE069462046F6F7F1F920890104BAD51F
:106E20000221149106053921286849014118897BFE
:106E3000360D01230907AED5DD02083040191522B1
:106E40003946C06CF8F768FD0100A4D08E80149814
:106E5000F8F74EFD9FE703E006E009E012E027E0C7
:106E6000204600F06BF996E7204601F05BFB92E7C5
:106E7000307D00068FD57C2200212046F3F7C7FB2A
:106E800089E724E0E07A000704D5204600F0B8F84E
:106E9000002880D0E07F022802D1E07EC006D9D54C
:106EA000307DC00702D0B420A07274E7A420FBE7B5
:106EB000204610216430F0F7F7FAE07A000703D596
:106EC000204601F06FFD66E7B521A17263E701F08E
:106ED000B1FA60E7A003002010B57421095CC9076E
:106EE0000BD1817AA42909D0AC2916D0AF2904D1BD
:106EF000417F002914D0D021817210BD0446102199
:106F00005430F0F7D1FAE07A0007204602D501F0BC
:106F1000BDFC10BD00F0E2FC10BD00F027FB10BD71
:106F200001F088FA10BD10B5FFF7D6FF10BD10B5FF
:106F30000146807AA92802D1002000F08FFC10BD04
:106F400010B5FFF7F4FF10BD10B50446807AAA28EB
:106F50000BD0BA2809D0B92810D07420005DC00722
:106F600002D12046FFF7ECFF10BD204601F00AFFDA
:106F70000028F9D0012300220B210DE0E07F042836
:106F8000F2D1E07E410602D5BA20A07210BD000603
:106F9000FCD5012300220C21204601F00AFB10BD84
:106FA00010B5FFF7D1FF10BD70B50446134800259A
:106FB0000268402128463C32FCF711FA002804D030
:106FC00001F032FF01F0F2FC0DE0E07A4106890F9A
:106FD00003290AD07421095DC90708D0400602D5EB
:106FE000204601F05FFE284670BD0125FBE78106C3
:106FF000F9D49B210840E072F2E70000A8030020CA
:1070000010B5FFF7D1FF10BDFEB50446002000907B
:1070100025462646A07A2A3532360F46BC2821D08E
:10702000F12810D1E07A00071CD42046203001AAB4
:1070300029460290F6F7E2FA0222314601A8F3F758
:10704000DEFA002806D0224629463046F5F7C4FF6E
:107050004120FEBD09482B4600686A4602998030EF
:10706000F6F778F9102200213846F3F7D0FA227F9C
:1070700029463846F3F7C7FA0020FEBDA0030020DA
:1070800010B58268527B4A768268927B012A03D1CE
:107090000A7E02231A430A761A4B82681B68D27B47
:1070A00080331A728468647C5C728468A47C9C72ED
:1070B0008B7ED407E40F23438B76CB7E04242240BF
:1070C0001343CB768268127C0A777422525CD20713
:1070D00012D08B7F0522DC08E4008C7783689B7CD0
:1070E0005B075B0F23438B7780680830801800793B
:1070F0004007400F487710BD836806225B7C5B0722
:107100005B0FF0E7A803002010B57421095CCA07E3
:10711000417F07D0002902D0D021817210BD01F03B
:1071200001FA10BDC906FAD5817B8A06F7D504227B
:107130001143817300F01AFA10BD0000F0B58DB054
:10714000002705460797008920220105090D3846CA
:10715000F3F780FC04006DD02E466036307DC1060A
:10716000284620300290002906DB0221F0F79CF926
:10717000307D102108433075A87A2E462236D1285A
:1071800008D0D2281AD0D3282CD0D42835D0D5284E
:1071900052D047E008213046F0F786F92C4803AB7F
:1071A000006807AA02998030F6F7D4F8A068062193
:1071B00001731120E0802A7F03AB1CE00B20E080EC
:1071C000A0680721017307AA31460298F6F716FA5C
:1071D00007AB022205212046F3F7ECFC08223346D8
:1071E00007211CE01120E080A0680821017308A895
:1071F000F6F7D6F829E0052111E069460F7108A9D4
:1072000001A801F0D3F80820E0800921A068062237
:1072100001736946A0680979417308AB114620469D
:10722000F3F7C8FC2946204601F06AFE002801D188
:10723000DD20A8720DB0F0BD1120E080A0680A2109
:10724000017308A92846F6F799F808AB1022D2E78F
:10725000A0030020F0B599B016460D4604463C2226
:1072600000216846F3F7D3F91022294604A8F3F762
:10727000CAF9E07F464D022802D0032806D00BE071
:10728000286801696846FBF7AFFF05E0296810220E
:1072900068461C31F3F7B7F9012108A801702A6884
:1072A000117E4170207EC107C90F08A88170114668
:1072B0008031CB7AC370D27B027107224271827116
:1072C0000222C271627E0272207E8007C20F08A86D
:1072D00042720A7A8272227FC2724A7A0273897A71
:1072E00041730F30471E05463946F1F79DFC607823
:1072F0000622C107C90F08A841751630A11C1790B6
:10730000F3F781F911A807220130F91FF3F77BF990
:107310000FAC0722A01C08A9F3F775F90122601C25
:10732000E11FF3F770F9012239460FA8F3F76BF963
:107330000020694613AF0A18127C235C5A403A5465
:10734000401CC0B21028F6D3324639466846FBF7D7
:1073500017FE102200210FA8F3F759F9062229463B
:10736000A01DF3F750F906220FA81799F3F74BF970
:107370000021705C625C50407854491CC9B21029ED
:10738000F7D3324613A96846FBF7FAFD19B0F0BDF2
:10739000A8030020F0B599B016460D4604463C22DD
:1073A00000216846F3F733F91022294604A8F3F7C1
:1073B0002AF9E07F4A4D022802D0032806D00BE0CC
:1073C000286801696846FBF70FFF05E0296810226D
:1073D00068461C31F3F717F9012108A80170617E96
:1073E0004170207E8007C10F08A881702A6811466D
:1073F00080310B7AC370237F03714B7A43718B7A90
:1074000083710223C371137E0372207EC307DB0FD7
:1074100008A84372C97A8172D17BC172607F41072B
:10742000490F08A80173A07F4107490F08A84173BD
:107430001630471E05463946F1F7F6FB60780622FE
:10744000C107C90F08A881730F30A11C1790F3F76B
:10745000DAF811A809A9072201300331F3F7D3F8AC
:107460000FAC0722A01C08A9F3F7CDF8012239467A
:10747000601CF3F7C8F801220FA8F91FF3F7C3F84F
:107480000020694613AF0A18127C235C5A403A5414
:10749000401CC0B21028F6D3324639466846FBF786
:1074A0006FFD102200210FA8F3F7B1F80622A01DEE
:1074B0001799F3F7A8F8062229460FA8F3F7A3F8BF
:1074C0000020315C225C51403954401CC0B210286D
:1074D000F7D3324613A96846FBF752FD19B0F0BD49
:1074E000A80300207FB5AC218172817B05468A0705
:1074F0002A350446002A09DA102200216846F3F7EB
:1075000086F869462B460A46AD250FE0C80701D12B
:10751000480719D521464A312246E07A52320007FF
:1075200001D52B4601E023463A33AE2520890005DC
:10753000000DF2F7E9F800280BD03A2801D00C280A
:1075400000D1002004B070BDC808C000A073462060
:10755000F8E7A17BCA0703D010221143A173F125DC
:10756000C9B2C908C900A173A572EBE710B5FFF74E
:10757000B9FF10BDF8B5026841689268FD20137B21
:107580000E2B13D1CB7ADB0610D5CB7F022B0DD17E
:107590004B7E022B0AD174235B5CDB078B7A06D00F
:1075A000B22B0AD0B42B08D0B52B06D0F8BDA22B35
:1075B00003D0A42B01D0A52BF8D1088939210505CA
:1075C0000D484901006802264118C97B2D0D547BE6
:1075D000012349060ED502218F020830C0191C2252
:1075E000C06CF8F799F9010004D08D808C71304699
:1075F000F8F77EF90020F8BDA003002010B5FFF7D2
:10760000B9FF10BD10B5036841689A68FD20127B70
:107610000B2A07D0022A0ED0032A13D0042A1ED028
:10762000FC2010BD8A7A002A01D0F12AF9D118462F
:1076300000F036FA10BD8A7AA12AFBD1184600F074
:10764000F9F910BD8A7AA52A05D0A22A01D0A42A68
:10765000F7D1FF2010BD184600F000F910BD8A7A5E
:10766000A62AFBD1184600F073F910BD10B5FFF73C
:10767000C9FF10BDF8B507468068FD25007B0C46A4
:10768000012806D003285AD0042870D0FC252846AB
:10769000F8BDA07A00280AD0F12808D0FB28F6D13E
:1076A000012300220921204600F083FF65E0002627
:1076B000208900F02DFE02460021314B0846F6F7E6
:1076C0005BFC207BC14389070AD0810714D50121C7
:1076D00008432073207B0107890F012911D00BE09B
:1076E0000C210840D4D00428F4D0082825D00C2838
:1076F00000D10126002ECAD02146384600F0C2FB38
:107700003BE0FB2108400821084320731D48392134
:10771000006849014118897B022489060DD50221A0
:107720008B020830C0181722C06C0023F8F7F4F859
:10773000010002D02046F8F7DBF84320F8BDA07A1C
:10774000B5280FD0B22801D0B428A0D1C87F022814
:107750009DD10D480068007E022801D0042896D1F2
:10776000FE2594E7384600F0C5FA06E0FFE7A07A68
:10777000B6288CD1384600F0FBFA054687E70000B2
:1077800030750000A0030020A803002010B5026897
:1077900041689368FF201B7B0C2B03D00D2B14D06A
:1077A000FC2010BD8B7AA22B01D0B22BF9D174230F
:1077B0005B5CDB07CB7A05D05B06F2D4104601F0A8
:1077C0002FFA10BD9B06F9D410BD8B7AAB2B01D0DC
:1077D000BB2BF9D1104601F09BFA10BD10B5FFF795
:1077E000D5FF10BDF8B504460025FFF765FA472818
:1077F00003D0E07F022802D026E0E57F24E0154890
:107800000068007D002821D00220009020893921C5
:107810000605114849010068360D4118897B01238E
:1078200049070DD502218F020830C0191422C06CFF
:10783000F8F772F8010003D08E800098F8F758F836
:10784000E07EEF210840E0762846F8BDE07E10217A
:107850000843F8E7A8030020A0030020F8B5074676
:1078600008890C460105090D20220020F3F7F2F8E3
:1078700005000DD026462A36002F05D033461022AB
:1078800005213846F3F79EF8E07F022802D009E090
:107890006420F8BD2046102231466430F2F7AFFE76
:1078A000002814D01120E880A86804210173234621
:1078B0005433102205212846F3F77CF92146284647
:1078C00001F01EFB0028E4D1A621A172F8BD01231E
:1078D0002A460821204600F06CFEF8BD30B504466B
:1078E000008989B00105090D20220020F3F7B2F8C4
:1078F000050009D0E07A000709D568460590049490
:1079000004A800F02DFF08E0642009B030BD214636
:107910006A4654312046FFF79DFC1120E880A86894
:10792000032101736B46102205212846F3F742F923
:107930002146284601F0E4FA050007D1204610222E
:1079400069466430F2F75FFEA520A0722846DCE7A6
:10795000F0B50B4693B00C46643300251022052188
:107960000993F3F72FF8E07A00070BD504A80F90DE
:107970000E940EA800F01AFF0546EB2807D1002050
:1079800013B0F0BD04AA20460999FFF763FC214615
:107990002A3110220F4604A8F2F731FE002806D043
:1079A00000231A460421204600F003FE3CE0204E4E
:1079B000217F3068C07B814200D92077E07A0007C0
:1079C00003D5204600F02AFF2FE010220021684650
:1079D000F2F71DFEE07F022802D0032806D00BE05C
:1079E000306801696846FBF7FFFB05E0316810224B
:1079F00068461C31F2F707FE22460AAB543268464D
:107A00000999F5F7E1FC102200213846F2F7FFFD55
:107A1000227F0AA93846F2F7F6FDA07B022108432F
:107A2000A0732046FFF7A2FD05462846A8E7000000
:107A3000A80300207CB50C460646A425FFF722F9D2
:107A400000281BD1E07A000707D56846009601940C
:107A500000F002FF002811D1A225A07EFB214008E2
:107A60004000A076E07E0840E07621463046FFF7F1
:107A700007FB2046FFF7B6FE002808D0642805D093
:107A8000014601230022204600F093FD7CBDE17FEA
:107A9000022903D1E17EC90600D4A225A5727CBDCE
:107AA000F8B50C46897A0026A039502901D8002063
:107AB000F8BD80681D4F457B3868807D022803D162
:107AC000280701D4032024E0A07B80210843A07371
:107AD000208900F01DFC02460021154B0846F6F7F0
:107AE0004BFAA07AF12806D1680704D52089400412
:107AF000800F00D101263868E906C90E8030017375
:107B0000208900220005000D3146F5F7EDFD002823
:107B1000CED0A17B4906490EA1736428C8D0014686
:107B200001230022204600F044FDF8BDA8030020F8
:107B30003075000070B50546008920220105090D49
:107B40000020F2F787FF040018D01120E080A06821
:107B50000D2101730D481022036805212046E033F2
:107B6000F3F728F87420405DC00709D0BC262946E9
:107B7000204601F0C5F9002804D004E0642070BD5F
:107B8000AB26F4E7AE72002070BD0000A803002011
:107B9000F7B594B00D46002708A90F7204460F737D
:107BA0001022394606A8F2F732FDE07F444E022843
:107BB00009D13068694600690876020A4A76020CE3
:107BC0008A76000EC876012D0ED03068627E01469E
:107BD00080314A72227E9207D20F8A720A7ACA7262
:107BE000E17F032919D01EE03068017E80304172A8
:107BF000217EC907C90F8172E07F032813D1204677
:107C000000F034FC00280ED00EAB012200212046EB
:107C100000F04AFC10220E9902E0102201461C31AD
:107C200006A8F2F7F0FC7420025D21462046D30737
:107C300054316430002B02D0002D0AD001E0012D18
:107C400007D0D3072B4307D0D30710D0012D03D083
:107C50000DE00D910C9001E00C910D90012D08D0DC
:107C6000D00728430BD0D00701D0002D07D04727DD
:107C700022E011A80BAB0FAA0AA9009004E00FA8FC
:107C80000AAB11AA0BA90090204600F01BF808AA25
:107C9000107B0FAA169B029211A903AC0BC430688B
:107CA00008AA127A014689310192009106ABD030C0
:107CB0000C9A0D99F5F734FC384617B0F0BD00006A
:107CC000A803002070B504466030407D049E1D4628
:107CD000087013462146062276311846F2F793FCC7
:107CE00060780622C007C00F2870A11C3046F2F74A
:107CF0008AFC70BD70B5064608890C4601058AB03D
:107D0000090D20220020F2F7A5FE050012D0002E5A
:107D100006D023462A33102205213046F2F752FEC0
:107D2000E07A000709D505A80290019401A800F0A7
:107D3000CBFD08E064200AB070BD214605AA64317D
:107D40002046FFF727FB1120E880A8680321017374
:107D500005AB102205212846F2F72CFF21462846C4
:107D600001F0CEF80028E6D1B621A172E3E70000C9
:107D7000F0B5064693B00020059008890C46010531
:107D8000090D20220020F2F765FE050019D02346D8
:107D900054331022052130460293F2F713FEE07AA5
:107DA000010720462A30019000290DDA0FA808901B
:107DB00005A8099006A80A90079407A800F0D6FD28
:107DC00010E0642013B0F0BD0FAA20460299FFF71F
:107DD000E1FA10220FA80199F2F711FC0590BC20DE
:107DE00069460876264605986436254F002809D04E
:107DF00001232A460421204600F0DBFB05980028D9
:107E00001BD03AE01120E880A868042101733346B2
:107E1000102205212846F2F7CDFE2146284601F022
:107E20006FF80028EAD16846007EA0723868217F8A
:107E3000C07B8142E2D92077E0E7E07A00071CD4DA
:107E4000102200210BA8F2F7E2FBE07F022802D00B
:107E5000032806D00BE0386801690BA8FBF7C4F9CA
:107E600005E0396810220BA81C31F2F7CCFB314633
:107E70000BA8019B029AF5F7A7FA0020A2E70000E1
:107E8000A8030020F3B55D4E00253068B427807E3E
:107E900083B0C0430C4680070ED020892022010504
:107EA000090D0020F2F7D6FD0290002807D0A17A34
:107EB0000020F12905D032E0082005B0F0BD642093
:107EC000FBE7E17E2F221140E1763168237FC97BF9
:107ED0008B4204D0039A9268127C8A4207D8039A94
:107EE00092689446127C9A4203D08A4201D8607705
:107EF00015E0617F8A0600D50225490601D50421D7
:107F00000D436146497CA94203D001221543A94291
:107F100002D16077A07702E0204600F099F8B02007
:107F2000A0723168887EC243920701D0401C8876D7
:107F30000398FEF7A7FE039900288968CD7B4BD1F3
:107F40003068817D022903D12A0701D4032043E050
:107F50004A081143CA07C37D417BD20F007BFEF75D
:107F600068FE0646354018200540E572280705D50D
:107F7000204600F053FD00282ED1B227204600F005
:107F800075FAF00700D00220A0767007C00FE076E7
:107F900021460398FFF774F82046FFF723FC0028DA
:107FA0001AD1E07F022803D1E07EC00600D4B227B8
:107FB000A07F617F40074907400F490F0091019062
:107FC000227E334602210298FEF740FE21460298A7
:107FD00000F096FF002806D0014601232046029AB1
:107FE00000F0E7FA69E72189072212039143218112
:107FF000024909688031CE72A7725EE7A8030020AB
:1080000010B5124C2022216808463C309031F2F71E
:10801000F6FA002803D100F0B5FD002809D0206849
:108020009022817E114202D18906890F03D0382027
:1080300010BD1F2010BD9030FAF7A8FF0028F9D11D
:10804000216810238A7E1A438A7610BDA803002077
:1080500030B50446A17E0020A5B0CA0779D08907B3
:1080600077D55022002110A8F2F7D1FAFC2110A8F0
:108070000170417860780622C007C00F014310A844
:108080004170A11C3E30F2F7BEFA217F10A8C170EA
:10809000607F404DC0066D4419D520464030827C3B
:1080A00010A90A71C07C4871214611A808224A31E2
:1080B0000230F2F7A8FA214610223A312846F2F7A8
:1080C000A2FA10A948788021084310A94870E07AE4
:1080D000010707D510A98870214610222A312846A9
:1080E000F2F791FAA07F052108420BD02146022227
:1080F000203121A8F2F787FA10A948781021084307
:1081000010A94870607F80060CD5214617A8102260
:1081100054310230F2F777FA10A948782021084349
:1081200010A94870607F40060CD521461BA810227C
:1081300064310230F2F767FA10A948784021084309
:1081400010A948702089810404D510A9487802211B
:1081500005E01DE0400405D510A948780421084336
:1081600010A948702089000405D510A94878082175
:10817000084310A94870206922906069239040222A
:1081800014A96846E9F7D6F910AD0FCDF4F75EFEF5
:1081900025B030BD4E0000007CB50C468168054618
:1081A000087B0026821F042A7BD8A27AD02A01D01D
:1081B00047207CBD062808D0072809D008281DD0F4
:1081C000092826D00A2852D06CE023463A331AE018
:1081D0004A7B214640318A74A8682346807BC87454
:1081E0004A33082207212846F2F7ECFB607F102172
:1081F000084360774007800F47D053E0607F8007D7
:1082000050D523465433102205212846F2F7DAFBD5
:1082100048E0607F800745D500200090062301904C
:108220001A4669462846F2F76BFC00281BD0A8685E
:108230000622407B6070A31C11462846F2F7C2FB61
:10824000607801280BD1E0798009032807D0012349
:1082500000220821204600F0ACF9064622E0607FAB
:10826000202108436077607F40070ED51AE0607FC9
:10827000400717D523466433102205212846F2F71C
:10828000A1FB607F4021084360777420005DC00738
:10829000204603D000F046F904E002E000F0CAF8FE
:1082A00000E0452630467CBD7CB50546C87A0C46C4
:1082B000000706D5684600950194FFF78FFAFC2861
:1082C00022D17420005DC00704D021462846FFF764
:1082D000D1F904E0684600950194FFF7C7F9FC283E
:1082E00012D121462846FFF757FF452803D04728DB
:1082F0000BD0FC2808D1E17AFD20090704D5684697
:1083000000950194FFF77AF97CBDFD207CBD00004B
:1083100030B502460D480068A030007B002A0146B7
:1083200012D00B4C130500201B0D22680AE07C24A0
:108330004443D56F08342C5B2405240D9C4203D0A4
:10834000401CC0B28142F2D830BD0000A003002022
:10835000A8030020F8B50C4E05463068F8F78AF8F7
:108360002F0504463F0D0CE0A0882568B84207D1D0
:1083700021463068F8F7CBF801212046F2F7C6FB1A
:108380002C46002CF0D1F8BDA803002010B50B46F8
:10839000417F490607D50146102264311846F2F79D
:1083A00032F9002010BD412010BD0000024610B57A
:1083B0000B4800240068407D1070002804D001287C
:1083C0000AD01F24204610BD084606490622096827
:1083D0007831F2F718F9F5E70846EFF731F8F1E7E9
:1083E000A8030020A003002030B5104A0020136825
:1083F0000F4A01461268A032147B13E07C22DD6F25
:108400004A43AA187425AD5CED07957A06D0B02DC5
:1084100006D3EAB2F02A03D8012030BDA02DF8D24D
:10842000491CC9B28C42E9D830BD0000A803002025
:10843000A0030020C17A0A07817F03D4CA0701D0B4
:10844000D12102E08A0702D5D32181727047490702
:1084500001D5D521F9E77421095CC90704D0417F12
:10846000490701D0D021F0E7F021EEE770B50446CE
:108470000C4862780068D207803040680025417857
:10848000D20F801C8A420AD10622A11CF2F7B7F84B
:10849000002804D1207E0121084320760D4628467D
:1084A00070BD0000A803002070B500241D461646CC
:1084B000002804D0FFF7DAFF002802D003E00029EB
:1084C00001D042240BE00948002E0AD0012E08D02A
:1084D000022EF6D1006880304068183028602046AF
:1084E00070BD0068803040680830F7E7A8030020BE
:1084F00070B51C461546002908D1008920220105C7
:10850000090D0020F2F7A6FA010009D00220C88068
:1085100088680573886844730620EFF753FC70BDC4
:10852000642070BD7CB50446008905052D0DFFF75C
:10853000EFFE0246174B00210120F5F71DFD2046F6
:10854000FFF786FDE07F0026032807D11248282286
:108550000068002180304068F2F759F82046042274
:1085600000210C30F2F753F868460094067100F0D1
:10857000E3FCF120A07200231A4629460220F7F7F7
:108580001DFB2089010404D50105090D0220F7F720
:1085900023FA7CBD30750000A803002010B50A4600
:1085A000897AFB2904D08068417B104600F016F8D8
:1085B00010BDF8B51D4614460E460B46074605226B
:1085C0002146FFF795FF0446642801D1012D03D110
:1085D0003146384600F002F82046F8BD7CB5044626
:1085E0000D460089FFF794FE0246144B002101203E
:1085F000F5F7C2FC20890005000DFFF7ABFE022055
:10860000694600940871684600F096FC20460422F2
:1086100000210C30F1F7FBFFE07E2F210840E076CF
:10862000204600F00DF8FB20A072208902220105EF
:10863000090D2B461046F7F7C1FA7CBD30750000D6
:10864000F8B5002406460127344D0CE0803001685F
:10865000E000801C08180622B11CF1F7D0FF0028AA
:1086600021D0641CE4B22868417EA142EED8417E4C
:1086700003293FD0491C41762868E7008030016813
:10868000B81C08180622B11CF1F7BDFF296880202C
:1086900080310968641C224BC855E2B201210020D8
:1086A000F5F76AFCF8BD2868E10080300268802395
:1086B000505C184350542A6880321268830705D5ED
:1086C000184EC30712D1384350540FE0C3070AD0E5
:1086D0000223184350542A68400880321268400030
:1086E0005054114E02E03843104E5054641CE2B214
:1086F0003346D3E7002480300068E100415C49063E
:10870000BAD4641CE4B2032CF7D3012100243A4606
:1087100033460846F5F730FCAEE70000A80300201A
:1087200088130000580F0200C8AF0000983A0000FC
:1087300038B514C8D07F02280FD10848D17B006813
:10874000491E03690094CB40DB070146DB0F9031E3
:108750003C3054328033F4F74AFE38BDA803002081
:1087600010B5FFF7E5FF10BD38B514C8D17F002361
:10877000032904D00C480229006804D00AE0AA208A
:108780009072EB2038BDD17B0369491ECB40DB07DB
:10879000DB0F803301463C31903064320094F4F7B3
:1087A00026FE002038BD0000A803002010B5FFF70A
:1087B000DBFF10BD1CB50446C07F042806D0AA21EB
:1087C000022820D0012800D1A1721CBD01A8009070
:1087D00010482346006822460146643354329031E3
:1087E0003C30F4F7DFFEB920A07201A8FDF790F944
:1087F0000949E8F775FE20890A460105090D02209E
:10880000F7F7ACF91CBDE07B1428DDD2A420A072E0
:108810001CBD0000A803002040420F0010B5FFF768
:10882000C9FF10BD10B50B4A016812688968927DB6
:108830004068C97B022A03D10A0701D4032010BD76
:108840001823C27ADB4319430A40C27200F0E6F8EB
:1088500010BD0000A803002010B5FFF7E3FF10BD16
:1088600010B5C17F012908D0042906D0022907D0FC
:10887000032901D100F08EF910BDA521817210BD30
:10888000C17B491CC173FFF729F810BD10B5FFF774
:10889000E7FF10BD38B514C80A48D17F002300682F
:1088A000022906D1D17B0369491ECB40DB07DB0FD0
:1088B0008033014690313C3064320094F4F797FDE8
:1088C00038BD0000A803002010B5FFF7E3FF10BD7E
:1088D000FEB50468416802918668C568BA202870B0
:1088E00000203060E17F1F4804291ED002291BD1DF
:1088F0000068E77B01697A1ED140CB07029900919D
:108900000146DB0F224654323C3190308033F4F77D
:108910006EFD214610222A310298F1F770FE306078
:10892000142F01D2B4202870FEBD01A90091006867
:10893000234601462246643354323C319030F4F7EA
:1089400031FEB920287001A8FDF7E2F80649E8F7E2
:10895000C7FD20890A460105090D0220F7F7FEF838
:10896000FEBD0000A803002040420F0010B5FFF735
:10897000AFFF10BD10B5C17F012908D0042906D072
:10898000022909D0032901D100F004F910BD0146E4
:108990000020FFF7AFF910BDC17B491CC173B521A1
:1089A000817210BD10B5FFF7E5FF10BD10B50A4C80
:1089B0002068807E41060DD5902108420AD1FAF741
:1089C00033FB002806D12168BF22887E1040802218
:1089D0001043887610BD0000A803002010B5FFF7F3
:1089E000E5FF10BD30B50446C07A0025000710D55C
:1089F000208900F0A7F8002801D0082509E0E07AD6
:108A000001210843E072044804220068817E11437A
:108A10008176284630BD0000A803002010B5FFF77E
:108A2000E1FF10BD10B50648F9230068DB002022E5
:108A30000249C018F1F7E7FD10BD00002D950510A3
:108A4000A003002070B51A4C02782368411C987E60
:108A5000C00626D5002A05D0164800210068A0309F
:108A6000027B21E018462022D030F1F7CCFD2068AF
:108A70002022817E114313E07C20DD6F48432818BB
:108A800010D00589002D0DD0C57A2D060AD50123F9
:108A900000220B21FFF78DFD2068CF22817E11403F
:108AA000817670BD491CC9B28A42E5D870BD00000C
:108AB000A8030020A003002010B5FFF7C3FF10BDDE
:108AC00070B50D4D0178441C2868827E5206520E06
:108AD0008276002902D000F0A7F970BD00F052F8AC
:108AE000002802D0FFF79EFF70BD28684022214673
:108AF0003C30F1F788FD70BDA803002010B5FFF7EA
:108B0000DFFF10BD10B5012813D10A4C08222068E0
:108B1000817E11438176202207493C30F1F773FDB5
:108B200005492068202220315C30F1F76CFDFFF709
:108B300079FF10BDA8030020ED94051010B5FFF7D4
:108B4000E1FF10BD70B50D4A054613680C4A0020C0
:108B500012680146A032147B0DE07C22DE6F4A438E
:108B6000B218D67AF60704D01289AA4201D00120A1
:108B700070BD491CC9B28C42EFD870BDA80300205B
:108B8000A003002002480068807E0007C00F7047E5
:108B9000A803002070B588B004460025FFF766FCE6
:108BA0001E4E012823D105AB012200212046FFF7EC
:108BB0007BFC06AB022200212046FFF775FC01A8D2
:108BC0000090316800239031059A0846F4F70FFCB5
:108BD000102201A90698F1F712FD002807D0042100
:108BE000012300222046FFF7E4FC054610E0207E2A
:108BF000C10707D0800705D43068102200211C303F
:108C0000F1F705FD7420005DC00704D0B620A07206
:108C1000284608B070BDA920F9E70000A80300208D
:108C200070B51E4E0D463368997E090601D53A246B
:108C300032E0402205219033F1F7C4FEFFF7E0F95E
:108C4000040004D0122C1CD01F2C1ED024E0E87A83
:108C5000C0210843E8723068114920229030F1F7B2
:108C6000CEFC002818D10E49306820312022B030C7
:108C7000F1F7C5FC00280FD1E87A04210843E87217
:108C80000AE0012300220B2102E001230022082137
:108C90002846FFF78EFC0024204670BDA803002064
:108CA000ED94051070B50646008941250105090DB2
:108CB00020220020F1F7CEFE040025D0002145221D
:108CC000A068F1F741FF05001ED14120E080A068B7
:108CD0000C2101730D4840220368052120463C33D6
:108CE000F1F768FF3146204600F00AF905000BD184
:108CF000F07A20210843F072FFF744FF002803D0E8
:108D0000F07A04210843F072284670BDA8030020C1
:108D100030B589B00C466B4610220521F1F752FEA2
:108D200004AA00212046FEF733FF050006D11022D9
:108D300004A96846F1F763FC002806D0012300224D
:108D40000B212046FFF735FC17E07420005DC007BB
:108D500003D02046FEF7EEFE10E0207F10210A1A15
:108D600021462A3140180021F1F751FCA07B022155
:108D70000843A0732046FEF7F9FB0546284609B0D4
:108D800030BD0000F0B5274D0446296800208A7EDA
:108D900093B09206920F032A38D1202207A8D0312F
:108DA000F1F731FC2868CF22817E2646114081767A
:108DB0006036307D11AFC0072AD00FA805AB3A4608
:108DC00006A900902046FEF77DFF6A462968127EBC
:108DD0002046D0312A30039104900FA86B4685C3FA
:108DE0006A46137D224621466432543107A8F4F7BF
:108DF00027FB2A6801212046E032FEF7C9FE002841
:108E000004D1317DC90708D0BB21A17213B0F0BDD8
:108E100006AB0FAA05A90097D4E72046FEF78AFE05
:108E2000F4E70000A803002004480068817E0A06D9
:108E300002D440221143817670470000A80300202D
:108E400070B504680579E07A00072FD52089FFF70F
:108E500079FEE17A49084900E172154C002804D1F5
:108E60002168FB238A7E1A408A762168002D05D06E
:108E7000CA7E1032CA76002804D007E0C87E401CA3
:108E8000C87603E0887ECF221040887620680321D0
:108E9000C07E05090007000FE8F722FB40190328F0
:108EA00004D3FFF7C1FF21680020C87670BD000021
:108EB000A803002010B5FFF7C3FF10BD70B50F4D1C
:108EC000064600242868062280300168E000801CE5
:108ED00008183146F1F793FB002805D0641CE4B272
:108EE000032CEFD3412070BD2868E100803000687A
:108EF000405C0006F6D5002070BD0000A8030020ED
:108F000070B50D46064601460620EEF75BFF0400ED
:108F100005D000213046F1F7F9FD204670BD2889C3
:108F2000FFF7F6F902460021024B0846F5F724F850
:108F3000F3E700003075000010B501686031097D6D
:108F4000CA070168897A0DD0B02908D3F02906D85C
:108F500006490A68917E8B0701D0491E9176FFF77A
:108F6000A9FF10BDA029F1D2F9E70000A803002055
:108F7000F8B52F4F0546FD203E68C00034182D4837
:108F8000301800902C483636FCF718FE2B494A7AE8
:108F9000D2008018002D36D031784A078E463A210B
:108FA000095D520F4B075B0F94469A4206D10E079C
:108FB000360F0122B2402E4696430DD09C4521D05B
:108FC0000B0701211B0F0A469A4073461B071B0F14
:108FD00099400A43954315D10921C906096911220F
:108FE000081800020021000A616420603968D2017B
:108FF0008918896A401A00020012002802DC002049
:10900000F7F722FEF8BD48220A80110609690025FB
:10901000081800020099000A086565642060284667
:10902000F7F712FE386868304571F9F7D9FDF8BDD9
:10903000A00300205808000066020000C0000020C5
:1090400010B5F9F7D9FA10BD10B51C88A418A4B250
:109050001C8001235B029C4203D8F1F7D4FA002064
:1090600010BD412010BD0000F8B54C4D4C4928689A
:10907000441826464036B08BFDF7EEFB2968403198
:10908000098E401880B2E16CF5F7D8FC0746B07F36
:1090900000F0C4F8A16D38184118072000050143FD
:1090A00000913F4A2968363A8818363100F089F82D
:1090B000412128684901421891784B070146203127
:1090C0008E7D5B0F37093F013B4393707207520F50
:1090D0008A75334AA8313C3A801800F06DF8286848
:1090E000A16CC0300268A26401602868E16CC430E1
:1090F0000268E264016028680099CC221150D030E7
:10910000A16D0268A26501602868616DD4300268B3
:1091100062650160296820465C30D83100F042F871
:10912000296820465E30DA3100F04BF82968204685
:109130006030DB3100F045F8296820466430DC31CE
:1091400000F030F8296820466830DE3100F02AF857
:10915000296820466C30E03100F024F82968204668
:109160007030E23100F01EF8296820467430E43196
:1091700000F018F8296820467830E63100F012F83F
:10918000296820467B30E83100F01BF8296820462A
:109190008430EC3100F010F8F8BD0000A00300208E
:1091A0005808000002880B8803800A8070470288F4
:1091B0000B8803800A80704702680B6803600A60AE
:1091C000704702780B7803700A70704708B5002169
:1091D0006A461180694600F001F808BD10B50A4AD8
:1091E000830B12688004526A800C140A60435A434D
:1091F0008009101800228A5E821A10464030C00989
:10920000C3019A1A0A8010BDA0030020032802D0CF
:109210006320C0437047662070470000012801D0DA
:1092200001487047002070477A0300000B48FD2179
:109230000068C90040180A490988C36A4907028CB6
:10924000090F5A52036BC28B5A52836A428C5A528C
:10925000436A828B5A52816941607047A0030020A3
:10926000C000002070B5054616460C46C01CFCF731
:1092700039FC84210851E9797B20015528460830C2
:10928000FCF726FC40342087B07902210843B071F6
:1092900070BD70B50C460546C17860200155164674
:1092A000281DFCF715FC4034A084A81DFCF710FC19
:1092B000208528460830FCF70BFCA08528460A309C
:1092C000FCF706FC208628460C30FCF701FCA08643
:1092D000B07901210843B07170BD08B564206946BA
:1092E00008700921C9066A461078401E1070486946
:1092F000C00402D410780028F5D1107808BD000011
:10930000F8B51B4E3188044609070820090F0443AD
:10931000A1422CD1174D0021286881631121C90178
:1093200040180921C906806A0969471A6420FCF7B8
:1093300045FC717AC90040182968896A4018381AB2
:1093400000020121000AC905884202D20020F7F775
:109350007BFC0949286832881207120FA24206D105
:10936000826B8A4203D2826B521C8263F3E7F8BDA0
:10937000C0000020A003002000710200F8B51B4EC1
:109380003188044609070820090F0443A1422CD163
:10939000174D0021286881631121C9014018092156
:1093A000C906806A0969471A6420FCF707FC717ACC
:1093B000C90040182968896A4018381A000201213A
:1093C000000AC905884202D20020F7F73DFC09498E
:1093D000286832881207120FA24206D1826B8A4295
:1093E00003D2826B521C8263F3E7F8BDC0000020F9
:1093F000A003002000710200F8B51B4E318804461E
:1094000009070820090F0443A1422CD1174D002160
:10941000286881631121C90140180921C906806AA1
:109420000969471A6420FCF7C9FB717AC900401822
:109430002968896A4018381A00020121000AC90502
:10944000884202D20020F7F7FFFB094928683288DA
:109450001207120FA24206D1826B8A4203D2826B9C
:10946000521C8263F3E7F8BDC0000020A003002077
:10947000007102000001000001000000000800006F
:109480000100000000F007100004000000040000CC
:1094900000F80710200A0020A420000009000200A4
:1094A00036000100000C170024080020FFFFFFFF1A
:1094B00064000300480100000C0802170D010102BE
:1094C00009090101060209FFFFFFFFFF0909FFFF6C
:1094D000FFFF00000101020102010002010002027F
:1094E00002010201010101010200020100E69D35B5
:1094F0000E480103CCDBFDF4AC1191F4EFB9A5F9F2
:10950000E9A7832C5E2CBE97F2D203B0208BD289C0
:1095100015D08E1C742430ED8FC24563765C1552D5
:109520005ABF9A32636DEB2A65499C80DCBD1A3CB8
:10953000CDA6B8995899B740EB7B60FF4A503F10D1
:10954000D2E3B3C974385FC5A3D4F6493F00000025
:109550005D1C0510811C0510A51C0510ED1C0510D7
:10956000291E0510C91C0510611D0510511E05108E
:10957000011E0510B51D0510911D0510591C051083
:10958000B11E0510311D0510791E05109D1B05101B
:10959000A51E0510D91E05105119051091190510A9
:1095A000B5190510D1180510FD190510F118051091
:1095B0000D190510D5190510B11805106D190510F4
:1095C0002D190510111C0510351C0510DD1B05108B
:1095D000C51B05108B1B0510191A0510211B051042
:1095E000151705107D170510591705101D180510C2
:1095F00069180510D117051045180510F517051045
:109600008D180510A517051039170510951A0510A6
:10961000BD1A0510FD1A05106D1A0510451A051022
:10962000791B0510E51A0510511B0510411B05108B
:109630006B1B0510611B05105932051019320510FE
:10964000AD320510D3320510ED320510253305106B
:10965000B9330510073305104B330510C53305101A
:109660009F330510793305105B33051096C298D8E7
:109670004539A1F4A033EB2D817D0377F240A4633B
:10968000E5E6BCF847422CE1F2D1176BF551BF3744
:109690006840B6CBCE5E316B5733CE2B169E0F7C17
:1096A0004AEBE78E9B7F1AFEE242E34F0D02070171
:1096B0009E0069004F003500200015006C888391E2
:1096C000AAF5A53860370BDB5A6083BEFB349B5F7D
:1096D000800000800010000000000000637C777BA9
:1096E000F26B6FC53001672BFED7AB76CA82C97D9E
:1096F000FA5947F0ADD4A2AF9CA472C0B7FD93262F
:10970000363FF7CC34A5E5F171D8311504C723C332
:109710001896059A071280E2EB27B27509832C1A76
:109720001B6E5AA0523BD6B329E32F8453D100EDD0
:1097300020FCB15B6ACBBE394A4C58CFD0EFAAFBB4
:10974000434D338545F9027F503C9FA851A3408F7C
:10975000929D38F5BCB6DA2110FFF3D2CD0C13EC94
:109760005F974417C4A77E3D645D197360814FDC29
:10977000222A908846EEB814DE5E0BDBE0323A0A0D
:109780004906245CC2D3AC629195E479E7C8376D91
:109790008DD54EA96C56F4EA657AAE08BA78252EB6
:1097A0001CA6B4C6E8DD741F4BBD8B8A703EB5663F
:1097B0004803F60E613557B986C11D9EE1F8981130
:1097C00069D98E949B1E87E9CE5528DF8CA1890D1F
:1097D000BFE6426841992D0FB054BB16000000014E
:1097E000000000020000000400000008000000105B
:1097F0000000002000000040000000800000001B6E
:10980000000000360A0A2A2A2A2A2A2A2A2A2A2A6A
:109810002A2A2A2A2A2A2A2A2A2046524545204626
:10982000414C4C20444554454354494F4E202A2A2C
:109830002A2A2A2A2A2A2A2A2A2A2A2A2A2A2A2A88
:109840002A2A2A2A2A0D0A0A000000004572726F8D
:109850007220696E206E6F74696669636174696FE6
:109860006E2064617461206C656E67746820726537
:1098700063656976656420657870656374656420E6
:109880003620696E73746561642069732025640DE8
:109890000A0000000D0A2A2A2A2A4D617374657293
:1098A0005F4765745072696D61727953657276694C
:1098B000636528292070726F636564757265206620
:1098C00061696C732077697468207374617475734F
:1098D000203078253032780D0A0000004572726F12
:1098E0007220647572696E6720746865204D6173BB
:1098F0007465725F526561645F56616C7565282995
:109900002066756E6374696F6E2063616C6C207283
:10991000657475726E6564207374617475733D301F
:1099200078253032780D0A00C8990510080000200B
:1099300004000000D8F00410CC9905100C000020A1
:1099400004000000D8F00410D09905101000002089
:1099500004000000D8F00410D49905101400002071
:1099600004000000D8F00410D89905101800002059
:1099700004000000D8F00410DC9905101C00002041
:1099800008000000D8F00410E49905103000002011
:1099900004000000D8F00410E8990510C000002071
:1099A0000C0200008E160410F0990510CC02002065
:1099B000E4000000D8F00410D49A0510B003002091
:1099C00070060000E8F00410000000000000000035
:1099D0000000041000000000000000000000000073
:1099E000000000000000000001FF01FFE100000096
:1099F0000000000000000000000000000000000067
:109A00000000000000000000000000000000000056
:109A10000000000000000000000000000018011815
:109A200000000000000000001BC5D5A50200B49A8C
:109A3000E1113ACF806E36021BC5D5A50200D08257
:109A4000E21177E4401A82421BC5D5A50200FC8FC3
:109A5000E1114ACFA0783EE21BC5D5A5020036AC85
:109A6000E1114BCF801B0A341BC5D5A50200E3A929
:109A7000E21177E420552EA3000000000000000052
:109A800000000000000000000000000000000000D6
:109A900000000000000000000000000000000000C6
:109AA000A55A0510BD340510693F0510A55A0510CB
:109AB000A55A0510A55A05103D5A0510055A05105E
:109AC0000000000000000000000000000000000096
:049AD000DC0900208D
:040000051004016181
:00000001FF
